2026-09-14 21:35:36,264 INFO HTTP Request: POST https://vps.lpzproxy.xyz/v1/chat/completions "HTTP/1.1 200 OK"
2026-09-14 21:35:38,011 INFO HTTP Request: POST https://vps.lpzproxy.xyz/v1/chat/completions "HTTP/1.1 200 OK"
2026-09-14 21:35:38,851 INFO HTTP Request: POST https://vps.lpzproxy.xyz/v1/chat/completions "HTTP/1.1 200 OK"
2026-09-14 21:35:50,803 INFO HTTP Request: POST https://vps.lpzproxy.xyz/v1/chat/completions "HTTP/1.1 200 OK"
2026-09-14 21:36:01,108 INFO HTTP Request: POST https://vps.lpzproxy.xyz/v1/chat/completions "HTTP/1.1 200 OK"
2026-09-14 21:36:01,723 INFO HTTP Request: POST https://vps.lpzproxy.xyz/v1/chat/completions "HTTP/1.1 200 OK"
2026-09-14 21:36:04,704 INFO HTTP Request: POST https://vps.lpzproxy.xyz/v1/chat/completions "HTTP/1.1 200 OK"
2026-09-14 21:36:07,031 INFO HTTP Request: POST https://vps.lpzproxy.xyz/v1/chat/completions "HTTP/1.1 200 OK"
2026-09-14 21:36:11,718 INFO HTTP Request: POST https://vps.lpzproxy.xyz/v1/chat/completions "HTTP/1.1 200 OK"
2026-09-14 21:36:13,801 INFO HTTP Request: POST https://vps.lpzproxy.xyz/v1/chat/completions "HTTP/1.1 200 OK"
2026-09-14 21:36:18,911 INFO HTTP Request: POST https://vps.lpzproxy.xyz/v1/chat/completions "HTTP/1.1 200 OK"
2026-09-14 21:36:19,719 INFO HTTP Request: POST https://vps.lpzproxy.xyz/v1/chat/completions "HTTP/1.1 200 OK"
2026-09-14 21:36:20,534 INFO HTTP Request: POST https://vps.lpzproxy.xyz/v1/chat/completions "HTTP/1.1 200 OK"
2026-09-14 21:36:21,542 INFO HTTP Request: POST https://vps.lpzproxy.xyz/v1/chat/completions "HTTP/1.1 200 OK"
2026-09-14 21:36:24,981 INFO HTTP Request: POST https://vps.lpzproxy.xyz/v1/chat/completions "HTTP/1.1 200 OK"
2026-09-14 21:36:25,614 INFO HTTP Request: POST https://vps.lpzproxy.xyz/v1/chat/completions "HTTP/1.1 200 OK"
2026-09-14 21:36:27,734 INFO HTTP Request: POST https://vps.lpzproxy.xyz/v1/chat/completions "HTTP/1.1 200 OK"
2026-09-14 21:36:28,943 INFO HTTP Request: POST https://vps.lpzproxy.xyz/v1/chat/completions "HTTP/1.1 200 OK"
2026-09-14 21:36:29,727 INFO HTTP Request: POST https://vps.lpzproxy.xyz/v1/chat/completions "HTTP/1.1 200 OK"
2026-09-14 21:36:30,317 INFO HTTP Request: POST https://vps.lpzproxy.xyz/v1/chat/completions "HTTP/1.1 200 OK"
2026-09-14 21:36:30,408 INFO HTTP Request: POST https://vps.lpzproxy.xyz/v1/chat/completions "HTTP/1.1 200 OK"
2026-09-14 21:36:33,350 INFO HTTP Request: POST https://vps.lpzproxy.xyz/v1/chat/completions "HTTP/1.1 200 OK"
2026-09-14 21:36:35,250 INFO HTTP Request: POST https://vps.lpzproxy.xyz/v1/chat/completions "HTTP/1.1 200 OK"
2026-09-14 21:36:36,395 INFO HTTP Request: POST https://vps.lpzproxy.xyz/v1/chat/completions "HTTP/1.1 200 OK"
2026-09-14 21:36:37,244 INFO HTTP Request: POST https://vps.lpzproxy.xyz/v1/chat/completions "HTTP/1.1 200 OK"
2026-09-14 21:36:39,861 INFO HTTP Request: POST https://vps.lpzproxy.xyz/v1/chat/completions "HTTP/1.1 200 OK"
2026-09-14 21:36:40,059 INFO HTTP Request: POST https://vps.lpzproxy.xyz/v1/chat/completions "HTTP/1.1 200 OK"
2026-09-14 21:36:47,173 INFO HTTP Request: POST https://vps.lpzproxy.xyz/v1/chat/completions "HTTP/1.1 200 OK"
2026-09-14 21:36:48,564 INFO HTTP Request: POST https://vps.lpzproxy.xyz/v1/chat/completions "HTTP/1.1 200 OK"
2026-09-14 21:36:48,565 INFO HTTP Request: POST https://vps.lpzproxy.xyz/v1/chat/completions "HTTP/1.1 200 OK"
2026-09-14 21:36:49,343 INFO HTTP Request: POST https://vps.lpzproxy.xyz/v1/chat/completions "HTTP/1.1 200 OK"
2026-09-14 21:36:51,633 INFO HTTP Request: POST https://vps.lpzproxy.xyz/v1/chat/completions "HTTP/1.1 200 OK"
2026-09-14 21:36:52,779 INFO HTTP Request: POST https://vps.lpzproxy.xyz/v1/chat/completions "HTTP/1.1 200 OK"
2026-09-14 21:36:53,301 INFO HTTP Request: POST https://vps.lpzproxy.xyz/v1/chat/completions "HTTP/1.1 200 OK"
2026-09-14 21:36:55,558 INFO HTTP Request: POST https://vps.lpzproxy.xyz/v1/chat/completions "HTTP/1.1 200 OK"
2026-09-14 21:36:57,617 INFO HTTP Request: POST https://vps.lpzproxy.xyz/v1/chat/completions "HTTP/1.1 200 OK"
2026-09-14 21:36:59,136 INFO HTTP Request: POST https://vps.lpzproxy.xyz/v1/chat/completions "HTTP/1.1 200 OK"
2026-09-14 21:37:02,226 INFO HTTP Request: POST https://vps.lpzproxy.xyz/v1/chat/completions "HTTP/1.1 200 OK"
2026-09-14 21:37:05,411 INFO HTTP Request: POST https://vps.lpzproxy.xyz/v1/chat/completions "HTTP/1.1 200 OK"
2026-09-14 21:37:06,071 INFO HTTP Request: POST https://vps.lpzproxy.xyz/v1/chat/completions "HTTP/1.1 200 OK"
2026-09-14 21:37:07,870 INFO HTTP Request: POST https://vps.lpzproxy.xyz/v1/chat/completions "HTTP/1.1 200 OK"
2026-09-14 21:37:09,905 INFO HTTP Request: POST https://vps.lpzproxy.xyz/v1/chat/completions "HTTP/1.1 200 OK"
2026-09-14 21:37:10,037 INFO HTTP Request: POST https://vps.lpzproxy.xyz/v1/chat/completions "HTTP/1.1 200 OK"
2026-09-14 21:37:11,023 INFO HTTP Request: POST https://vps.lpzproxy.xyz/v1/chat/completions "HTTP/1.1 200 OK"
2026-09-14 21:37:11,122 INFO HTTP Request: POST https://vps.lpzproxy.xyz/v1/chat/completions "HTTP/1.1 200 OK"
2026-09-14 21:37:13,044 INFO HTTP Request: POST https://vps.lpzproxy.xyz/v1/chat/completions "HTTP/1.1 200 OK"
2026-09-14 21:37:14,513 INFO HTTP Request: POST https://vps.lpzproxy.xyz/v1/chat/completions "HTTP/1.1 200 OK"
2026-09-14 21:37:17,893 INFO HTTP Request: POST https://vps.lpzproxy.xyz/v1/chat/completions "HTTP/1.1 200 OK"
2026-09-14 21:37:18,978 INFO HTTP Request: POST https://vps.lpzproxy.xyz/v1/chat/completions "HTTP/1.1 200 OK"
2026-09-14 21:37:19,571 INFO HTTP Request: POST https://vps.lpzproxy.xyz/v1/chat/completions "HTTP/1.1 200 OK"
2026-09-14 21:37:19,928 INFO HTTP Request: POST https://vps.lpzproxy.xyz/v1/chat/completions "HTTP/1.1 200 OK"
2026-09-14 21:37:20,983 INFO HTTP Request: POST https://vps.lpzproxy.xyz/v1/chat/completions "HTTP/1.1 200 OK"
2026-09-14 21:37:21,257 INFO HTTP Request: POST https://vps.lpzproxy.xyz/v1/chat/completions "HTTP/1.1 200 OK"
2026-09-14 21:37:23,422 INFO HTTP Request: POST https://vps.lpzproxy.xyz/v1/chat/completions "HTTP/1.1 200 OK"
2026-09-14 21:37:24,240 INFO HTTP Request: POST https://vps.lpzproxy.xyz/v1/chat/completions "HTTP/1.1 200 OK"
2026-09-14 21:37:28,873 INFO HTTP Request: POST https://vps.lpzproxy.xyz/v1/chat/completions "HTTP/1.1 200 OK"
2026-09-14 21:37:31,101 INFO HTTP Request: POST https://vps.lpzproxy.xyz/v1/chat/completions "HTTP/1.1 200 OK"
2026-09-14 21:37:33,298 INFO HTTP Request: POST https://vps.lpzproxy.xyz/v1/chat/completions "HTTP/1.1 200 OK"
2026-09-14 21:37:33,658 INFO HTTP Request: POST https://vps.lpzproxy.xyz/v1/chat/completions "HTTP/1.1 200 OK"
2026-09-14 21:37:34,523 INFO HTTP Request: POST https://vps.lpzproxy.xyz/v1/chat/completions "HTTP/1.1 200 OK"
2026-09-14 21:37:34,586 INFO HTTP Request: POST https://vps.lpzproxy.xyz/v1/chat/completions "HTTP/1.1 524 <none>"
2026-09-14 21:37:34,822 INFO HTTP Request: POST https://vps.lpzproxy.xyz/v1/chat/completions "HTTP/1.1 200 OK"
2026-09-14 21:37:37,811 INFO HTTP Request: POST https://vps.lpzproxy.xyz/v1/chat/completions "HTTP/1.1 200 OK"
2026-09-14 21:37:39,598 INFO HTTP Request: POST https://vps.lpzproxy.xyz/v1/chat/completions "HTTP/1.1 200 OK"
2026-09-14 21:37:39,692 INFO HTTP Request: POST https://vps.lpzproxy.xyz/v1/chat/completions "HTTP/1.1 200 OK"
2026-09-14 21:37:40,550 INFO HTTP Request: POST https://vps.lpzproxy.xyz/v1/chat/completions "HTTP/1.1 200 OK"
2026-09-14 21:37:41,901 INFO HTTP Request: POST https://vps.lpzproxy.xyz/v1/chat/completions "HTTP/1.1 200 OK"
2026-09-14 21:37:50,040 INFO HTTP Request: POST https://vps.lpzproxy.xyz/v1/chat/completions "HTTP/1.1 200 OK"
2026-09-14 21:37:50,628 INFO HTTP Request: POST https://vps.lpzproxy.xyz/v1/chat/completions "HTTP/1.1 200 OK"
2026-09-14 21:37:51,212 INFO HTTP Request: POST https://vps.lpzproxy.xyz/v1/chat/completions "HTTP/1.1 200 OK"
2026-09-14 21:37:54,487 INFO HTTP Request: POST https://vps.lpzproxy.xyz/v1/chat/completions "HTTP/1.1 200 OK"
2026-09-14 21:37:55,086 INFO HTTP Request: POST https://vps.lpzproxy.xyz/v1/chat/completions "HTTP/1.1 200 OK"
2026-09-14 21:37:56,133 INFO HTTP Request: POST https://vps.lpzproxy.xyz/v1/chat/completions "HTTP/1.1 200 OK"
2026-09-14 21:37:58,133 INFO HTTP Request: POST https://vps.lpzproxy.xyz/v1/chat/completions "HTTP/1.1 200 OK"
2026-09-14 21:38:01,207 INFO HTTP Request: POST https://vps.lpzproxy.xyz/v1/chat/completions "HTTP/1.1 200 OK"
2026-09-14 21:38:01,257 INFO HTTP Request: POST https://vps.lpzproxy.xyz/v1/chat/completions "HTTP/1.1 200 OK"
2026-09-14 21:38:03,664 INFO HTTP Request: POST https://vps.lpzproxy.xyz/v1/chat/completions "HTTP/1.1 200 OK"
2026-09-14 21:38:03,664 INFO HTTP Request: POST https://vps.lpzproxy.xyz/v1/chat/completions "HTTP/1.1 200 OK"
2026-09-14 21:38:09,270 INFO HTTP Request: POST https://vps.lpzproxy.xyz/v1/chat/completions "HTTP/1.1 200 OK"
2026-09-14 21:38:10,530 INFO HTTP Request: POST https://vps.lpzproxy.xyz/v1/chat/completions "HTTP/1.1 200 OK"
2026-09-14 21:38:11,080 INFO HTTP Request: POST https://vps.lpzproxy.xyz/v1/chat/completions "HTTP/1.1 200 OK"
2026-09-14 21:38:12,056 INFO HTTP Request: POST https://vps.lpzproxy.xyz/v1/chat/completions "HTTP/1.1 200 OK"
2026-09-14 21:38:13,187 INFO HTTP Request: POST https://vps.lpzproxy.xyz/v1/chat/completions "HTTP/1.1 200 OK"
2026-09-14 21:38:13,188 INFO HTTP Request: POST https://vps.lpzproxy.xyz/v1/chat/completions "HTTP/1.1 200 OK"
2026-09-14 21:38:13,493 INFO HTTP Request: POST https://vps.lpzproxy.xyz/v1/chat/completions "HTTP/1.1 200 OK"
2026-09-14 21:38:17,796 INFO HTTP Request: POST https://vps.lpzproxy.xyz/v1/chat/completions "HTTP/1.1 200 OK"
2026-09-14 21:38:22,478 INFO HTTP Request: POST https://vps.lpzproxy.xyz/v1/chat/completions "HTTP/1.1 200 OK"
2026-09-14 21:38:25,475 INFO HTTP Request: POST https://vps.lpzproxy.xyz/v1/chat/completions "HTTP/1.1 200 OK"
2026-09-14 21:38:26,334 INFO HTTP Request: POST https://vps.lpzproxy.xyz/v1/chat/completions "HTTP/1.1 200 OK"
2026-09-14 21:38:28,389 INFO HTTP Request: POST https://vps.lpzproxy.xyz/v1/chat/completions "HTTP/1.1 200 OK"
2026-09-14 21:38:30,539 INFO HTTP Request: POST https://vps.lpzproxy.xyz/v1/chat/completions "HTTP/1.1 200 OK"
2026-09-14 21:38:31,045 INFO HTTP Request: POST https://vps.lpzproxy.xyz/v1/chat/completions "HTTP/1.1 200 OK"
2026-09-14 21:38:35,463 INFO HTTP Request: POST https://vps.lpzproxy.xyz/v1/chat/completions "HTTP/1.1 200 OK"
2026-09-14 21:38:37,763 INFO HTTP Request: POST https://vps.lpzproxy.xyz/v1/chat/completions "HTTP/1.1 200 OK"
2026-09-14 21:38:38,359 INFO HTTP Request: POST https://vps.lpzproxy.xyz/v1/chat/completions "HTTP/1.1 200 OK"
2026-09-14 21:38:41,163 INFO HTTP Request: POST https://vps.lpzproxy.xyz/v1/chat/completions "HTTP/1.1 200 OK"
2026-09-14 21:38:41,181 INFO HTTP Request: POST https://vps.lpzproxy.xyz/v1/chat/completions "HTTP/1.1 200 OK"
2026-09-14 21:38:43,371 INFO HTTP Request: POST https://vps.lpzproxy.xyz/v1/chat/completions "HTTP/1.1 200 OK"
2026-09-14 21:38:44,236 INFO HTTP Request: POST https://vps.lpzproxy.xyz/v1/chat/completions "HTTP/1.1 200 OK"
2026-09-14 21:38:44,300 INFO HTTP Request: POST https://vps.lpzproxy.xyz/v1/chat/completions "HTTP/1.1 200 OK"
2026-09-14 21:38:46,479 INFO HTTP Request: POST https://vps.lpzproxy.xyz/v1/chat/completions "HTTP/1.1 200 OK"
2026-09-14 21:38:48,494 INFO HTTP Request: POST https://vps.lpzproxy.xyz/v1/chat/completions "HTTP/1.1 200 OK"
2026-09-14 21:38:50,541 INFO HTTP Request: POST https://vps.lpzproxy.xyz/v1/chat/completions "HTTP/1.1 200 OK"
2026-09-14 21:38:50,972 INFO HTTP Request: POST https://vps.lpzproxy.xyz/v1/chat/completions "HTTP/1.1 200 OK"
2026-09-14 21:38:53,429 INFO HTTP Request: POST https://vps.lpzproxy.xyz/v1/chat/completions "HTTP/1.1 200 OK"
2026-09-14 21:38:53,710 INFO HTTP Request: POST https://vps.lpzproxy.xyz/v1/chat/completions "HTTP/1.1 200 OK"
2026-09-14 21:38:55,187 INFO HTTP Request: POST https://vps.lpzproxy.xyz/v1/chat/completions "HTTP/1.1 200 OK"
2026-09-14 21:39:00,187 INFO HTTP Request: POST https://vps.lpzproxy.xyz/v1/chat/completions "HTTP/1.1 200 OK"
2026-09-14 21:39:01,527 INFO HTTP Request: POST https://vps.lpzproxy.xyz/v1/chat/completions "HTTP/1.1 200 OK"
2026-09-14 21:39:01,853 INFO HTTP Request: POST https://vps.lpzproxy.xyz/v1/chat/completions "HTTP/1.1 200 OK"
2026-09-14 21:39:03,566 INFO HTTP Request: POST https://vps.lpzproxy.xyz/v1/chat/completions "HTTP/1.1 200 OK"
2026-09-14 21:39:03,666 INFO HTTP Request: POST https://vps.lpzproxy.xyz/v1/chat/completions "HTTP/1.1 200 OK"
2026-09-14 21:39:09,634 INFO HTTP Request: POST https://vps.lpzproxy.xyz/v1/chat/completions "HTTP/1.1 200 OK"
2026-09-14 21:39:11,649 INFO HTTP Request: POST https://vps.lpzproxy.xyz/v1/chat/completions "HTTP/1.1 200 OK"
2026-09-14 21:39:16,241 INFO HTTP Request: POST https://vps.lpzproxy.xyz/v1/chat/completions "HTTP/1.1 200 OK"
2026-09-14 21:39:16,819 INFO HTTP Request: POST https://vps.lpzproxy.xyz/v1/chat/completions "HTTP/1.1 200 OK"
2026-09-14 21:39:22,180 INFO HTTP Request: POST https://vps.lpzproxy.xyz/v1/chat/completions "HTTP/1.1 200 OK"
2026-09-14 21:39:22,599 INFO HTTP Request: POST https://vps.lpzproxy.xyz/v1/chat/completions "HTTP/1.1 200 OK"
2026-09-14 21:39:22,994 INFO HTTP Request: POST https://vps.lpzproxy.xyz/v1/chat/completions "HTTP/1.1 200 OK"
2026-09-14 21:39:25,371 INFO HTTP Request: POST https://vps.lpzproxy.xyz/v1/chat/completions "HTTP/1.1 200 OK"
2026-09-14 21:39:26,163 INFO HTTP Request: POST https://vps.lpzproxy.xyz/v1/chat/completions "HTTP/1.1 200 OK"
2026-09-14 21:39:27,193 INFO HTTP Request: POST https://vps.lpzproxy.xyz/v1/chat/completions "HTTP/1.1 200 OK"
2026-09-14 21:39:27,979 INFO HTTP Request: POST https://vps.lpzproxy.xyz/v1/chat/completions "HTTP/1.1 200 OK"
2026-09-14 21:39:28,010 INFO HTTP Request: POST https://vps.lpzproxy.xyz/v1/chat/completions "HTTP/1.1 200 OK"
2026-09-14 21:39:33,364 INFO HTTP Request: POST https://vps.lpzproxy.xyz/v1/chat/completions "HTTP/1.1 200 OK"
2026-09-14 21:39:33,978 INFO HTTP Request: POST https://vps.lpzproxy.xyz/v1/chat/completions "HTTP/1.1 200 OK"
2026-09-14 21:39:35,318 INFO HTTP Request: POST https://vps.lpzproxy.xyz/v1/chat/completions "HTTP/1.1 200 OK"
2026-09-14 21:39:38,246 INFO HTTP Request: POST https://vps.lpzproxy.xyz/v1/chat/completions "HTTP/1.1 200 OK"
2026-09-14 21:39:38,898 INFO HTTP Request: POST https://vps.lpzproxy.xyz/v1/chat/completions "HTTP/1.1 200 OK"
2026-09-14 21:39:38,899 INFO HTTP Request: POST https://vps.lpzproxy.xyz/v1/chat/completions "HTTP/1.1 200 OK"
2026-09-14 21:39:41,351 INFO HTTP Request: POST https://vps.lpzproxy.xyz/v1/chat/completions "HTTP/1.1 200 OK"
2026-09-14 21:39:43,502 INFO HTTP Request: POST https://vps.lpzproxy.xyz/v1/chat/completions "HTTP/1.1 200 OK"
2026-09-14 21:39:44,044 INFO HTTP Request: POST https://vps.lpzproxy.xyz/v1/chat/completions "HTTP/1.1 200 OK"
2026-09-14 21:39:50,875 INFO HTTP Request: POST https://vps.lpzproxy.xyz/v1/chat/completions "HTTP/1.1 200 OK"
2026-09-14 21:39:51,887 INFO HTTP Request: POST https://vps.lpzproxy.xyz/v1/chat/completions "HTTP/1.1 200 OK"
2026-09-14 21:40:01,483 INFO HTTP Request: POST https://vps.lpzproxy.xyz/v1/chat/completions "HTTP/1.1 200 OK"
2026-09-14 21:40:05,010 INFO HTTP Request: POST https://vps.lpzproxy.xyz/v1/chat/completions "HTTP/1.1 200 OK"
2026-09-14 21:40:05,118 INFO HTTP Request: POST https://vps.lpzproxy.xyz/v1/chat/completions "HTTP/1.1 200 OK"
2026-09-14 21:40:08,708 INFO HTTP Request: POST https://vps.lpzproxy.xyz/v1/chat/completions "HTTP/1.1 200 OK"
2026-09-14 21:40:09,476 INFO HTTP Request: POST https://vps.lpzproxy.xyz/v1/chat/completions "HTTP/1.1 200 OK"
2026-09-14 21:40:10,292 INFO HTTP Request: POST https://vps.lpzproxy.xyz/v1/chat/completions "HTTP/1.1 200 OK"
2026-09-14 21:40:11,317 INFO HTTP Request: POST https://vps.lpzproxy.xyz/v1/chat/completions "HTTP/1.1 200 OK"
2026-09-14 21:40:11,474 INFO HTTP Request: POST https://vps.lpzproxy.xyz/v1/chat/completions "HTTP/1.1 200 OK"
2026-09-14 21:40:11,873 INFO HTTP Request: POST https://vps.lpzproxy.xyz/v1/chat/completions "HTTP/1.1 200 OK"
2026-09-14 21:40:13,442 INFO HTTP Request: POST https://vps.lpzproxy.xyz/v1/chat/completions "HTTP/1.1 200 OK"
2026-09-14 21:40:16,672 INFO HTTP Request: POST https://vps.lpzproxy.xyz/v1/chat/completions "HTTP/1.1 200 OK"
2026-09-14 21:40:22,840 INFO HTTP Request: POST https://vps.lpzproxy.xyz/v1/chat/completions "HTTP/1.1 200 OK"
2026-09-14 21:40:23,356 INFO HTTP Request: POST https://vps.lpzproxy.xyz/v1/chat/completions "HTTP/1.1 200 OK"
2026-09-14 21:40:23,519 INFO HTTP Request: POST https://vps.lpzproxy.xyz/v1/chat/completions "HTTP/1.1 200 OK"
2026-09-14 21:40:25,490 INFO HTTP Request: POST https://vps.lpzproxy.xyz/v1/chat/completions "HTTP/1.1 200 OK"
2026-09-14 21:40:26,097 INFO HTTP Request: POST https://vps.lpzproxy.xyz/v1/chat/completions "HTTP/1.1 200 OK"
2026-09-14 21:40:28,568 INFO HTTP Request: POST https://vps.lpzproxy.xyz/v1/chat/completions "HTTP/1.1 200 OK"
2026-09-14 21:40:30,500 INFO HTTP Request: POST https://vps.lpzproxy.xyz/v1/chat/completions "HTTP/1.1 200 OK"
2026-09-14 21:40:30,873 INFO HTTP Request: POST https://vps.lpzproxy.xyz/v1/chat/completions "HTTP/1.1 200 OK"
2026-09-14 21:40:30,970 INFO HTTP Request: POST https://vps.lpzproxy.xyz/v1/chat/completions "HTTP/1.1 200 OK"
2026-09-14 21:40:33,267 INFO HTTP Request: POST https://vps.lpzproxy.xyz/v1/chat/completions "HTTP/1.1 200 OK"
2026-09-14 21:40:33,518 INFO HTTP Request: POST https://vps.lpzproxy.xyz/v1/chat/completions "HTTP/1.1 200 OK"
2026-09-14 21:40:36,857 INFO HTTP Request: POST https://vps.lpzproxy.xyz/v1/chat/completions "HTTP/1.1 200 OK"
2026-09-14 21:40:37,933 INFO HTTP Request: POST https://vps.lpzproxy.xyz/v1/chat/completions "HTTP/1.1 200 OK"
2026-09-14 21:40:39,411 INFO HTTP Request: POST https://vps.lpzproxy.xyz/v1/chat/completions "HTTP/1.1 200 OK"
2026-09-14 21:40:41,868 INFO HTTP Request: POST https://vps.lpzproxy.xyz/v1/chat/completions "HTTP/1.1 200 OK"
2026-09-14 21:40:43,858 INFO HTTP Request: POST https://vps.lpzproxy.xyz/v1/chat/completions "HTTP/1.1 200 OK"
2026-09-14 21:40:45,704 INFO HTTP Request: POST https://vps.lpzproxy.xyz/v1/chat/completions "HTTP/1.1 200 OK"
2026-09-14 21:40:45,860 INFO HTTP Request: POST https://vps.lpzproxy.xyz/v1/chat/completions "HTTP/1.1 200 OK"
2026-09-14 21:40:47,702 INFO HTTP Request: POST https://vps.lpzproxy.xyz/v1/chat/completions "HTTP/1.1 200 OK"
2026-09-14 21:40:49,242 INFO HTTP Request: POST https://vps.lpzproxy.xyz/v1/chat/completions "HTTP/1.1 200 OK"
2026-09-14 21:40:51,358 INFO HTTP Request: POST https://vps.lpzproxy.xyz/v1/chat/completions "HTTP/1.1 200 OK"
2026-09-14 21:40:52,362 INFO HTTP Request: POST https://vps.lpzproxy.xyz/v1/chat/completions "HTTP/1.1 200 OK"
2026-09-14 21:40:52,736 INFO HTTP Request: POST https://vps.lpzproxy.xyz/v1/chat/completions "HTTP/1.1 200 OK"
2026-09-14 21:40:53,577 INFO HTTP Request: POST https://vps.lpzproxy.xyz/v1/chat/completions "HTTP/1.1 200 OK"
2026-09-14 21:40:54,567 INFO HTTP Request: POST https://vps.lpzproxy.xyz/v1/chat/completions "HTTP/1.1 200 OK"
2026-09-14 21:40:55,837 INFO HTTP Request: POST https://vps.lpzproxy.xyz/v1/chat/completions "HTTP/1.1 200 OK"
2026-09-14 21:41:03,064 INFO HTTP Request: POST https://vps.lpzproxy.xyz/v1/chat/completions "HTTP/1.1 200 OK"
2026-09-14 21:41:05,576 INFO HTTP Request: POST https://vps.lpzproxy.xyz/v1/chat/completions "HTTP/1.1 200 OK"
2026-09-14 21:41:06,538 INFO HTTP Request: POST https://vps.lpzproxy.xyz/v1/chat/completions "HTTP/1.1 200 OK"
2026-09-14 21:41:08,287 INFO HTTP Request: POST https://vps.lpzproxy.xyz/v1/chat/completions "HTTP/1.1 200 OK"
2026-09-14 21:41:08,362 INFO HTTP Request: POST https://vps.lpzproxy.xyz/v1/chat/completions "HTTP/1.1 200 OK"
2026-09-14 21:41:09,071 INFO HTTP Request: POST https://vps.lpzproxy.xyz/v1/chat/completions "HTTP/1.1 200 OK"
2026-09-14 21:41:10,288 INFO HTTP Request: POST https://vps.lpzproxy.xyz/v1/chat/completions "HTTP/1.1 200 OK"
2026-09-14 21:41:13,800 INFO HTTP Request: POST https://vps.lpzproxy.xyz/v1/chat/completions "HTTP/1.1 200 OK"
2026-09-14 21:41:14,500 INFO HTTP Request: POST https://vps.lpzproxy.xyz/v1/chat/completions "HTTP/1.1 200 OK"
2026-09-14 21:41:18,421 INFO HTTP Request: POST https://vps.lpzproxy.xyz/v1/chat/completions "HTTP/1.1 200 OK"
2026-09-14 21:41:22,131 INFO HTTP Request: POST https://vps.lpzproxy.xyz/v1/chat/completions "HTTP/1.1 200 OK"
2026-09-14 21:41:23,836 INFO HTTP Request: POST https://vps.lpzproxy.xyz/v1/chat/completions "HTTP/1.1 200 OK"
2026-09-14 21:41:24,458 INFO HTTP Request: POST https://vps.lpzproxy.xyz/v1/chat/completions "HTTP/1.1 200 OK"
2026-09-14 21:41:26,050 INFO HTTP Request: POST https://vps.lpzproxy.xyz/v1/chat/completions "HTTP/1.1 200 OK"
2026-09-14 21:41:29,747 INFO HTTP Request: POST https://vps.lpzproxy.xyz/v1/chat/completions "HTTP/1.1 200 OK"
2026-09-14 21:41:29,841 INFO HTTP Request: POST https://vps.lpzproxy.xyz/v1/chat/completions "HTTP/1.1 200 OK"
2026-09-14 21:41:30,396 INFO HTTP Request: POST https://vps.lpzproxy.xyz/v1/chat/completions "HTTP/1.1 200 OK"
2026-09-14 21:41:33,535 INFO HTTP Request: POST https://vps.lpzproxy.xyz/v1/chat/completions "HTTP/1.1 200 OK"
2026-09-14 21:41:35,310 INFO HTTP Request: POST https://vps.lpzproxy.xyz/v1/chat/completions "HTTP/1.1 200 OK"
2026-09-14 21:41:36,110 INFO HTTP Request: POST https://vps.lpzproxy.xyz/v1/chat/completions "HTTP/1.1 200 OK"
2026-09-14 21:41:36,796 INFO HTTP Request: POST https://vps.lpzproxy.xyz/v1/chat/completions "HTTP/1.1 200 OK"
2026-09-14 21:41:38,698 INFO HTTP Request: POST https://vps.lpzproxy.xyz/v1/chat/completions "HTTP/1.1 200 OK"
2026-09-14 21:41:39,949 INFO HTTP Request: POST https://vps.lpzproxy.xyz/v1/chat/completions "HTTP/1.1 200 OK"
2026-09-14 21:41:40,663 INFO HTTP Request: POST https://vps.lpzproxy.xyz/v1/chat/completions "HTTP/1.1 200 OK"
2026-09-14 21:41:47,914 INFO HTTP Request: POST https://vps.lpzproxy.xyz/v1/chat/completions "HTTP/1.1 200 OK"
2026-09-14 21:41:48,911 INFO HTTP Request: POST https://vps.lpzproxy.xyz/v1/chat/completions "HTTP/1.1 200 OK"
2026-09-14 21:41:50,047 INFO HTTP Request: POST https://vps.lpzproxy.xyz/v1/chat/completions "HTTP/1.1 200 OK"
2026-09-14 21:41:52,942 INFO HTTP Request: POST https://vps.lpzproxy.xyz/v1/chat/completions "HTTP/1.1 200 OK"
2026-09-14 21:41:53,031 INFO HTTP Request: POST https://vps.lpzproxy.xyz/v1/chat/completions "HTTP/1.1 200 OK"
2026-09-14 21:41:53,129 INFO HTTP Request: POST https://vps.lpzproxy.xyz/v1/chat/completions "HTTP/1.1 200 OK"
2026-09-14 21:41:54,860 INFO HTTP Request: POST https://vps.lpzproxy.xyz/v1/chat/completions "HTTP/1.1 200 OK"
2026-09-14 21:41:57,242 INFO HTTP Request: POST https://vps.lpzproxy.xyz/v1/chat/completions "HTTP/1.1 200 OK"
2026-09-14 21:41:58,263 INFO HTTP Request: POST https://vps.lpzproxy.xyz/v1/chat/completions "HTTP/1.1 200 OK"
2026-09-14 21:42:02,056 INFO HTTP Request: POST https://vps.lpzproxy.xyz/v1/chat/completions "HTTP/1.1 200 OK"
2026-09-14 21:42:02,483 INFO HTTP Request: POST https://vps.lpzproxy.xyz/v1/chat/completions "HTTP/1.1 200 OK"
2026-09-14 21:42:03,187 INFO HTTP Request: POST https://vps.lpzproxy.xyz/v1/chat/completions "HTTP/1.1 200 OK"
2026-09-14 21:42:03,973 INFO HTTP Request: POST https://vps.lpzproxy.xyz/v1/chat/completions "HTTP/1.1 200 OK"
2026-09-14 21:42:05,318 INFO HTTP Request: POST https://vps.lpzproxy.xyz/v1/chat/completions "HTTP/1.1 200 OK"
2026-09-14 21:42:05,319 INFO HTTP Request: POST https://vps.lpzproxy.xyz/v1/chat/completions "HTTP/1.1 200 OK"
2026-09-14 21:42:06,844 INFO HTTP Request: POST https://vps.lpzproxy.xyz/v1/chat/completions "HTTP/1.1 200 OK"
2026-09-14 21:42:08,737 INFO HTTP Request: POST https://vps.lpzproxy.xyz/v1/chat/completions "HTTP/1.1 200 OK"
2026-09-14 21:42:09,869 INFO HTTP Request: POST https://vps.lpzproxy.xyz/v1/chat/completions "HTTP/1.1 200 OK"
2026-09-14 21:42:10,679 INFO HTTP Request: POST https://vps.lpzproxy.xyz/v1/chat/completions "HTTP/1.1 200 OK"
2026-09-14 21:42:12,449 INFO HTTP Request: POST https://vps.lpzproxy.xyz/v1/chat/completions "HTTP/1.1 200 OK"
2026-09-14 21:42:16,349 INFO HTTP Request: POST https://vps.lpzproxy.xyz/v1/chat/completions "HTTP/1.1 200 OK"
2026-09-14 21:42:16,909 INFO HTTP Request: POST https://vps.lpzproxy.xyz/v1/chat/completions "HTTP/1.1 200 OK"
2026-09-14 21:42:19,449 INFO HTTP Request: POST https://vps.lpzproxy.xyz/v1/chat/completions "HTTP/1.1 200 OK"
2026-09-14 21:42:26,039 INFO HTTP Request: POST https://vps.lpzproxy.xyz/v1/chat/completions "HTTP/1.1 200 OK"
2026-09-14 21:42:27,537 INFO HTTP Request: POST https://vps.lpzproxy.xyz/v1/chat/completions "HTTP/1.1 200 OK"
2026-09-14 21:42:28,133 INFO HTTP Request: POST https://vps.lpzproxy.xyz/v1/chat/completions "HTTP/1.1 200 OK"
2026-09-14 21:42:30,817 INFO HTTP Request: POST https://vps.lpzproxy.xyz/v1/chat/completions "HTTP/1.1 200 OK"
2026-09-14 21:42:31,233 INFO HTTP Request: POST https://vps.lpzproxy.xyz/v1/chat/completions "HTTP/1.1 200 OK"
2026-09-14 21:42:31,929 INFO HTTP Request: POST https://vps.lpzproxy.xyz/v1/chat/completions "HTTP/1.1 200 OK"
2026-09-14 21:42:32,356 INFO HTTP Request: POST https://vps.lpzproxy.xyz/v1/chat/completions "HTTP/1.1 200 OK"
2026-09-14 21:42:34,920 INFO HTTP Request: POST https://vps.lpzproxy.xyz/v1/chat/completions "HTTP/1.1 200 OK"
2026-09-14 21:42:36,816 INFO HTTP Request: POST https://vps.lpzproxy.xyz/v1/chat/completions "HTTP/1.1 200 OK"
2026-09-14 21:42:36,874 INFO HTTP Request: POST https://vps.lpzproxy.xyz/v1/chat/completions "HTTP/1.1 200 OK"
2026-09-14 21:42:37,602 INFO HTTP Request: POST https://vps.lpzproxy.xyz/v1/chat/completions "HTTP/1.1 200 OK"
2026-09-14 21:42:38,194 INFO HTTP Request: POST https://vps.lpzproxy.xyz/v1/chat/completions "HTTP/1.1 200 OK"
2026-09-14 21:42:38,941 INFO HTTP Request: POST https://vps.lpzproxy.xyz/v1/chat/completions "HTTP/1.1 200 OK"
2026-09-14 21:42:39,208 INFO HTTP Request: POST https://vps.lpzproxy.xyz/v1/chat/completions "HTTP/1.1 200 OK"
2026-09-14 21:42:43,515 INFO HTTP Request: POST https://vps.lpzproxy.xyz/v1/chat/completions "HTTP/1.1 200 OK"
2026-09-14 21:42:45,308 INFO HTTP Request: POST https://vps.lpzproxy.xyz/v1/chat/completions "HTTP/1.1 200 OK"
2026-09-14 21:42:46,232 INFO HTTP Request: POST https://vps.lpzproxy.xyz/v1/chat/completions "HTTP/1.1 200 OK"
2026-09-14 21:42:46,510 INFO HTTP Request: POST https://vps.lpzproxy.xyz/v1/chat/completions "HTTP/1.1 200 OK"
2026-09-14 21:42:46,565 INFO HTTP Request: POST https://vps.lpzproxy.xyz/v1/chat/completions "HTTP/1.1 200 OK"
2026-09-14 21:42:47,389 INFO HTTP Request: POST https://vps.lpzproxy.xyz/v1/chat/completions "HTTP/1.1 200 OK"
2026-09-14 21:42:47,448 INFO HTTP Request: POST https://vps.lpzproxy.xyz/v1/chat/completions "HTTP/1.1 200 OK"
2026-09-14 21:42:52,094 INFO HTTP Request: POST https://vps.lpzproxy.xyz/v1/chat/completions "HTTP/1.1 524 <none>"
2026-09-14 21:42:52,425 INFO HTTP Request: POST https://vps.lpzproxy.xyz/v1/chat/completions "HTTP/1.1 200 OK"
2026-09-14 21:42:53,755 INFO HTTP Request: POST https://vps.lpzproxy.xyz/v1/chat/completions "HTTP/1.1 200 OK"
2026-09-14 21:42:56,063 INFO HTTP Request: POST https://vps.lpzproxy.xyz/v1/chat/completions "HTTP/1.1 200 OK"
2026-09-14 21:42:56,792 INFO HTTP Request: POST https://vps.lpzproxy.xyz/v1/chat/completions "HTTP/1.1 200 OK"
2026-09-14 21:43:01,334 INFO HTTP Request: POST https://vps.lpzproxy.xyz/v1/chat/completions "HTTP/1.1 200 OK"
2026-09-14 21:43:01,713 INFO HTTP Request: POST https://vps.lpzproxy.xyz/v1/chat/completions "HTTP/1.1 200 OK"
2026-09-14 21:43:04,098 INFO HTTP Request: POST https://vps.lpzproxy.xyz/v1/chat/completions "HTTP/1.1 200 OK"
2026-09-14 21:43:04,365 INFO HTTP Request: POST https://vps.lpzproxy.xyz/v1/chat/completions "HTTP/1.1 200 OK"
2026-09-14 21:43:08,241 INFO HTTP Request: POST https://vps.lpzproxy.xyz/v1/chat/completions "HTTP/1.1 200 OK"
2026-09-14 21:43:12,700 INFO HTTP Request: POST https://vps.lpzproxy.xyz/v1/chat/completions "HTTP/1.1 200 OK"
2026-09-14 21:43:13,423 INFO HTTP Request: POST https://vps.lpzproxy.xyz/v1/chat/completions "HTTP/1.1 200 OK"
2026-09-14 21:43:19,815 INFO HTTP Request: POST https://vps.lpzproxy.xyz/v1/chat/completions "HTTP/1.1 200 OK"
2026-09-14 21:43:19,949 INFO HTTP Request: POST https://vps.lpzproxy.xyz/v1/chat/completions "HTTP/1.1 200 OK"
2026-09-14 21:43:21,332 INFO HTTP Request: POST https://vps.lpzproxy.xyz/v1/chat/completions "HTTP/1.1 200 OK"
2026-09-14 21:43:22,837 INFO HTTP Request: POST https://vps.lpzproxy.xyz/v1/chat/completions "HTTP/1.1 200 OK"
2026-09-14 21:43:26,629 INFO HTTP Request: POST https://vps.lpzproxy.xyz/v1/chat/completions "HTTP/1.1 200 OK"
2026-09-14 21:43:26,846 INFO HTTP Request: POST https://vps.lpzproxy.xyz/v1/chat/completions "HTTP/1.1 200 OK"
2026-09-14 21:43:31,132 INFO HTTP Request: POST https://vps.lpzproxy.xyz/v1/chat/completions "HTTP/1.1 200 OK"
2026-09-14 21:43:31,813 INFO HTTP Request: POST https://vps.lpzproxy.xyz/v1/chat/completions "HTTP/1.1 200 OK"
2026-09-14 21:43:32,558 INFO HTTP Request: POST https://vps.lpzproxy.xyz/v1/chat/completions "HTTP/1.1 200 OK"
2026-09-14 21:43:33,288 INFO HTTP Request: POST https://vps.lpzproxy.xyz/v1/chat/completions "HTTP/1.1 200 OK"
2026-09-14 21:43:33,331 INFO HTTP Request: POST https://vps.lpzproxy.xyz/v1/chat/completions "HTTP/1.1 200 OK"
2026-09-14 21:43:35,947 INFO HTTP Request: POST https://vps.lpzproxy.xyz/v1/chat/completions "HTTP/1.1 200 OK"
2026-09-14 21:43:36,958 INFO HTTP Request: POST https://vps.lpzproxy.xyz/v1/chat/completions "HTTP/1.1 200 OK"
2026-09-14 21:43:37,890 INFO HTTP Request: POST https://vps.lpzproxy.xyz/v1/chat/completions "HTTP/1.1 200 OK"
2026-09-14 21:43:38,777 INFO HTTP Request: POST https://vps.lpzproxy.xyz/v1/chat/completions "HTTP/1.1 200 OK"
2026-09-14 21:43:40,065 INFO HTTP Request: POST https://vps.lpzproxy.xyz/v1/chat/completions "HTTP/1.1 200 OK"
2026-09-14 21:43:40,962 INFO HTTP Request: POST https://vps.lpzproxy.xyz/v1/chat/completions "HTTP/1.1 200 OK"
2026-09-14 21:43:41,091 INFO HTTP Request: POST https://vps.lpzproxy.xyz/v1/chat/completions "HTTP/1.1 200 OK"
2026-09-14 21:43:41,920 INFO HTTP Request: POST https://vps.lpzproxy.xyz/v1/chat/completions "HTTP/1.1 200 OK"
2026-09-14 21:43:43,044 INFO HTTP Request: POST https://vps.lpzproxy.xyz/v1/chat/completions "HTTP/1.1 200 OK"
2026-09-14 21:43:44,349 INFO HTTP Request: POST https://vps.lpzproxy.xyz/v1/chat/completions "HTTP/1.1 200 OK"
2026-09-14 21:43:47,185 INFO HTTP Request: POST https://vps.lpzproxy.xyz/v1/chat/completions "HTTP/1.1 200 OK"
2026-09-14 21:43:48,216 INFO HTTP Request: POST https://vps.lpzproxy.xyz/v1/chat/completions "HTTP/1.1 200 OK"
2026-09-14 21:43:48,736 INFO HTTP Request: POST https://vps.lpzproxy.xyz/v1/chat/completions "HTTP/1.1 200 OK"
2026-09-14 21:43:50,537 INFO HTTP Request: POST https://vps.lpzproxy.xyz/v1/chat/completions "HTTP/1.1 200 OK"
2026-09-14 21:43:56,016 INFO HTTP Request: POST https://vps.lpzproxy.xyz/v1/chat/completions "HTTP/1.1 200 OK"
2026-09-14 21:43:56,936 INFO HTTP Request: POST https://vps.lpzproxy.xyz/v1/chat/completions "HTTP/1.1 200 OK"
2026-09-14 21:44:01,556 INFO HTTP Request: POST https://vps.lpzproxy.xyz/v1/chat/completions "HTTP/1.1 200 OK"
2026-09-14 21:44:01,643 INFO HTTP Request: POST https://vps.lpzproxy.xyz/v1/chat/completions "HTTP/1.1 200 OK"
2026-09-14 21:44:01,791 INFO HTTP Request: POST https://vps.lpzproxy.xyz/v1/chat/completions "HTTP/1.1 200 OK"
2026-09-14 21:44:04,918 INFO HTTP Request: POST https://vps.lpzproxy.xyz/v1/chat/completions "HTTP/1.1 200 OK"
2026-09-14 21:44:07,380 INFO HTTP Request: POST https://vps.lpzproxy.xyz/v1/chat/completions "HTTP/1.1 200 OK"
2026-09-14 21:44:08,362 INFO HTTP Request: POST https://vps.lpzproxy.xyz/v1/chat/completions "HTTP/1.1 200 OK"
2026-09-14 21:44:08,427 INFO HTTP Request: POST https://vps.lpzproxy.xyz/v1/chat/completions "HTTP/1.1 200 OK"
2026-09-14 21:44:08,595 INFO HTTP Request: POST https://vps.lpzproxy.xyz/v1/chat/completions "HTTP/1.1 200 OK"
2026-09-14 21:44:10,662 INFO HTTP Request: POST https://vps.lpzproxy.xyz/v1/chat/completions "HTTP/1.1 200 OK"
2026-09-14 21:44:12,134 INFO HTTP Request: POST https://vps.lpzproxy.xyz/v1/chat/completions "HTTP/1.1 200 OK"
2026-09-14 21:44:12,603 INFO HTTP Request: POST https://vps.lpzproxy.xyz/v1/chat/completions "HTTP/1.1 200 OK"
2026-09-14 21:44:14,140 INFO HTTP Request: POST https://vps.lpzproxy.xyz/v1/chat/completions "HTTP/1.1 200 OK"
2026-09-14 21:44:16,905 INFO HTTP Request: POST https://vps.lpzproxy.xyz/v1/chat/completions "HTTP/1.1 200 OK"
2026-09-14 21:44:17,635 INFO HTTP Request: POST https://vps.lpzproxy.xyz/v1/chat/completions "HTTP/1.1 200 OK"
2026-09-14 21:44:27,655 INFO HTTP Request: POST https://vps.lpzproxy.xyz/v1/chat/completions "HTTP/1.1 200 OK"
2026-09-14 21:44:32,639 INFO HTTP Request: POST https://vps.lpzproxy.xyz/v1/chat/completions "HTTP/1.1 200 OK"
2026-09-14 21:44:35,642 INFO HTTP Request: POST https://vps.lpzproxy.xyz/v1/chat/completions "HTTP/1.1 200 OK"
2026-09-14 21:44:41,181 INFO HTTP Request: POST https://vps.lpzproxy.xyz/v1/chat/completions "HTTP/1.1 200 OK"
2026-09-14 21:44:55,611 INFO HTTP Request: POST https://vps.lpzproxy.xyz/v1/chat/completions "HTTP/1.1 200 OK"
2026-09-14 21:44:57,453 INFO HTTP Request: POST https://vps.lpzproxy.xyz/v1/chat/completions "HTTP/1.1 200 OK"
2026-09-14 21:45:04,912 INFO HTTP Request: POST https://vps.lpzproxy.xyz/v1/chat/completions "HTTP/1.1 200 OK"
2026-09-14 21:46:00,781 INFO HTTP Request: POST https://vps.lpzproxy.xyz/v1/chat/completions "HTTP/1.1 200 OK"
2026-09-14 21:46:16,913 INFO HTTP Request: POST https://vps.lpzproxy.xyz/v1/chat/completions "HTTP/1.1 200 OK"
2026-09-14 21:46:16,932 INFO generated E0: planned=300 failed=0
2026-09-14 21:46:38,524 INFO HTTP Request: POST https://vps.lpzproxy.xyz/v1/chat/completions "HTTP/1.1 200 OK"
2026-09-14 21:46:46,507 INFO HTTP Request: POST https://vps.lpzproxy.xyz/v1/chat/completions "HTTP/1.1 200 OK"
2026-09-14 21:46:55,586 INFO HTTP Request: POST https://vps.lpzproxy.xyz/v1/chat/completions "HTTP/1.1 200 OK"
2026-09-14 21:46:55,996 INFO HTTP Request: POST https://vps.lpzproxy.xyz/v1/chat/completions "HTTP/1.1 200 OK"
2026-09-14 21:47:00,138 INFO HTTP Request: POST https://vps.lpzproxy.xyz/v1/chat/completions "HTTP/1.1 200 OK"
2026-09-14 21:47:01,013 INFO HTTP Request: POST https://vps.lpzproxy.xyz/v1/chat/completions "HTTP/1.1 200 OK"
2026-09-14 21:47:01,705 INFO HTTP Request: POST https://vps.lpzproxy.xyz/v1/chat/completions "HTTP/1.1 200 OK"
2026-09-14 21:47:02,621 INFO HTTP Request: POST https://vps.lpzproxy.xyz/v1/chat/completions "HTTP/1.1 200 OK"
2026-09-14 21:47:03,222 INFO HTTP Request: POST https://vps.lpzproxy.xyz/v1/chat/completions "HTTP/1.1 200 OK"
2026-09-14 21:47:03,269 INFO HTTP Request: POST https://vps.lpzproxy.xyz/v1/chat/completions "HTTP/1.1 200 OK"
2026-09-14 21:47:05,553 INFO HTTP Request: POST https://vps.lpzproxy.xyz/v1/chat/completions "HTTP/1.1 200 OK"
2026-09-14 21:47:06,907 INFO HTTP Request: POST https://vps.lpzproxy.xyz/v1/chat/completions "HTTP/1.1 200 OK"
2026-09-14 21:47:07,341 INFO HTTP Request: POST https://vps.lpzproxy.xyz/v1/chat/completions "HTTP/1.1 200 OK"
2026-09-14 21:47:09,544 INFO HTTP Request: POST https://vps.lpzproxy.xyz/v1/chat/completions "HTTP/1.1 200 OK"
2026-09-14 21:47:10,996 INFO HTTP Request: POST https://vps.lpzproxy.xyz/v1/chat/completions "HTTP/1.1 200 OK"
2026-09-14 21:47:12,616 INFO HTTP Request: POST https://vps.lpzproxy.xyz/v1/chat/completions "HTTP/1.1 200 OK"
2026-09-14 21:47:12,622 INFO HTTP Request: POST https://vps.lpzproxy.xyz/v1/chat/completions "HTTP/1.1 200 OK"
2026-09-14 21:47:13,114 INFO HTTP Request: POST https://vps.lpzproxy.xyz/v1/chat/completions "HTTP/1.1 200 OK"
2026-09-14 21:47:14,942 INFO HTTP Request: POST https://vps.lpzproxy.xyz/v1/chat/completions "HTTP/1.1 200 OK"
2026-09-14 21:47:15,008 INFO HTTP Request: POST https://vps.lpzproxy.xyz/v1/chat/completions "HTTP/1.1 200 OK"
2026-09-14 21:47:15,087 INFO HTTP Request: POST https://vps.lpzproxy.xyz/v1/chat/completions "HTTP/1.1 200 OK"
2026-09-14 21:47:16,111 INFO HTTP Request: POST https://vps.lpzproxy.xyz/v1/chat/completions "HTTP/1.1 200 OK"
2026-09-14 21:47:17,518 INFO HTTP Request: POST https://vps.lpzproxy.xyz/v1/chat/completions "HTTP/1.1 200 OK"
2026-09-14 21:47:18,147 INFO HTTP Request: POST https://vps.lpzproxy.xyz/v1/chat/completions "HTTP/1.1 200 OK"
2026-09-14 21:47:20,288 INFO HTTP Request: POST https://vps.lpzproxy.xyz/v1/chat/completions "HTTP/1.1 200 OK"
2026-09-14 21:47:21,225 INFO HTTP Request: POST https://vps.lpzproxy.xyz/v1/chat/completions "HTTP/1.1 200 OK"
2026-09-14 21:47:21,253 INFO HTTP Request: POST https://vps.lpzproxy.xyz/v1/chat/completions "HTTP/1.1 200 OK"
2026-09-14 21:47:22,065 INFO HTTP Request: POST https://vps.lpzproxy.xyz/v1/chat/completions "HTTP/1.1 200 OK"
2026-09-14 21:47:23,369 INFO HTTP Request: POST https://vps.lpzproxy.xyz/v1/chat/completions "HTTP/1.1 200 OK"
2026-09-14 21:47:25,006 INFO HTTP Request: POST https://vps.lpzproxy.xyz/v1/chat/completions "HTTP/1.1 200 OK"
2026-09-14 21:47:25,440 INFO HTTP Request: POST https://vps.lpzproxy.xyz/v1/chat/completions "HTTP/1.1 200 OK"
2026-09-14 21:47:26,490 INFO HTTP Request: POST https://vps.lpzproxy.xyz/v1/chat/completions "HTTP/1.1 200 OK"
2026-09-14 21:47:34,783 INFO HTTP Request: POST https://vps.lpzproxy.xyz/v1/chat/completions "HTTP/1.1 200 OK"
2026-09-14 21:47:39,037 INFO HTTP Request: POST https://vps.lpzproxy.xyz/v1/chat/completions "HTTP/1.1 200 OK"
2026-09-14 21:47:39,658 INFO HTTP Request: POST https://vps.lpzproxy.xyz/v1/chat/completions "HTTP/1.1 200 OK"
2026-09-14 21:47:41,437 INFO HTTP Request: POST https://vps.lpzproxy.xyz/v1/chat/completions "HTTP/1.1 200 OK"
2026-09-14 21:47:41,579 INFO HTTP Request: POST https://vps.lpzproxy.xyz/v1/chat/completions "HTTP/1.1 200 OK"
2026-09-14 21:47:43,337 INFO HTTP Request: POST https://vps.lpzproxy.xyz/v1/chat/completions "HTTP/1.1 200 OK"
2026-09-14 21:47:43,944 INFO HTTP Request: POST https://vps.lpzproxy.xyz/v1/chat/completions "HTTP/1.1 200 OK"
2026-09-14 21:47:44,085 INFO HTTP Request: POST https://vps.lpzproxy.xyz/v1/chat/completions "HTTP/1.1 200 OK"
2026-09-14 21:47:54,335 INFO HTTP Request: POST https://vps.lpzproxy.xyz/v1/chat/completions "HTTP/1.1 200 OK"
2026-09-14 21:47:57,271 INFO HTTP Request: POST https://vps.lpzproxy.xyz/v1/chat/completions "HTTP/1.1 200 OK"
2026-09-14 21:47:57,577 INFO HTTP Request: POST https://vps.lpzproxy.xyz/v1/chat/completions "HTTP/1.1 200 OK"
2026-09-14 21:47:58,070 INFO HTTP Request: POST https://vps.lpzproxy.xyz/v1/chat/completions "HTTP/1.1 200 OK"
2026-09-14 21:47:59,154 INFO HTTP Request: POST https://vps.lpzproxy.xyz/v1/chat/completions "HTTP/1.1 200 OK"
2026-09-14 21:47:59,738 INFO HTTP Request: POST https://vps.lpzproxy.xyz/v1/chat/completions "HTTP/1.1 200 OK"
2026-09-14 21:48:01,153 INFO HTTP Request: POST https://vps.lpzproxy.xyz/v1/chat/completions "HTTP/1.1 200 OK"
2026-09-14 21:48:01,276 INFO HTTP Request: POST https://vps.lpzproxy.xyz/v1/chat/completions "HTTP/1.1 200 OK"
2026-09-14 21:48:01,277 ERROR E_star generation failed
Traceback (most recent call last):
  File "/Users/lpz/Desktop/AtomFlow/RETRO-E/src/retro_e/api.py", line 78, in complete
    content = body["choices"][0]["message"]["content"]
              ~~~~~~~~~~~~~~~^^^
IndexError: list index out of range

The above exception was the direct cause of the following exception:

Traceback (most recent call last):
  File "/Users/lpz/Desktop/AtomFlow/RETRO-E/scripts/run_control_check.py", line 107, in run
    append_jsonl(path, f.result())
                       ~~~~~~~~^^
  File "/Users/lpz/.local/share/uv/python/cpython-3.13.14-macos-aarch64-none/lib/python3.13/concurrent/futures/_base.py", line 453, in result
    return self.__get_result()
           ~~~~~~~~~~~~~~~~~^^
  File "/Users/lpz/.local/share/uv/python/cpython-3.13.14-macos-aarch64-none/lib/python3.13/concurrent/futures/_base.py", line 402, in __get_result
    raise self._exception
  File "/Users/lpz/.local/share/uv/python/cpython-3.13.14-macos-aarch64-none/lib/python3.13/concurrent/futures/thread.py", line 59, in run
    result = self.fn(*self.args, **self.kwargs)
  File "/Users/lpz/Desktop/AtomFlow/RETRO-E/scripts/run_control_check.py", line 48, in generate_one
    c = client.complete(prompt, temperature=config.generation.temperature,
                        top_p=config.generation.top_p,
                        max_tokens=config.generation.max_tokens,
                        model=config.generator_model)
  File "/Users/lpz/Desktop/AtomFlow/RETRO-E/src/retro_e/api.py", line 80, in complete
    raise APIError(f"Unexpected completion response shape: {exc}") from exc
retro_e.api.APIError: Unexpected completion response shape: list index out of range
2026-09-14 21:48:03,611 INFO HTTP Request: POST https://vps.lpzproxy.xyz/v1/chat/completions "HTTP/1.1 200 OK"
2026-09-14 21:48:04,826 INFO HTTP Request: POST https://vps.lpzproxy.xyz/v1/chat/completions "HTTP/1.1 200 OK"
2026-09-14 21:48:07,459 INFO HTTP Request: POST https://vps.lpzproxy.xyz/v1/chat/completions "HTTP/1.1 200 OK"
2026-09-14 21:48:09,371 INFO HTTP Request: POST https://vps.lpzproxy.xyz/v1/chat/completions "HTTP/1.1 200 OK"
2026-09-14 21:48:09,522 INFO HTTP Request: POST https://vps.lpzproxy.xyz/v1/chat/completions "HTTP/1.1 200 OK"
2026-09-14 21:48:10,286 INFO HTTP Request: POST https://vps.lpzproxy.xyz/v1/chat/completions "HTTP/1.1 200 OK"
2026-09-14 21:48:10,460 INFO HTTP Request: POST https://vps.lpzproxy.xyz/v1/chat/completions "HTTP/1.1 200 OK"
2026-09-14 21:48:11,164 INFO HTTP Request: POST https://vps.lpzproxy.xyz/v1/chat/completions "HTTP/1.1 200 OK"
2026-09-14 21:48:11,303 INFO HTTP Request: POST https://vps.lpzproxy.xyz/v1/chat/completions "HTTP/1.1 200 OK"
2026-09-14 21:48:13,442 INFO HTTP Request: POST https://vps.lpzproxy.xyz/v1/chat/completions "HTTP/1.1 200 OK"
2026-09-14 21:48:16,206 INFO HTTP Request: POST https://vps.lpzproxy.xyz/v1/chat/completions "HTTP/1.1 200 OK"
2026-09-14 21:48:18,909 INFO HTTP Request: POST https://vps.lpzproxy.xyz/v1/chat/completions "HTTP/1.1 200 OK"
2026-09-14 21:48:19,262 INFO HTTP Request: POST https://vps.lpzproxy.xyz/v1/chat/completions "HTTP/1.1 200 OK"
2026-09-14 21:48:19,840 INFO HTTP Request: POST https://vps.lpzproxy.xyz/v1/chat/completions "HTTP/1.1 200 OK"
2026-09-14 21:48:21,619 INFO HTTP Request: POST https://vps.lpzproxy.xyz/v1/chat/completions "HTTP/1.1 200 OK"
2026-09-14 21:48:21,645 INFO HTTP Request: POST https://vps.lpzproxy.xyz/v1/chat/completions "HTTP/1.1 200 OK"
2026-09-14 21:48:22,518 INFO HTTP Request: POST https://vps.lpzproxy.xyz/v1/chat/completions "HTTP/1.1 200 OK"
2026-09-14 21:48:24,596 INFO HTTP Request: POST https://vps.lpzproxy.xyz/v1/chat/completions "HTTP/1.1 200 OK"
2026-09-14 21:48:26,278 INFO HTTP Request: POST https://vps.lpzproxy.xyz/v1/chat/completions "HTTP/1.1 200 OK"
2026-09-14 21:48:29,160 INFO HTTP Request: POST https://vps.lpzproxy.xyz/v1/chat/completions "HTTP/1.1 200 OK"
2026-09-14 21:48:29,368 INFO HTTP Request: POST https://vps.lpzproxy.xyz/v1/chat/completions "HTTP/1.1 200 OK"
2026-09-14 21:48:30,041 INFO HTTP Request: POST https://vps.lpzproxy.xyz/v1/chat/completions "HTTP/1.1 200 OK"
2026-09-14 21:48:30,442 INFO HTTP Request: POST https://vps.lpzproxy.xyz/v1/chat/completions "HTTP/1.1 200 OK"
2026-09-14 21:48:30,745 INFO HTTP Request: POST https://vps.lpzproxy.xyz/v1/chat/completions "HTTP/1.1 200 OK"
2026-09-14 21:48:32,795 INFO HTTP Request: POST https://vps.lpzproxy.xyz/v1/chat/completions "HTTP/1.1 200 OK"
2026-09-14 21:48:33,989 INFO HTTP Request: POST https://vps.lpzproxy.xyz/v1/chat/completions "HTTP/1.1 200 OK"
2026-09-14 21:48:38,500 INFO HTTP Request: POST https://vps.lpzproxy.xyz/v1/chat/completions "HTTP/1.1 200 OK"
2026-09-14 21:48:41,842 INFO HTTP Request: POST https://vps.lpzproxy.xyz/v1/chat/completions "HTTP/1.1 200 OK"
2026-09-14 21:48:42,263 INFO HTTP Request: POST https://vps.lpzproxy.xyz/v1/chat/completions "HTTP/1.1 200 OK"
2026-09-14 21:48:42,440 INFO HTTP Request: POST https://vps.lpzproxy.xyz/v1/chat/completions "HTTP/1.1 200 OK"
2026-09-14 21:48:43,193 INFO HTTP Request: POST https://vps.lpzproxy.xyz/v1/chat/completions "HTTP/1.1 200 OK"
2026-09-14 21:48:43,352 INFO HTTP Request: POST https://vps.lpzproxy.xyz/v1/chat/completions "HTTP/1.1 200 OK"
2026-09-14 21:48:47,483 INFO HTTP Request: POST https://vps.lpzproxy.xyz/v1/chat/completions "HTTP/1.1 200 OK"
2026-09-14 21:48:55,829 INFO HTTP Request: POST https://vps.lpzproxy.xyz/v1/chat/completions "HTTP/1.1 200 OK"
2026-09-14 21:48:56,046 INFO HTTP Request: POST https://vps.lpzproxy.xyz/v1/chat/completions "HTTP/1.1 200 OK"
2026-09-14 21:48:58,279 INFO HTTP Request: POST https://vps.lpzproxy.xyz/v1/chat/completions "HTTP/1.1 200 OK"
2026-09-14 21:48:59,659 INFO HTTP Request: POST https://vps.lpzproxy.xyz/v1/chat/completions "HTTP/1.1 200 OK"
2026-09-14 21:49:01,018 INFO HTTP Request: POST https://vps.lpzproxy.xyz/v1/chat/completions "HTTP/1.1 200 OK"
2026-09-14 21:49:02,075 INFO HTTP Request: POST https://vps.lpzproxy.xyz/v1/chat/completions "HTTP/1.1 200 OK"
2026-09-14 21:49:04,793 INFO HTTP Request: POST https://vps.lpzproxy.xyz/v1/chat/completions "HTTP/1.1 200 OK"
2026-09-14 21:49:06,996 INFO HTTP Request: POST https://vps.lpzproxy.xyz/v1/chat/completions "HTTP/1.1 200 OK"
2026-09-14 21:49:08,162 INFO HTTP Request: POST https://vps.lpzproxy.xyz/v1/chat/completions "HTTP/1.1 200 OK"
2026-09-14 21:49:08,403 INFO HTTP Request: POST https://vps.lpzproxy.xyz/v1/chat/completions "HTTP/1.1 200 OK"
2026-09-14 21:49:10,449 INFO HTTP Request: POST https://vps.lpzproxy.xyz/v1/chat/completions "HTTP/1.1 200 OK"
2026-09-14 21:49:11,166 INFO HTTP Request: POST https://vps.lpzproxy.xyz/v1/chat/completions "HTTP/1.1 200 OK"
2026-09-14 21:49:15,607 INFO HTTP Request: POST https://vps.lpzproxy.xyz/v1/chat/completions "HTTP/1.1 200 OK"
2026-09-14 21:49:19,127 INFO HTTP Request: POST https://vps.lpzproxy.xyz/v1/chat/completions "HTTP/1.1 200 OK"
2026-09-14 21:49:20,961 INFO HTTP Request: POST https://vps.lpzproxy.xyz/v1/chat/completions "HTTP/1.1 200 OK"
2026-09-14 21:49:21,676 INFO HTTP Request: POST https://vps.lpzproxy.xyz/v1/chat/completions "HTTP/1.1 200 OK"
2026-09-14 21:49:22,004 INFO HTTP Request: POST https://vps.lpzproxy.xyz/v1/chat/completions "HTTP/1.1 200 OK"
2026-09-14 21:49:23,862 INFO HTTP Request: POST https://vps.lpzproxy.xyz/v1/chat/completions "HTTP/1.1 200 OK"
2026-09-14 21:49:24,597 INFO HTTP Request: POST https://vps.lpzproxy.xyz/v1/chat/completions "HTTP/1.1 200 OK"
2026-09-14 21:49:25,426 INFO HTTP Request: POST https://vps.lpzproxy.xyz/v1/chat/completions "HTTP/1.1 200 OK"
2026-09-14 21:49:29,757 INFO HTTP Request: POST https://vps.lpzproxy.xyz/v1/chat/completions "HTTP/1.1 200 OK"
2026-09-14 21:49:32,389 INFO HTTP Request: POST https://vps.lpzproxy.xyz/v1/chat/completions "HTTP/1.1 200 OK"
2026-09-14 21:49:33,999 INFO HTTP Request: POST https://vps.lpzproxy.xyz/v1/chat/completions "HTTP/1.1 200 OK"
2026-09-14 21:49:36,103 INFO HTTP Request: POST https://vps.lpzproxy.xyz/v1/chat/completions "HTTP/1.1 200 OK"
2026-09-14 21:49:38,485 INFO HTTP Request: POST https://vps.lpzproxy.xyz/v1/chat/completions "HTTP/1.1 200 OK"
2026-09-14 21:49:40,170 INFO HTTP Request: POST https://vps.lpzproxy.xyz/v1/chat/completions "HTTP/1.1 200 OK"
2026-09-14 21:49:40,183 INFO HTTP Request: POST https://vps.lpzproxy.xyz/v1/chat/completions "HTTP/1.1 200 OK"
2026-09-14 21:49:41,112 INFO HTTP Request: POST https://vps.lpzproxy.xyz/v1/chat/completions "HTTP/1.1 200 OK"
2026-09-14 21:49:43,323 INFO HTTP Request: POST https://vps.lpzproxy.xyz/v1/chat/completions "HTTP/1.1 200 OK"
2026-09-14 21:49:45,535 INFO HTTP Request: POST https://vps.lpzproxy.xyz/v1/chat/completions "HTTP/1.1 200 OK"
2026-09-14 21:49:46,273 INFO HTTP Request: POST https://vps.lpzproxy.xyz/v1/chat/completions "HTTP/1.1 200 OK"
2026-09-14 21:49:49,620 INFO HTTP Request: POST https://vps.lpzproxy.xyz/v1/chat/completions "HTTP/1.1 200 OK"
2026-09-14 21:49:53,137 INFO HTTP Request: POST https://vps.lpzproxy.xyz/v1/chat/completions "HTTP/1.1 200 OK"
2026-09-14 21:49:54,070 INFO HTTP Request: POST https://vps.lpzproxy.xyz/v1/chat/completions "HTTP/1.1 200 OK"
2026-09-14 21:49:58,220 INFO HTTP Request: POST https://vps.lpzproxy.xyz/v1/chat/completions "HTTP/1.1 200 OK"
2026-09-14 21:49:58,221 INFO HTTP Request: POST https://vps.lpzproxy.xyz/v1/chat/completions "HTTP/1.1 200 OK"
2026-09-14 21:49:59,379 INFO HTTP Request: POST https://vps.lpzproxy.xyz/v1/chat/completions "HTTP/1.1 200 OK"
2026-09-14 21:50:02,325 INFO HTTP Request: POST https://vps.lpzproxy.xyz/v1/chat/completions "HTTP/1.1 200 OK"
2026-09-14 21:50:03,139 INFO HTTP Request: POST https://vps.lpzproxy.xyz/v1/chat/completions "HTTP/1.1 200 OK"
2026-09-14 21:50:03,750 INFO HTTP Request: POST https://vps.lpzproxy.xyz/v1/chat/completions "HTTP/1.1 200 OK"
2026-09-14 21:50:05,671 INFO HTTP Request: POST https://vps.lpzproxy.xyz/v1/chat/completions "HTTP/1.1 200 OK"
2026-09-14 21:50:06,941 INFO HTTP Request: POST https://vps.lpzproxy.xyz/v1/chat/completions "HTTP/1.1 200 OK"
2026-09-14 21:50:12,178 INFO HTTP Request: POST https://vps.lpzproxy.xyz/v1/chat/completions "HTTP/1.1 200 OK"
2026-09-14 21:50:12,271 INFO HTTP Request: POST https://vps.lpzproxy.xyz/v1/chat/completions "HTTP/1.1 200 OK"
2026-09-14 21:50:14,379 INFO HTTP Request: POST https://vps.lpzproxy.xyz/v1/chat/completions "HTTP/1.1 200 OK"
2026-09-14 21:50:16,141 INFO HTTP Request: POST https://vps.lpzproxy.xyz/v1/chat/completions "HTTP/1.1 200 OK"
2026-09-14 21:50:17,334 INFO HTTP Request: POST https://vps.lpzproxy.xyz/v1/chat/completions "HTTP/1.1 200 OK"
2026-09-14 21:50:24,616 INFO HTTP Request: POST https://vps.lpzproxy.xyz/v1/chat/completions "HTTP/1.1 200 OK"
2026-09-14 21:50:24,956 INFO HTTP Request: POST https://vps.lpzproxy.xyz/v1/chat/completions "HTTP/1.1 200 OK"
2026-09-14 21:50:26,911 INFO HTTP Request: POST https://vps.lpzproxy.xyz/v1/chat/completions "HTTP/1.1 200 OK"
2026-09-14 21:50:26,934 INFO HTTP Request: POST https://vps.lpzproxy.xyz/v1/chat/completions "HTTP/1.1 200 OK"
2026-09-14 21:50:28,939 INFO HTTP Request: POST https://vps.lpzproxy.xyz/v1/chat/completions "HTTP/1.1 200 OK"
2026-09-14 21:50:30,205 INFO HTTP Request: POST https://vps.lpzproxy.xyz/v1/chat/completions "HTTP/1.1 200 OK"
2026-09-14 21:50:34,510 INFO HTTP Request: POST https://vps.lpzproxy.xyz/v1/chat/completions "HTTP/1.1 200 OK"
2026-09-14 21:50:35,662 INFO HTTP Request: POST https://vps.lpzproxy.xyz/v1/chat/completions "HTTP/1.1 200 OK"
2026-09-14 21:50:37,343 INFO HTTP Request: POST https://vps.lpzproxy.xyz/v1/chat/completions "HTTP/1.1 200 OK"
2026-09-14 21:50:37,703 INFO HTTP Request: POST https://vps.lpzproxy.xyz/v1/chat/completions "HTTP/1.1 200 OK"
2026-09-14 21:50:39,973 INFO HTTP Request: POST https://vps.lpzproxy.xyz/v1/chat/completions "HTTP/1.1 200 OK"
2026-09-14 21:50:41,925 INFO HTTP Request: POST https://vps.lpzproxy.xyz/v1/chat/completions "HTTP/1.1 200 OK"
2026-09-14 21:50:42,708 INFO HTTP Request: POST https://vps.lpzproxy.xyz/v1/chat/completions "HTTP/1.1 200 OK"
2026-09-14 21:50:43,641 INFO HTTP Request: POST https://vps.lpzproxy.xyz/v1/chat/completions "HTTP/1.1 200 OK"
2026-09-14 21:50:45,220 INFO HTTP Request: POST https://vps.lpzproxy.xyz/v1/chat/completions "HTTP/1.1 200 OK"
2026-09-14 21:50:46,003 INFO HTTP Request: POST https://vps.lpzproxy.xyz/v1/chat/completions "HTTP/1.1 200 OK"
2026-09-14 21:50:46,003 INFO HTTP Request: POST https://vps.lpzproxy.xyz/v1/chat/completions "HTTP/1.1 200 OK"
2026-09-14 21:50:47,196 INFO HTTP Request: POST https://vps.lpzproxy.xyz/v1/chat/completions "HTTP/1.1 200 OK"
2026-09-14 21:50:48,133 INFO HTTP Request: POST https://vps.lpzproxy.xyz/v1/chat/completions "HTTP/1.1 200 OK"
2026-09-14 21:50:52,285 INFO HTTP Request: POST https://vps.lpzproxy.xyz/v1/chat/completions "HTTP/1.1 200 OK"
2026-09-14 21:50:54,636 INFO HTTP Request: POST https://vps.lpzproxy.xyz/v1/chat/completions "HTTP/1.1 200 OK"
2026-09-14 21:50:58,428 INFO HTTP Request: POST https://vps.lpzproxy.xyz/v1/chat/completions "HTTP/1.1 200 OK"
2026-09-14 21:51:03,069 INFO HTTP Request: POST https://vps.lpzproxy.xyz/v1/chat/completions "HTTP/1.1 200 OK"
2026-09-14 21:51:03,175 INFO HTTP Request: POST https://vps.lpzproxy.xyz/v1/chat/completions "HTTP/1.1 200 OK"
2026-09-14 21:51:03,851 INFO HTTP Request: POST https://vps.lpzproxy.xyz/v1/chat/completions "HTTP/1.1 200 OK"
2026-09-14 21:51:06,692 INFO HTTP Request: POST https://vps.lpzproxy.xyz/v1/chat/completions "HTTP/1.1 200 OK"
2026-09-14 21:51:08,259 INFO HTTP Request: POST https://vps.lpzproxy.xyz/v1/chat/completions "HTTP/1.1 200 OK"
2026-09-14 21:51:11,480 INFO HTTP Request: POST https://vps.lpzproxy.xyz/v1/chat/completions "HTTP/1.1 200 OK"
2026-09-14 21:51:14,516 INFO HTTP Request: POST https://vps.lpzproxy.xyz/v1/chat/completions "HTTP/1.1 200 OK"
2026-09-14 21:51:14,899 INFO HTTP Request: POST https://vps.lpzproxy.xyz/v1/chat/completions "HTTP/1.1 200 OK"
2026-09-14 21:51:15,039 INFO HTTP Request: POST https://vps.lpzproxy.xyz/v1/chat/completions "HTTP/1.1 200 OK"
2026-09-14 21:51:20,825 INFO HTTP Request: POST https://vps.lpzproxy.xyz/v1/chat/completions "HTTP/1.1 200 OK"
2026-09-14 21:51:21,102 INFO HTTP Request: POST https://vps.lpzproxy.xyz/v1/chat/completions "HTTP/1.1 200 OK"
2026-09-14 21:51:21,139 INFO HTTP Request: POST https://vps.lpzproxy.xyz/v1/chat/completions "HTTP/1.1 200 OK"
2026-09-14 21:51:22,558 INFO HTTP Request: POST https://vps.lpzproxy.xyz/v1/chat/completions "HTTP/1.1 200 OK"
2026-09-14 21:51:23,315 INFO HTTP Request: POST https://vps.lpzproxy.xyz/v1/chat/completions "HTTP/1.1 429 Too Many Requests"
2026-09-14 21:51:23,478 INFO HTTP Request: POST https://vps.lpzproxy.xyz/v1/chat/completions "HTTP/1.1 429 Too Many Requests"
2026-09-14 21:51:23,733 INFO HTTP Request: POST https://vps.lpzproxy.xyz/v1/chat/completions "HTTP/1.1 429 Too Many Requests"
2026-09-14 21:51:23,797 INFO HTTP Request: POST https://vps.lpzproxy.xyz/v1/chat/completions "HTTP/1.1 200 OK"
2026-09-14 21:51:23,972 INFO HTTP Request: POST https://vps.lpzproxy.xyz/v1/chat/completions "HTTP/1.1 200 OK"
2026-09-14 21:51:25,045 INFO HTTP Request: POST https://vps.lpzproxy.xyz/v1/chat/completions "HTTP/1.1 429 Too Many Requests"
2026-09-14 21:51:25,091 INFO HTTP Request: POST https://vps.lpzproxy.xyz/v1/chat/completions "HTTP/1.1 429 Too Many Requests"
2026-09-14 21:51:25,228 INFO HTTP Request: POST https://vps.lpzproxy.xyz/v1/chat/completions "HTTP/1.1 429 Too Many Requests"
2026-09-14 21:51:25,299 INFO HTTP Request: POST https://vps.lpzproxy.xyz/v1/chat/completions "HTTP/1.1 429 Too Many Requests"
2026-09-14 21:51:25,395 INFO HTTP Request: POST https://vps.lpzproxy.xyz/v1/chat/completions "HTTP/1.1 429 Too Many Requests"
2026-09-14 21:51:25,398 INFO HTTP Request: POST https://vps.lpzproxy.xyz/v1/chat/completions "HTTP/1.1 429 Too Many Requests"
2026-09-14 21:51:26,224 INFO HTTP Request: POST https://vps.lpzproxy.xyz/v1/chat/completions "HTTP/1.1 200 OK"
2026-09-14 21:51:28,498 INFO HTTP Request: POST https://vps.lpzproxy.xyz/v1/chat/completions "HTTP/1.1 429 Too Many Requests"
2026-09-14 21:51:28,498 INFO HTTP Request: POST https://vps.lpzproxy.xyz/v1/chat/completions "HTTP/1.1 429 Too Many Requests"
2026-09-14 21:51:28,499 INFO HTTP Request: POST https://vps.lpzproxy.xyz/v1/chat/completions "HTTP/1.1 429 Too Many Requests"
2026-09-14 21:51:28,499 INFO HTTP Request: POST https://vps.lpzproxy.xyz/v1/chat/completions "HTTP/1.1 200 OK"
2026-09-14 21:51:28,499 INFO HTTP Request: POST https://vps.lpzproxy.xyz/v1/chat/completions "HTTP/1.1 429 Too Many Requests"
2026-09-14 21:51:28,499 INFO HTTP Request: POST https://vps.lpzproxy.xyz/v1/chat/completions "HTTP/1.1 429 Too Many Requests"
2026-09-14 21:51:28,510 INFO HTTP Request: POST https://vps.lpzproxy.xyz/v1/chat/completions "HTTP/1.1 429 Too Many Requests"
2026-09-14 21:51:28,862 INFO HTTP Request: POST https://vps.lpzproxy.xyz/v1/chat/completions "HTTP/1.1 200 OK"
2026-09-14 21:51:29,173 INFO HTTP Request: POST https://vps.lpzproxy.xyz/v1/chat/completions "HTTP/1.1 429 Too Many Requests"
2026-09-14 21:51:29,938 INFO HTTP Request: POST https://vps.lpzproxy.xyz/v1/chat/completions "HTTP/1.1 429 Too Many Requests"
2026-09-14 21:51:30,277 INFO HTTP Request: POST https://vps.lpzproxy.xyz/v1/chat/completions "HTTP/1.1 429 Too Many Requests"
2026-09-14 21:51:30,538 INFO HTTP Request: POST https://vps.lpzproxy.xyz/v1/chat/completions "HTTP/1.1 200 OK"
2026-09-14 21:51:31,782 INFO HTTP Request: POST https://vps.lpzproxy.xyz/v1/chat/completions "HTTP/1.1 429 Too Many Requests"
2026-09-14 21:51:31,845 INFO HTTP Request: POST https://vps.lpzproxy.xyz/v1/chat/completions "HTTP/1.1 429 Too Many Requests"
2026-09-14 21:51:32,203 INFO HTTP Request: POST https://vps.lpzproxy.xyz/v1/chat/completions "HTTP/1.1 429 Too Many Requests"
2026-09-14 21:51:32,204 INFO HTTP Request: POST https://vps.lpzproxy.xyz/v1/chat/completions "HTTP/1.1 429 Too Many Requests"
2026-09-14 21:51:32,378 INFO HTTP Request: POST https://vps.lpzproxy.xyz/v1/chat/completions "HTTP/1.1 429 Too Many Requests"
2026-09-14 21:51:32,514 INFO HTTP Request: POST https://vps.lpzproxy.xyz/v1/chat/completions "HTTP/1.1 429 Too Many Requests"
2026-09-14 21:51:32,539 INFO HTTP Request: POST https://vps.lpzproxy.xyz/v1/chat/completions "HTTP/1.1 429 Too Many Requests"
2026-09-14 21:51:33,234 INFO HTTP Request: POST https://vps.lpzproxy.xyz/v1/chat/completions "HTTP/1.1 429 Too Many Requests"
2026-09-14 21:51:33,576 INFO HTTP Request: POST https://vps.lpzproxy.xyz/v1/chat/completions "HTTP/1.1 429 Too Many Requests"
2026-09-14 21:51:33,947 INFO HTTP Request: POST https://vps.lpzproxy.xyz/v1/chat/completions "HTTP/1.1 429 Too Many Requests"
2026-09-14 21:51:34,589 INFO HTTP Request: POST https://vps.lpzproxy.xyz/v1/chat/completions "HTTP/1.1 429 Too Many Requests"
2026-09-14 21:51:35,055 INFO HTTP Request: POST https://vps.lpzproxy.xyz/v1/chat/completions "HTTP/1.1 429 Too Many Requests"
2026-09-14 21:51:35,836 INFO HTTP Request: POST https://vps.lpzproxy.xyz/v1/chat/completions "HTTP/1.1 429 Too Many Requests"
2026-09-14 21:51:35,838 INFO HTTP Request: POST https://vps.lpzproxy.xyz/v1/chat/completions "HTTP/1.1 429 Too Many Requests"
2026-09-14 21:51:36,990 INFO HTTP Request: POST https://vps.lpzproxy.xyz/v1/chat/completions "HTTP/1.1 429 Too Many Requests"
2026-09-14 21:51:37,042 INFO HTTP Request: POST https://vps.lpzproxy.xyz/v1/chat/completions "HTTP/1.1 429 Too Many Requests"
2026-09-14 21:51:37,450 INFO HTTP Request: POST https://vps.lpzproxy.xyz/v1/chat/completions "HTTP/1.1 429 Too Many Requests"
2026-09-14 21:51:37,867 INFO HTTP Request: POST https://vps.lpzproxy.xyz/v1/chat/completions "HTTP/1.1 429 Too Many Requests"
2026-09-14 21:51:38,645 INFO HTTP Request: POST https://vps.lpzproxy.xyz/v1/chat/completions "HTTP/1.1 200 OK"
2026-09-14 21:51:38,770 INFO HTTP Request: POST https://vps.lpzproxy.xyz/v1/chat/completions "HTTP/1.1 200 OK"
2026-09-14 21:51:39,175 INFO HTTP Request: POST https://vps.lpzproxy.xyz/v1/chat/completions "HTTP/1.1 200 OK"
2026-09-14 21:51:40,831 INFO HTTP Request: POST https://vps.lpzproxy.xyz/v1/chat/completions "HTTP/1.1 200 OK"
2026-09-14 21:51:40,895 INFO HTTP Request: POST https://vps.lpzproxy.xyz/v1/chat/completions "HTTP/1.1 429 Too Many Requests"
2026-09-14 21:51:40,984 INFO HTTP Request: POST https://vps.lpzproxy.xyz/v1/chat/completions "HTTP/1.1 429 Too Many Requests"
2026-09-14 21:51:41,173 INFO HTTP Request: POST https://vps.lpzproxy.xyz/v1/chat/completions "HTTP/1.1 429 Too Many Requests"
2026-09-14 21:51:41,392 INFO HTTP Request: POST https://vps.lpzproxy.xyz/v1/chat/completions "HTTP/1.1 429 Too Many Requests"
2026-09-14 21:51:41,420 INFO HTTP Request: POST https://vps.lpzproxy.xyz/v1/chat/completions "HTTP/1.1 200 OK"
2026-09-14 21:51:41,491 INFO HTTP Request: POST https://vps.lpzproxy.xyz/v1/chat/completions "HTTP/1.1 429 Too Many Requests"
2026-09-14 21:51:41,696 INFO HTTP Request: POST https://vps.lpzproxy.xyz/v1/chat/completions "HTTP/1.1 429 Too Many Requests"
2026-09-14 21:51:42,250 INFO HTTP Request: POST https://vps.lpzproxy.xyz/v1/chat/completions "HTTP/1.1 429 Too Many Requests"
2026-09-14 21:51:42,826 INFO HTTP Request: POST https://vps.lpzproxy.xyz/v1/chat/completions "HTTP/1.1 429 Too Many Requests"
2026-09-14 21:51:42,851 INFO HTTP Request: POST https://vps.lpzproxy.xyz/v1/chat/completions "HTTP/1.1 429 Too Many Requests"
2026-09-14 21:51:43,200 INFO HTTP Request: POST https://vps.lpzproxy.xyz/v1/chat/completions "HTTP/1.1 429 Too Many Requests"
2026-09-14 21:51:43,314 INFO HTTP Request: POST https://vps.lpzproxy.xyz/v1/chat/completions "HTTP/1.1 429 Too Many Requests"
2026-09-14 21:51:43,314 ERROR E_star generation failed
Traceback (most recent call last):
  File "/Users/lpz/Desktop/AtomFlow/RETRO-E/scripts/run_control_check.py", line 107, in run
    append_jsonl(path, f.result())
                       ~~~~~~~~^^
  File "/Users/lpz/.local/share/uv/python/cpython-3.13.14-macos-aarch64-none/lib/python3.13/concurrent/futures/_base.py", line 453, in result
    return self.__get_result()
           ~~~~~~~~~~~~~~~~~^^
  File "/Users/lpz/.local/share/uv/python/cpython-3.13.14-macos-aarch64-none/lib/python3.13/concurrent/futures/_base.py", line 402, in __get_result
    raise self._exception
  File "/Users/lpz/.local/share/uv/python/cpython-3.13.14-macos-aarch64-none/lib/python3.13/concurrent/futures/thread.py", line 59, in run
    result = self.fn(*self.args, **self.kwargs)
  File "/Users/lpz/Desktop/AtomFlow/RETRO-E/scripts/run_control_check.py", line 48, in generate_one
    c = client.complete(prompt, temperature=config.generation.temperature,
                        top_p=config.generation.top_p,
                        max_tokens=config.generation.max_tokens,
                        model=config.generator_model)
  File "/Users/lpz/Desktop/AtomFlow/RETRO-E/src/retro_e/api.py", line 74, in complete
    response = self._request("POST", self.config.api.chat_completions_path, json=payload)
  File "/Users/lpz/Desktop/AtomFlow/RETRO-E/src/retro_e/api.py", line 123, in _request
    raise APIError(f"API request failed after retries: {last_error}")
retro_e.api.APIError: API request failed after retries: retryable HTTP 429: {"error":{"code":"model_cooldown","message":"All credentials for model gemini-3.8-flash-high are cooling down via provider antigravity","model":"gemini-3.8-flash-high","provider":"antigravity","reset_
2026-09-14 21:51:43,462 INFO HTTP Request: POST https://vps.lpzproxy.xyz/v1/chat/completions "HTTP/1.1 429 Too Many Requests"
2026-09-14 21:51:43,706 INFO HTTP Request: POST https://vps.lpzproxy.xyz/v1/chat/completions "HTTP/1.1 429 Too Many Requests"
2026-09-14 21:51:43,707 ERROR E_star generation failed
Traceback (most recent call last):
  File "/Users/lpz/Desktop/AtomFlow/RETRO-E/scripts/run_control_check.py", line 107, in run
    append_jsonl(path, f.result())
                       ~~~~~~~~^^
  File "/Users/lpz/.local/share/uv/python/cpython-3.13.14-macos-aarch64-none/lib/python3.13/concurrent/futures/_base.py", line 453, in result
    return self.__get_result()
           ~~~~~~~~~~~~~~~~~^^
  File "/Users/lpz/.local/share/uv/python/cpython-3.13.14-macos-aarch64-none/lib/python3.13/concurrent/futures/_base.py", line 402, in __get_result
    raise self._exception
  File "/Users/lpz/.local/share/uv/python/cpython-3.13.14-macos-aarch64-none/lib/python3.13/concurrent/futures/thread.py", line 59, in run
    result = self.fn(*self.args, **self.kwargs)
  File "/Users/lpz/Desktop/AtomFlow/RETRO-E/scripts/run_control_check.py", line 48, in generate_one
    c = client.complete(prompt, temperature=config.generation.temperature,
                        top_p=config.generation.top_p,
                        max_tokens=config.generation.max_tokens,
                        model=config.generator_model)
  File "/Users/lpz/Desktop/AtomFlow/RETRO-E/src/retro_e/api.py", line 74, in complete
    response = self._request("POST", self.config.api.chat_completions_path, json=payload)
  File "/Users/lpz/Desktop/AtomFlow/RETRO-E/src/retro_e/api.py", line 123, in _request
    raise APIError(f"API request failed after retries: {last_error}")
retro_e.api.APIError: API request failed after retries: retryable HTTP 429: {"error":{"code":"model_cooldown","message":"All credentials for model gemini-3.8-flash-high are cooling down via provider antigravity","model":"gemini-3.8-flash-high","provider":"antigravity","reset_
2026-09-14 21:51:43,812 INFO HTTP Request: POST https://vps.lpzproxy.xyz/v1/chat/completions "HTTP/1.1 429 Too Many Requests"
2026-09-14 21:51:43,849 INFO HTTP Request: POST https://vps.lpzproxy.xyz/v1/chat/completions "HTTP/1.1 429 Too Many Requests"
2026-09-14 21:51:43,850 ERROR E_star generation failed
Traceback (most recent call last):
  File "/Users/lpz/Desktop/AtomFlow/RETRO-E/scripts/run_control_check.py", line 107, in run
    append_jsonl(path, f.result())
                       ~~~~~~~~^^
  File "/Users/lpz/.local/share/uv/python/cpython-3.13.14-macos-aarch64-none/lib/python3.13/concurrent/futures/_base.py", line 453, in result
    return self.__get_result()
           ~~~~~~~~~~~~~~~~~^^
  File "/Users/lpz/.local/share/uv/python/cpython-3.13.14-macos-aarch64-none/lib/python3.13/concurrent/futures/_base.py", line 402, in __get_result
    raise self._exception
  File "/Users/lpz/.local/share/uv/python/cpython-3.13.14-macos-aarch64-none/lib/python3.13/concurrent/futures/thread.py", line 59, in run
    result = self.fn(*self.args, **self.kwargs)
  File "/Users/lpz/Desktop/AtomFlow/RETRO-E/scripts/run_control_check.py", line 48, in generate_one
    c = client.complete(prompt, temperature=config.generation.temperature,
                        top_p=config.generation.top_p,
                        max_tokens=config.generation.max_tokens,
                        model=config.generator_model)
  File "/Users/lpz/Desktop/AtomFlow/RETRO-E/src/retro_e/api.py", line 74, in complete
    response = self._request("POST", self.config.api.chat_completions_path, json=payload)
  File "/Users/lpz/Desktop/AtomFlow/RETRO-E/src/retro_e/api.py", line 123, in _request
    raise APIError(f"API request failed after retries: {last_error}")
retro_e.api.APIError: API request failed after retries: retryable HTTP 429: {"error":{"code":"model_cooldown","message":"All credentials for model gemini-3.8-flash-high are cooling down via provider antigravity","model":"gemini-3.8-flash-high","provider":"antigravity","reset_
2026-09-14 21:51:43,890 INFO HTTP Request: POST https://vps.lpzproxy.xyz/v1/chat/completions "HTTP/1.1 429 Too Many Requests"
2026-09-14 21:51:44,737 INFO HTTP Request: POST https://vps.lpzproxy.xyz/v1/chat/completions "HTTP/1.1 429 Too Many Requests"
2026-09-14 21:51:45,010 INFO HTTP Request: POST https://vps.lpzproxy.xyz/v1/chat/completions "HTTP/1.1 429 Too Many Requests"
2026-09-14 21:51:45,099 INFO HTTP Request: POST https://vps.lpzproxy.xyz/v1/chat/completions "HTTP/1.1 429 Too Many Requests"
2026-09-14 21:51:45,277 INFO HTTP Request: POST https://vps.lpzproxy.xyz/v1/chat/completions "HTTP/1.1 429 Too Many Requests"
2026-09-14 21:51:45,359 INFO HTTP Request: POST https://vps.lpzproxy.xyz/v1/chat/completions "HTTP/1.1 200 OK"
2026-09-14 21:51:46,348 INFO HTTP Request: POST https://vps.lpzproxy.xyz/v1/chat/completions "HTTP/1.1 200 OK"
2026-09-14 21:51:46,818 INFO HTTP Request: POST https://vps.lpzproxy.xyz/v1/chat/completions "HTTP/1.1 429 Too Many Requests"
2026-09-14 21:51:46,891 INFO HTTP Request: POST https://vps.lpzproxy.xyz/v1/chat/completions "HTTP/1.1 429 Too Many Requests"
2026-09-14 21:51:46,892 ERROR E_star generation failed
Traceback (most recent call last):
  File "/Users/lpz/Desktop/AtomFlow/RETRO-E/scripts/run_control_check.py", line 107, in run
    append_jsonl(path, f.result())
                       ~~~~~~~~^^
  File "/Users/lpz/.local/share/uv/python/cpython-3.13.14-macos-aarch64-none/lib/python3.13/concurrent/futures/_base.py", line 453, in result
    return self.__get_result()
           ~~~~~~~~~~~~~~~~~^^
  File "/Users/lpz/.local/share/uv/python/cpython-3.13.14-macos-aarch64-none/lib/python3.13/concurrent/futures/_base.py", line 402, in __get_result
    raise self._exception
  File "/Users/lpz/.local/share/uv/python/cpython-3.13.14-macos-aarch64-none/lib/python3.13/concurrent/futures/thread.py", line 59, in run
    result = self.fn(*self.args, **self.kwargs)
  File "/Users/lpz/Desktop/AtomFlow/RETRO-E/scripts/run_control_check.py", line 48, in generate_one
    c = client.complete(prompt, temperature=config.generation.temperature,
                        top_p=config.generation.top_p,
                        max_tokens=config.generation.max_tokens,
                        model=config.generator_model)
  File "/Users/lpz/Desktop/AtomFlow/RETRO-E/src/retro_e/api.py", line 74, in complete
    response = self._request("POST", self.config.api.chat_completions_path, json=payload)
  File "/Users/lpz/Desktop/AtomFlow/RETRO-E/src/retro_e/api.py", line 123, in _request
    raise APIError(f"API request failed after retries: {last_error}")
retro_e.api.APIError: API request failed after retries: retryable HTTP 429: {"error":{"code":"model_cooldown","message":"All credentials for model gemini-3.8-flash-high are cooling down via provider antigravity","model":"gemini-3.8-flash-high","provider":"antigravity","reset_
2026-09-14 21:51:46,894 INFO HTTP Request: POST https://vps.lpzproxy.xyz/v1/chat/completions "HTTP/1.1 429 Too Many Requests"
2026-09-14 21:51:47,065 INFO HTTP Request: POST https://vps.lpzproxy.xyz/v1/chat/completions "HTTP/1.1 429 Too Many Requests"
2026-09-14 21:51:47,076 INFO HTTP Request: POST https://vps.lpzproxy.xyz/v1/chat/completions "HTTP/1.1 429 Too Many Requests"
2026-09-14 21:51:47,174 INFO HTTP Request: POST https://vps.lpzproxy.xyz/v1/chat/completions "HTTP/1.1 429 Too Many Requests"
2026-09-14 21:51:47,440 INFO HTTP Request: POST https://vps.lpzproxy.xyz/v1/chat/completions "HTTP/1.1 429 Too Many Requests"
2026-09-14 21:51:47,504 INFO HTTP Request: POST https://vps.lpzproxy.xyz/v1/chat/completions "HTTP/1.1 429 Too Many Requests"
2026-09-14 21:51:47,505 ERROR E_star generation failed
Traceback (most recent call last):
  File "/Users/lpz/Desktop/AtomFlow/RETRO-E/scripts/run_control_check.py", line 107, in run
    append_jsonl(path, f.result())
                       ~~~~~~~~^^
  File "/Users/lpz/.local/share/uv/python/cpython-3.13.14-macos-aarch64-none/lib/python3.13/concurrent/futures/_base.py", line 453, in result
    return self.__get_result()
           ~~~~~~~~~~~~~~~~~^^
  File "/Users/lpz/.local/share/uv/python/cpython-3.13.14-macos-aarch64-none/lib/python3.13/concurrent/futures/_base.py", line 402, in __get_result
    raise self._exception
  File "/Users/lpz/.local/share/uv/python/cpython-3.13.14-macos-aarch64-none/lib/python3.13/concurrent/futures/thread.py", line 59, in run
    result = self.fn(*self.args, **self.kwargs)
  File "/Users/lpz/Desktop/AtomFlow/RETRO-E/scripts/run_control_check.py", line 48, in generate_one
    c = client.complete(prompt, temperature=config.generation.temperature,
                        top_p=config.generation.top_p,
                        max_tokens=config.generation.max_tokens,
                        model=config.generator_model)
  File "/Users/lpz/Desktop/AtomFlow/RETRO-E/src/retro_e/api.py", line 74, in complete
    response = self._request("POST", self.config.api.chat_completions_path, json=payload)
  File "/Users/lpz/Desktop/AtomFlow/RETRO-E/src/retro_e/api.py", line 123, in _request
    raise APIError(f"API request failed after retries: {last_error}")
retro_e.api.APIError: API request failed after retries: retryable HTTP 429: {"error":{"code":"model_cooldown","message":"All credentials for model gemini-3.8-flash-high are cooling down via provider antigravity","model":"gemini-3.8-flash-high","provider":"antigravity","reset_
2026-09-14 21:51:47,515 INFO HTTP Request: POST https://vps.lpzproxy.xyz/v1/chat/completions "HTTP/1.1 429 Too Many Requests"
2026-09-14 21:51:47,620 INFO HTTP Request: POST https://vps.lpzproxy.xyz/v1/chat/completions "HTTP/1.1 429 Too Many Requests"
2026-09-14 21:51:47,621 ERROR E_star generation failed
Traceback (most recent call last):
  File "/Users/lpz/Desktop/AtomFlow/RETRO-E/scripts/run_control_check.py", line 107, in run
    append_jsonl(path, f.result())
                       ~~~~~~~~^^
  File "/Users/lpz/.local/share/uv/python/cpython-3.13.14-macos-aarch64-none/lib/python3.13/concurrent/futures/_base.py", line 453, in result
    return self.__get_result()
           ~~~~~~~~~~~~~~~~~^^
  File "/Users/lpz/.local/share/uv/python/cpython-3.13.14-macos-aarch64-none/lib/python3.13/concurrent/futures/_base.py", line 402, in __get_result
    raise self._exception
  File "/Users/lpz/.local/share/uv/python/cpython-3.13.14-macos-aarch64-none/lib/python3.13/concurrent/futures/thread.py", line 59, in run
    result = self.fn(*self.args, **self.kwargs)
  File "/Users/lpz/Desktop/AtomFlow/RETRO-E/scripts/run_control_check.py", line 48, in generate_one
    c = client.complete(prompt, temperature=config.generation.temperature,
                        top_p=config.generation.top_p,
                        max_tokens=config.generation.max_tokens,
                        model=config.generator_model)
  File "/Users/lpz/Desktop/AtomFlow/RETRO-E/src/retro_e/api.py", line 74, in complete
    response = self._request("POST", self.config.api.chat_completions_path, json=payload)
  File "/Users/lpz/Desktop/AtomFlow/RETRO-E/src/retro_e/api.py", line 123, in _request
    raise APIError(f"API request failed after retries: {last_error}")
retro_e.api.APIError: API request failed after retries: retryable HTTP 429: {"error":{"code":"model_cooldown","message":"All credentials for model gemini-3.8-flash-high are cooling down via provider antigravity","model":"gemini-3.8-flash-high","provider":"antigravity","reset_
2026-09-14 21:51:47,810 INFO HTTP Request: POST https://vps.lpzproxy.xyz/v1/chat/completions "HTTP/1.1 429 Too Many Requests"
2026-09-14 21:51:47,944 INFO HTTP Request: POST https://vps.lpzproxy.xyz/v1/chat/completions "HTTP/1.1 429 Too Many Requests"
2026-09-14 21:51:48,164 INFO HTTP Request: POST https://vps.lpzproxy.xyz/v1/chat/completions "HTTP/1.1 429 Too Many Requests"
2026-09-14 21:51:48,314 INFO HTTP Request: POST https://vps.lpzproxy.xyz/v1/chat/completions "HTTP/1.1 429 Too Many Requests"
2026-09-14 21:51:48,740 INFO HTTP Request: POST https://vps.lpzproxy.xyz/v1/chat/completions "HTTP/1.1 200 OK"
2026-09-14 21:51:49,413 INFO HTTP Request: POST https://vps.lpzproxy.xyz/v1/chat/completions "HTTP/1.1 200 OK"
2026-09-14 21:51:49,676 INFO HTTP Request: POST https://vps.lpzproxy.xyz/v1/chat/completions "HTTP/1.1 200 OK"
2026-09-14 21:51:49,731 INFO HTTP Request: POST https://vps.lpzproxy.xyz/v1/chat/completions "HTTP/1.1 429 Too Many Requests"
2026-09-14 21:51:49,737 INFO HTTP Request: POST https://vps.lpzproxy.xyz/v1/chat/completions "HTTP/1.1 429 Too Many Requests"
2026-09-14 21:51:49,770 INFO HTTP Request: POST https://vps.lpzproxy.xyz/v1/chat/completions "HTTP/1.1 200 OK"
2026-09-14 21:51:50,457 INFO HTTP Request: POST https://vps.lpzproxy.xyz/v1/chat/completions "HTTP/1.1 200 OK"
2026-09-14 21:51:50,639 INFO HTTP Request: POST https://vps.lpzproxy.xyz/v1/chat/completions "HTTP/1.1 429 Too Many Requests"
2026-09-14 21:51:50,780 INFO HTTP Request: POST https://vps.lpzproxy.xyz/v1/chat/completions "HTTP/1.1 429 Too Many Requests"
2026-09-14 21:51:50,831 INFO HTTP Request: POST https://vps.lpzproxy.xyz/v1/chat/completions "HTTP/1.1 429 Too Many Requests"
2026-09-14 21:51:50,975 INFO HTTP Request: POST https://vps.lpzproxy.xyz/v1/chat/completions "HTTP/1.1 429 Too Many Requests"
2026-09-14 21:51:51,013 INFO HTTP Request: POST https://vps.lpzproxy.xyz/v1/chat/completions "HTTP/1.1 429 Too Many Requests"
2026-09-14 21:51:51,097 INFO HTTP Request: POST https://vps.lpzproxy.xyz/v1/chat/completions "HTTP/1.1 429 Too Many Requests"
2026-09-14 21:51:51,109 INFO HTTP Request: POST https://vps.lpzproxy.xyz/v1/chat/completions "HTTP/1.1 429 Too Many Requests"
2026-09-14 21:51:51,147 INFO HTTP Request: POST https://vps.lpzproxy.xyz/v1/chat/completions "HTTP/1.1 429 Too Many Requests"
2026-09-14 21:51:51,147 ERROR E_star generation failed
Traceback (most recent call last):
  File "/Users/lpz/Desktop/AtomFlow/RETRO-E/scripts/run_control_check.py", line 107, in run
    append_jsonl(path, f.result())
                       ~~~~~~~~^^
  File "/Users/lpz/.local/share/uv/python/cpython-3.13.14-macos-aarch64-none/lib/python3.13/concurrent/futures/_base.py", line 453, in result
    return self.__get_result()
           ~~~~~~~~~~~~~~~~~^^
  File "/Users/lpz/.local/share/uv/python/cpython-3.13.14-macos-aarch64-none/lib/python3.13/concurrent/futures/_base.py", line 402, in __get_result
    raise self._exception
  File "/Users/lpz/.local/share/uv/python/cpython-3.13.14-macos-aarch64-none/lib/python3.13/concurrent/futures/thread.py", line 59, in run
    result = self.fn(*self.args, **self.kwargs)
  File "/Users/lpz/Desktop/AtomFlow/RETRO-E/scripts/run_control_check.py", line 48, in generate_one
    c = client.complete(prompt, temperature=config.generation.temperature,
                        top_p=config.generation.top_p,
                        max_tokens=config.generation.max_tokens,
                        model=config.generator_model)
  File "/Users/lpz/Desktop/AtomFlow/RETRO-E/src/retro_e/api.py", line 74, in complete
    response = self._request("POST", self.config.api.chat_completions_path, json=payload)
  File "/Users/lpz/Desktop/AtomFlow/RETRO-E/src/retro_e/api.py", line 123, in _request
    raise APIError(f"API request failed after retries: {last_error}")
retro_e.api.APIError: API request failed after retries: retryable HTTP 429: {"error":{"code":"model_cooldown","message":"All credentials for model gemini-3.8-flash-high are cooling down via provider antigravity","model":"gemini-3.8-flash-high","provider":"antigravity","reset_
2026-09-14 21:51:51,221 INFO HTTP Request: POST https://vps.lpzproxy.xyz/v1/chat/completions "HTTP/1.1 429 Too Many Requests"
2026-09-14 21:51:51,231 INFO HTTP Request: POST https://vps.lpzproxy.xyz/v1/chat/completions "HTTP/1.1 429 Too Many Requests"
2026-09-14 21:51:51,264 INFO HTTP Request: POST https://vps.lpzproxy.xyz/v1/chat/completions "HTTP/1.1 429 Too Many Requests"
2026-09-14 21:51:51,570 INFO HTTP Request: POST https://vps.lpzproxy.xyz/v1/chat/completions "HTTP/1.1 429 Too Many Requests"
2026-09-14 21:51:51,688 INFO HTTP Request: POST https://vps.lpzproxy.xyz/v1/chat/completions "HTTP/1.1 429 Too Many Requests"
2026-09-14 21:51:51,688 ERROR E_star generation failed
Traceback (most recent call last):
  File "/Users/lpz/Desktop/AtomFlow/RETRO-E/scripts/run_control_check.py", line 107, in run
    append_jsonl(path, f.result())
                       ~~~~~~~~^^
  File "/Users/lpz/.local/share/uv/python/cpython-3.13.14-macos-aarch64-none/lib/python3.13/concurrent/futures/_base.py", line 453, in result
    return self.__get_result()
           ~~~~~~~~~~~~~~~~~^^
  File "/Users/lpz/.local/share/uv/python/cpython-3.13.14-macos-aarch64-none/lib/python3.13/concurrent/futures/_base.py", line 402, in __get_result
    raise self._exception
  File "/Users/lpz/.local/share/uv/python/cpython-3.13.14-macos-aarch64-none/lib/python3.13/concurrent/futures/thread.py", line 59, in run
    result = self.fn(*self.args, **self.kwargs)
  File "/Users/lpz/Desktop/AtomFlow/RETRO-E/scripts/run_control_check.py", line 48, in generate_one
    c = client.complete(prompt, temperature=config.generation.temperature,
                        top_p=config.generation.top_p,
                        max_tokens=config.generation.max_tokens,
                        model=config.generator_model)
  File "/Users/lpz/Desktop/AtomFlow/RETRO-E/src/retro_e/api.py", line 74, in complete
    response = self._request("POST", self.config.api.chat_completions_path, json=payload)
  File "/Users/lpz/Desktop/AtomFlow/RETRO-E/src/retro_e/api.py", line 123, in _request
    raise APIError(f"API request failed after retries: {last_error}")
retro_e.api.APIError: API request failed after retries: retryable HTTP 429: {"error":{"code":"model_cooldown","message":"All credentials for model gemini-3.8-flash-high are cooling down via provider antigravity","model":"gemini-3.8-flash-high","provider":"antigravity","reset_
2026-09-14 21:51:51,735 INFO HTTP Request: POST https://vps.lpzproxy.xyz/v1/chat/completions "HTTP/1.1 429 Too Many Requests"
2026-09-14 21:51:51,736 ERROR E_star generation failed
Traceback (most recent call last):
  File "/Users/lpz/Desktop/AtomFlow/RETRO-E/scripts/run_control_check.py", line 107, in run
    append_jsonl(path, f.result())
                       ~~~~~~~~^^
  File "/Users/lpz/.local/share/uv/python/cpython-3.13.14-macos-aarch64-none/lib/python3.13/concurrent/futures/_base.py", line 453, in result
    return self.__get_result()
           ~~~~~~~~~~~~~~~~~^^
  File "/Users/lpz/.local/share/uv/python/cpython-3.13.14-macos-aarch64-none/lib/python3.13/concurrent/futures/_base.py", line 402, in __get_result
    raise self._exception
  File "/Users/lpz/.local/share/uv/python/cpython-3.13.14-macos-aarch64-none/lib/python3.13/concurrent/futures/thread.py", line 59, in run
    result = self.fn(*self.args, **self.kwargs)
  File "/Users/lpz/Desktop/AtomFlow/RETRO-E/scripts/run_control_check.py", line 48, in generate_one
    c = client.complete(prompt, temperature=config.generation.temperature,
                        top_p=config.generation.top_p,
                        max_tokens=config.generation.max_tokens,
                        model=config.generator_model)
  File "/Users/lpz/Desktop/AtomFlow/RETRO-E/src/retro_e/api.py", line 74, in complete
    response = self._request("POST", self.config.api.chat_completions_path, json=payload)
  File "/Users/lpz/Desktop/AtomFlow/RETRO-E/src/retro_e/api.py", line 123, in _request
    raise APIError(f"API request failed after retries: {last_error}")
retro_e.api.APIError: API request failed after retries: retryable HTTP 429: {"error":{"code":"model_cooldown","message":"All credentials for model gemini-3.8-flash-high are cooling down via provider antigravity","model":"gemini-3.8-flash-high","provider":"antigravity","reset_
2026-09-14 21:51:51,879 INFO HTTP Request: POST https://vps.lpzproxy.xyz/v1/chat/completions "HTTP/1.1 429 Too Many Requests"
2026-09-14 21:51:51,902 INFO HTTP Request: POST https://vps.lpzproxy.xyz/v1/chat/completions "HTTP/1.1 429 Too Many Requests"
2026-09-14 21:51:51,914 INFO HTTP Request: POST https://vps.lpzproxy.xyz/v1/chat/completions "HTTP/1.1 200 OK"
2026-09-14 21:51:52,745 INFO HTTP Request: POST https://vps.lpzproxy.xyz/v1/chat/completions "HTTP/1.1 429 Too Many Requests"
2026-09-14 21:51:52,747 INFO HTTP Request: POST https://vps.lpzproxy.xyz/v1/chat/completions "HTTP/1.1 429 Too Many Requests"
2026-09-14 21:51:52,771 INFO HTTP Request: POST https://vps.lpzproxy.xyz/v1/chat/completions "HTTP/1.1 429 Too Many Requests"
2026-09-14 21:51:52,899 INFO HTTP Request: POST https://vps.lpzproxy.xyz/v1/chat/completions "HTTP/1.1 429 Too Many Requests"
2026-09-14 21:51:52,900 ERROR E_star generation failed
Traceback (most recent call last):
  File "/Users/lpz/Desktop/AtomFlow/RETRO-E/scripts/run_control_check.py", line 107, in run
    append_jsonl(path, f.result())
                       ~~~~~~~~^^
  File "/Users/lpz/.local/share/uv/python/cpython-3.13.14-macos-aarch64-none/lib/python3.13/concurrent/futures/_base.py", line 453, in result
    return self.__get_result()
           ~~~~~~~~~~~~~~~~~^^
  File "/Users/lpz/.local/share/uv/python/cpython-3.13.14-macos-aarch64-none/lib/python3.13/concurrent/futures/_base.py", line 402, in __get_result
    raise self._exception
  File "/Users/lpz/.local/share/uv/python/cpython-3.13.14-macos-aarch64-none/lib/python3.13/concurrent/futures/thread.py", line 59, in run
    result = self.fn(*self.args, **self.kwargs)
  File "/Users/lpz/Desktop/AtomFlow/RETRO-E/scripts/run_control_check.py", line 48, in generate_one
    c = client.complete(prompt, temperature=config.generation.temperature,
                        top_p=config.generation.top_p,
                        max_tokens=config.generation.max_tokens,
                        model=config.generator_model)
  File "/Users/lpz/Desktop/AtomFlow/RETRO-E/src/retro_e/api.py", line 74, in complete
    response = self._request("POST", self.config.api.chat_completions_path, json=payload)
  File "/Users/lpz/Desktop/AtomFlow/RETRO-E/src/retro_e/api.py", line 123, in _request
    raise APIError(f"API request failed after retries: {last_error}")
retro_e.api.APIError: API request failed after retries: retryable HTTP 429: {"error":{"code":"model_cooldown","message":"All credentials for model gemini-3.8-flash-high are cooling down via provider antigravity","model":"gemini-3.8-flash-high","provider":"antigravity","reset_
2026-09-14 21:51:52,913 INFO HTTP Request: POST https://vps.lpzproxy.xyz/v1/chat/completions "HTTP/1.1 429 Too Many Requests"
2026-09-14 21:51:52,969 INFO HTTP Request: POST https://vps.lpzproxy.xyz/v1/chat/completions "HTTP/1.1 429 Too Many Requests"
2026-09-14 21:51:53,050 INFO HTTP Request: POST https://vps.lpzproxy.xyz/v1/chat/completions "HTTP/1.1 429 Too Many Requests"
2026-09-14 21:51:53,073 INFO HTTP Request: POST https://vps.lpzproxy.xyz/v1/chat/completions "HTTP/1.1 429 Too Many Requests"
2026-09-14 21:51:53,126 INFO HTTP Request: POST https://vps.lpzproxy.xyz/v1/chat/completions "HTTP/1.1 429 Too Many Requests"
2026-09-14 21:51:53,343 INFO HTTP Request: POST https://vps.lpzproxy.xyz/v1/chat/completions "HTTP/1.1 429 Too Many Requests"
2026-09-14 21:51:53,353 INFO HTTP Request: POST https://vps.lpzproxy.xyz/v1/chat/completions "HTTP/1.1 429 Too Many Requests"
2026-09-14 21:51:53,400 INFO HTTP Request: POST https://vps.lpzproxy.xyz/v1/chat/completions "HTTP/1.1 429 Too Many Requests"
2026-09-14 21:51:53,427 INFO HTTP Request: POST https://vps.lpzproxy.xyz/v1/chat/completions "HTTP/1.1 429 Too Many Requests"
2026-09-14 21:51:53,605 INFO HTTP Request: POST https://vps.lpzproxy.xyz/v1/chat/completions "HTTP/1.1 429 Too Many Requests"
2026-09-14 21:51:53,751 INFO HTTP Request: POST https://vps.lpzproxy.xyz/v1/chat/completions "HTTP/1.1 429 Too Many Requests"
2026-09-14 21:51:54,176 INFO HTTP Request: POST https://vps.lpzproxy.xyz/v1/chat/completions "HTTP/1.1 429 Too Many Requests"
2026-09-14 21:51:54,177 INFO HTTP Request: POST https://vps.lpzproxy.xyz/v1/chat/completions "HTTP/1.1 429 Too Many Requests"
2026-09-14 21:51:54,259 INFO HTTP Request: POST https://vps.lpzproxy.xyz/v1/chat/completions "HTTP/1.1 429 Too Many Requests"
2026-09-14 21:51:54,447 INFO HTTP Request: POST https://vps.lpzproxy.xyz/v1/chat/completions "HTTP/1.1 200 OK"
2026-09-14 21:51:54,610 INFO HTTP Request: POST https://vps.lpzproxy.xyz/v1/chat/completions "HTTP/1.1 200 OK"
2026-09-14 21:51:54,885 INFO HTTP Request: POST https://vps.lpzproxy.xyz/v1/chat/completions "HTTP/1.1 200 OK"
2026-09-14 21:51:54,930 INFO HTTP Request: POST https://vps.lpzproxy.xyz/v1/chat/completions "HTTP/1.1 200 OK"
2026-09-14 21:51:55,356 INFO HTTP Request: POST https://vps.lpzproxy.xyz/v1/chat/completions "HTTP/1.1 429 Too Many Requests"
2026-09-14 21:51:55,555 INFO HTTP Request: POST https://vps.lpzproxy.xyz/v1/chat/completions "HTTP/1.1 429 Too Many Requests"
2026-09-14 21:51:55,603 INFO HTTP Request: POST https://vps.lpzproxy.xyz/v1/chat/completions "HTTP/1.1 429 Too Many Requests"
2026-09-14 21:51:55,626 INFO HTTP Request: POST https://vps.lpzproxy.xyz/v1/chat/completions "HTTP/1.1 429 Too Many Requests"
2026-09-14 21:51:55,717 INFO HTTP Request: POST https://vps.lpzproxy.xyz/v1/chat/completions "HTTP/1.1 429 Too Many Requests"
2026-09-14 21:51:55,768 INFO HTTP Request: POST https://vps.lpzproxy.xyz/v1/chat/completions "HTTP/1.1 429 Too Many Requests"
2026-09-14 21:51:55,779 INFO HTTP Request: POST https://vps.lpzproxy.xyz/v1/chat/completions "HTTP/1.1 429 Too Many Requests"
2026-09-14 21:51:55,784 INFO HTTP Request: POST https://vps.lpzproxy.xyz/v1/chat/completions "HTTP/1.1 429 Too Many Requests"
2026-09-14 21:51:55,890 INFO HTTP Request: POST https://vps.lpzproxy.xyz/v1/chat/completions "HTTP/1.1 429 Too Many Requests"
2026-09-14 21:51:56,033 INFO HTTP Request: POST https://vps.lpzproxy.xyz/v1/chat/completions "HTTP/1.1 429 Too Many Requests"
2026-09-14 21:51:56,033 INFO HTTP Request: POST https://vps.lpzproxy.xyz/v1/chat/completions "HTTP/1.1 429 Too Many Requests"
2026-09-14 21:51:56,064 INFO HTTP Request: POST https://vps.lpzproxy.xyz/v1/chat/completions "HTTP/1.1 429 Too Many Requests"
2026-09-14 21:51:56,181 INFO HTTP Request: POST https://vps.lpzproxy.xyz/v1/chat/completions "HTTP/1.1 429 Too Many Requests"
2026-09-14 21:51:56,237 INFO HTTP Request: POST https://vps.lpzproxy.xyz/v1/chat/completions "HTTP/1.1 429 Too Many Requests"
2026-09-14 21:51:56,295 INFO HTTP Request: POST https://vps.lpzproxy.xyz/v1/chat/completions "HTTP/1.1 429 Too Many Requests"
2026-09-14 21:51:56,355 INFO HTTP Request: POST https://vps.lpzproxy.xyz/v1/chat/completions "HTTP/1.1 429 Too Many Requests"
2026-09-14 21:51:56,451 INFO HTTP Request: POST https://vps.lpzproxy.xyz/v1/chat/completions "HTTP/1.1 429 Too Many Requests"
2026-09-14 21:51:56,868 INFO HTTP Request: POST https://vps.lpzproxy.xyz/v1/chat/completions "HTTP/1.1 200 OK"
2026-09-14 21:51:57,789 INFO HTTP Request: POST https://vps.lpzproxy.xyz/v1/chat/completions "HTTP/1.1 429 Too Many Requests"
2026-09-14 21:51:57,873 INFO HTTP Request: POST https://vps.lpzproxy.xyz/v1/chat/completions "HTTP/1.1 429 Too Many Requests"
2026-09-14 21:51:57,970 INFO HTTP Request: POST https://vps.lpzproxy.xyz/v1/chat/completions "HTTP/1.1 429 Too Many Requests"
2026-09-14 21:51:58,219 INFO HTTP Request: POST https://vps.lpzproxy.xyz/v1/chat/completions "HTTP/1.1 429 Too Many Requests"
2026-09-14 21:51:58,301 INFO HTTP Request: POST https://vps.lpzproxy.xyz/v1/chat/completions "HTTP/1.1 429 Too Many Requests"
2026-09-14 21:51:58,333 INFO HTTP Request: POST https://vps.lpzproxy.xyz/v1/chat/completions "HTTP/1.1 429 Too Many Requests"
2026-09-14 21:51:58,336 INFO HTTP Request: POST https://vps.lpzproxy.xyz/v1/chat/completions "HTTP/1.1 429 Too Many Requests"
2026-09-14 21:51:58,502 INFO HTTP Request: POST https://vps.lpzproxy.xyz/v1/chat/completions "HTTP/1.1 429 Too Many Requests"
2026-09-14 21:51:58,503 INFO HTTP Request: POST https://vps.lpzproxy.xyz/v1/chat/completions "HTTP/1.1 429 Too Many Requests"
2026-09-14 21:51:58,535 INFO HTTP Request: POST https://vps.lpzproxy.xyz/v1/chat/completions "HTTP/1.1 429 Too Many Requests"
2026-09-14 21:51:58,554 INFO HTTP Request: POST https://vps.lpzproxy.xyz/v1/chat/completions "HTTP/1.1 429 Too Many Requests"
2026-09-14 21:51:58,839 INFO HTTP Request: POST https://vps.lpzproxy.xyz/v1/chat/completions "HTTP/1.1 429 Too Many Requests"
2026-09-14 21:51:58,873 INFO HTTP Request: POST https://vps.lpzproxy.xyz/v1/chat/completions "HTTP/1.1 429 Too Many Requests"
2026-09-14 21:51:59,079 INFO HTTP Request: POST https://vps.lpzproxy.xyz/v1/chat/completions "HTTP/1.1 429 Too Many Requests"
2026-09-14 21:52:00,354 INFO HTTP Request: POST https://vps.lpzproxy.xyz/v1/chat/completions "HTTP/1.1 429 Too Many Requests"
2026-09-14 21:52:00,463 INFO HTTP Request: POST https://vps.lpzproxy.xyz/v1/chat/completions "HTTP/1.1 429 Too Many Requests"
2026-09-14 21:52:00,810 INFO HTTP Request: POST https://vps.lpzproxy.xyz/v1/chat/completions "HTTP/1.1 429 Too Many Requests"
2026-09-14 21:52:01,250 INFO HTTP Request: POST https://vps.lpzproxy.xyz/v1/chat/completions "HTTP/1.1 429 Too Many Requests"
2026-09-14 21:52:01,296 INFO HTTP Request: POST https://vps.lpzproxy.xyz/v1/chat/completions "HTTP/1.1 429 Too Many Requests"
2026-09-14 21:52:01,329 INFO HTTP Request: POST https://vps.lpzproxy.xyz/v1/chat/completions "HTTP/1.1 429 Too Many Requests"
2026-09-14 21:52:02,344 INFO HTTP Request: POST https://vps.lpzproxy.xyz/v1/chat/completions "HTTP/1.1 429 Too Many Requests"
2026-09-14 21:52:02,412 INFO HTTP Request: POST https://vps.lpzproxy.xyz/v1/chat/completions "HTTP/1.1 429 Too Many Requests"
2026-09-14 21:52:02,451 INFO HTTP Request: POST https://vps.lpzproxy.xyz/v1/chat/completions "HTTP/1.1 429 Too Many Requests"
2026-09-14 21:52:02,641 INFO HTTP Request: POST https://vps.lpzproxy.xyz/v1/chat/completions "HTTP/1.1 429 Too Many Requests"
2026-09-14 21:52:02,642 INFO HTTP Request: POST https://vps.lpzproxy.xyz/v1/chat/completions "HTTP/1.1 429 Too Many Requests"
2026-09-14 21:52:02,819 INFO HTTP Request: POST https://vps.lpzproxy.xyz/v1/chat/completions "HTTP/1.1 429 Too Many Requests"
2026-09-14 21:52:02,820 ERROR E_star generation failed
Traceback (most recent call last):
  File "/Users/lpz/Desktop/AtomFlow/RETRO-E/scripts/run_control_check.py", line 107, in run
    append_jsonl(path, f.result())
                       ~~~~~~~~^^
  File "/Users/lpz/.local/share/uv/python/cpython-3.13.14-macos-aarch64-none/lib/python3.13/concurrent/futures/_base.py", line 453, in result
    return self.__get_result()
           ~~~~~~~~~~~~~~~~~^^
  File "/Users/lpz/.local/share/uv/python/cpython-3.13.14-macos-aarch64-none/lib/python3.13/concurrent/futures/_base.py", line 402, in __get_result
    raise self._exception
  File "/Users/lpz/.local/share/uv/python/cpython-3.13.14-macos-aarch64-none/lib/python3.13/concurrent/futures/thread.py", line 59, in run
    result = self.fn(*self.args, **self.kwargs)
  File "/Users/lpz/Desktop/AtomFlow/RETRO-E/scripts/run_control_check.py", line 48, in generate_one
    c = client.complete(prompt, temperature=config.generation.temperature,
                        top_p=config.generation.top_p,
                        max_tokens=config.generation.max_tokens,
                        model=config.generator_model)
  File "/Users/lpz/Desktop/AtomFlow/RETRO-E/src/retro_e/api.py", line 74, in complete
    response = self._request("POST", self.config.api.chat_completions_path, json=payload)
  File "/Users/lpz/Desktop/AtomFlow/RETRO-E/src/retro_e/api.py", line 123, in _request
    raise APIError(f"API request failed after retries: {last_error}")
retro_e.api.APIError: API request failed after retries: retryable HTTP 429: {"error":{"code":"model_cooldown","message":"All credentials for model gemini-3.8-flash-high are cooling down via provider antigravity","model":"gemini-3.8-flash-high","provider":"antigravity","reset_
2026-09-14 21:52:02,853 INFO HTTP Request: POST https://vps.lpzproxy.xyz/v1/chat/completions "HTTP/1.1 429 Too Many Requests"
2026-09-14 21:52:02,853 ERROR E_star generation failed
Traceback (most recent call last):
  File "/Users/lpz/Desktop/AtomFlow/RETRO-E/scripts/run_control_check.py", line 107, in run
    append_jsonl(path, f.result())
                       ~~~~~~~~^^
  File "/Users/lpz/.local/share/uv/python/cpython-3.13.14-macos-aarch64-none/lib/python3.13/concurrent/futures/_base.py", line 453, in result
    return self.__get_result()
           ~~~~~~~~~~~~~~~~~^^
  File "/Users/lpz/.local/share/uv/python/cpython-3.13.14-macos-aarch64-none/lib/python3.13/concurrent/futures/_base.py", line 402, in __get_result
    raise self._exception
  File "/Users/lpz/.local/share/uv/python/cpython-3.13.14-macos-aarch64-none/lib/python3.13/concurrent/futures/thread.py", line 59, in run
    result = self.fn(*self.args, **self.kwargs)
  File "/Users/lpz/Desktop/AtomFlow/RETRO-E/scripts/run_control_check.py", line 48, in generate_one
    c = client.complete(prompt, temperature=config.generation.temperature,
                        top_p=config.generation.top_p,
                        max_tokens=config.generation.max_tokens,
                        model=config.generator_model)
  File "/Users/lpz/Desktop/AtomFlow/RETRO-E/src/retro_e/api.py", line 74, in complete
    response = self._request("POST", self.config.api.chat_completions_path, json=payload)
  File "/Users/lpz/Desktop/AtomFlow/RETRO-E/src/retro_e/api.py", line 123, in _request
    raise APIError(f"API request failed after retries: {last_error}")
retro_e.api.APIError: API request failed after retries: retryable HTTP 429: {
  "error": {
    "code": 429,
    "message": "Individual quota reached. Please upgrade your subscription to increase your limits. Resets in 4h31m23s.",
    "status": "RESOURCE_EXHAUSTED",
    "detai
2026-09-14 21:52:02,919 INFO HTTP Request: POST https://vps.lpzproxy.xyz/v1/chat/completions "HTTP/1.1 429 Too Many Requests"
2026-09-14 21:52:02,929 INFO HTTP Request: POST https://vps.lpzproxy.xyz/v1/chat/completions "HTTP/1.1 429 Too Many Requests"
2026-09-14 21:52:03,213 INFO HTTP Request: POST https://vps.lpzproxy.xyz/v1/chat/completions "HTTP/1.1 429 Too Many Requests"
2026-09-14 21:52:03,307 INFO HTTP Request: POST https://vps.lpzproxy.xyz/v1/chat/completions "HTTP/1.1 429 Too Many Requests"
2026-09-14 21:52:03,308 ERROR E_star generation failed
Traceback (most recent call last):
  File "/Users/lpz/Desktop/AtomFlow/RETRO-E/scripts/run_control_check.py", line 107, in run
    append_jsonl(path, f.result())
                       ~~~~~~~~^^
  File "/Users/lpz/.local/share/uv/python/cpython-3.13.14-macos-aarch64-none/lib/python3.13/concurrent/futures/_base.py", line 453, in result
    return self.__get_result()
           ~~~~~~~~~~~~~~~~~^^
  File "/Users/lpz/.local/share/uv/python/cpython-3.13.14-macos-aarch64-none/lib/python3.13/concurrent/futures/_base.py", line 402, in __get_result
    raise self._exception
  File "/Users/lpz/.local/share/uv/python/cpython-3.13.14-macos-aarch64-none/lib/python3.13/concurrent/futures/thread.py", line 59, in run
    result = self.fn(*self.args, **self.kwargs)
  File "/Users/lpz/Desktop/AtomFlow/RETRO-E/scripts/run_control_check.py", line 48, in generate_one
    c = client.complete(prompt, temperature=config.generation.temperature,
                        top_p=config.generation.top_p,
                        max_tokens=config.generation.max_tokens,
                        model=config.generator_model)
  File "/Users/lpz/Desktop/AtomFlow/RETRO-E/src/retro_e/api.py", line 74, in complete
    response = self._request("POST", self.config.api.chat_completions_path, json=payload)
  File "/Users/lpz/Desktop/AtomFlow/RETRO-E/src/retro_e/api.py", line 123, in _request
    raise APIError(f"API request failed after retries: {last_error}")
retro_e.api.APIError: API request failed after retries: retryable HTTP 429: {"error":{"code":"model_cooldown","message":"All credentials for model gemini-3.8-flash-high are cooling down via provider antigravity","model":"gemini-3.8-flash-high","provider":"antigravity","reset_
2026-09-14 21:52:03,394 INFO HTTP Request: POST https://vps.lpzproxy.xyz/v1/chat/completions "HTTP/1.1 429 Too Many Requests"
2026-09-14 21:52:03,395 ERROR E_star generation failed
Traceback (most recent call last):
  File "/Users/lpz/Desktop/AtomFlow/RETRO-E/scripts/run_control_check.py", line 107, in run
    append_jsonl(path, f.result())
                       ~~~~~~~~^^
  File "/Users/lpz/.local/share/uv/python/cpython-3.13.14-macos-aarch64-none/lib/python3.13/concurrent/futures/_base.py", line 453, in result
    return self.__get_result()
           ~~~~~~~~~~~~~~~~~^^
  File "/Users/lpz/.local/share/uv/python/cpython-3.13.14-macos-aarch64-none/lib/python3.13/concurrent/futures/_base.py", line 402, in __get_result
    raise self._exception
  File "/Users/lpz/.local/share/uv/python/cpython-3.13.14-macos-aarch64-none/lib/python3.13/concurrent/futures/thread.py", line 59, in run
    result = self.fn(*self.args, **self.kwargs)
  File "/Users/lpz/Desktop/AtomFlow/RETRO-E/scripts/run_control_check.py", line 48, in generate_one
    c = client.complete(prompt, temperature=config.generation.temperature,
                        top_p=config.generation.top_p,
                        max_tokens=config.generation.max_tokens,
                        model=config.generator_model)
  File "/Users/lpz/Desktop/AtomFlow/RETRO-E/src/retro_e/api.py", line 74, in complete
    response = self._request("POST", self.config.api.chat_completions_path, json=payload)
  File "/Users/lpz/Desktop/AtomFlow/RETRO-E/src/retro_e/api.py", line 123, in _request
    raise APIError(f"API request failed after retries: {last_error}")
retro_e.api.APIError: API request failed after retries: retryable HTTP 429: {"error":{"code":"model_cooldown","message":"All credentials for model gemini-3.8-flash-high are cooling down via provider antigravity","model":"gemini-3.8-flash-high","provider":"antigravity","reset_
2026-09-14 21:52:03,412 INFO HTTP Request: POST https://vps.lpzproxy.xyz/v1/chat/completions "HTTP/1.1 429 Too Many Requests"
2026-09-14 21:52:03,546 INFO HTTP Request: POST https://vps.lpzproxy.xyz/v1/chat/completions "HTTP/1.1 429 Too Many Requests"
2026-09-14 21:52:03,625 INFO HTTP Request: POST https://vps.lpzproxy.xyz/v1/chat/completions "HTTP/1.1 429 Too Many Requests"
2026-09-14 21:52:03,698 INFO HTTP Request: POST https://vps.lpzproxy.xyz/v1/chat/completions "HTTP/1.1 429 Too Many Requests"
2026-09-14 21:52:03,779 INFO HTTP Request: POST https://vps.lpzproxy.xyz/v1/chat/completions "HTTP/1.1 429 Too Many Requests"
2026-09-14 21:52:03,780 ERROR E_star generation failed
Traceback (most recent call last):
  File "/Users/lpz/Desktop/AtomFlow/RETRO-E/scripts/run_control_check.py", line 107, in run
    append_jsonl(path, f.result())
                       ~~~~~~~~^^
  File "/Users/lpz/.local/share/uv/python/cpython-3.13.14-macos-aarch64-none/lib/python3.13/concurrent/futures/_base.py", line 453, in result
    return self.__get_result()
           ~~~~~~~~~~~~~~~~~^^
  File "/Users/lpz/.local/share/uv/python/cpython-3.13.14-macos-aarch64-none/lib/python3.13/concurrent/futures/_base.py", line 402, in __get_result
    raise self._exception
  File "/Users/lpz/.local/share/uv/python/cpython-3.13.14-macos-aarch64-none/lib/python3.13/concurrent/futures/thread.py", line 59, in run
    result = self.fn(*self.args, **self.kwargs)
  File "/Users/lpz/Desktop/AtomFlow/RETRO-E/scripts/run_control_check.py", line 48, in generate_one
    c = client.complete(prompt, temperature=config.generation.temperature,
                        top_p=config.generation.top_p,
                        max_tokens=config.generation.max_tokens,
                        model=config.generator_model)
  File "/Users/lpz/Desktop/AtomFlow/RETRO-E/src/retro_e/api.py", line 74, in complete
    response = self._request("POST", self.config.api.chat_completions_path, json=payload)
  File "/Users/lpz/Desktop/AtomFlow/RETRO-E/src/retro_e/api.py", line 123, in _request
    raise APIError(f"API request failed after retries: {last_error}")
retro_e.api.APIError: API request failed after retries: retryable HTTP 429: {"error":{"code":"model_cooldown","message":"All credentials for model gemini-3.8-flash-high are cooling down via provider antigravity","model":"gemini-3.8-flash-high","provider":"antigravity","reset_
2026-09-14 21:52:03,938 INFO HTTP Request: POST https://vps.lpzproxy.xyz/v1/chat/completions "HTTP/1.1 429 Too Many Requests"
2026-09-14 21:52:04,270 INFO HTTP Request: POST https://vps.lpzproxy.xyz/v1/chat/completions "HTTP/1.1 429 Too Many Requests"
2026-09-14 21:52:04,279 INFO HTTP Request: POST https://vps.lpzproxy.xyz/v1/chat/completions "HTTP/1.1 429 Too Many Requests"
2026-09-14 21:52:04,953 INFO HTTP Request: POST https://vps.lpzproxy.xyz/v1/chat/completions "HTTP/1.1 200 OK"
2026-09-14 21:52:05,280 INFO HTTP Request: POST https://vps.lpzproxy.xyz/v1/chat/completions "HTTP/1.1 200 OK"
2026-09-14 21:52:05,626 INFO HTTP Request: POST https://vps.lpzproxy.xyz/v1/chat/completions "HTTP/1.1 429 Too Many Requests"
2026-09-14 21:52:05,649 INFO HTTP Request: POST https://vps.lpzproxy.xyz/v1/chat/completions "HTTP/1.1 429 Too Many Requests"
2026-09-14 21:52:05,765 INFO HTTP Request: POST https://vps.lpzproxy.xyz/v1/chat/completions "HTTP/1.1 429 Too Many Requests"
2026-09-14 21:52:05,765 ERROR E_star generation failed
Traceback (most recent call last):
  File "/Users/lpz/Desktop/AtomFlow/RETRO-E/scripts/run_control_check.py", line 107, in run
    append_jsonl(path, f.result())
                       ~~~~~~~~^^
  File "/Users/lpz/.local/share/uv/python/cpython-3.13.14-macos-aarch64-none/lib/python3.13/concurrent/futures/_base.py", line 453, in result
    return self.__get_result()
           ~~~~~~~~~~~~~~~~~^^
  File "/Users/lpz/.local/share/uv/python/cpython-3.13.14-macos-aarch64-none/lib/python3.13/concurrent/futures/_base.py", line 402, in __get_result
    raise self._exception
  File "/Users/lpz/.local/share/uv/python/cpython-3.13.14-macos-aarch64-none/lib/python3.13/concurrent/futures/thread.py", line 59, in run
    result = self.fn(*self.args, **self.kwargs)
  File "/Users/lpz/Desktop/AtomFlow/RETRO-E/scripts/run_control_check.py", line 48, in generate_one
    c = client.complete(prompt, temperature=config.generation.temperature,
                        top_p=config.generation.top_p,
                        max_tokens=config.generation.max_tokens,
                        model=config.generator_model)
  File "/Users/lpz/Desktop/AtomFlow/RETRO-E/src/retro_e/api.py", line 74, in complete
    response = self._request("POST", self.config.api.chat_completions_path, json=payload)
  File "/Users/lpz/Desktop/AtomFlow/RETRO-E/src/retro_e/api.py", line 123, in _request
    raise APIError(f"API request failed after retries: {last_error}")
retro_e.api.APIError: API request failed after retries: retryable HTTP 429: {"error":{"code":"model_cooldown","message":"All credentials for model gemini-3.8-flash-high are cooling down via provider antigravity","model":"gemini-3.8-flash-high","provider":"antigravity","reset_
2026-09-14 21:52:05,829 INFO HTTP Request: POST https://vps.lpzproxy.xyz/v1/chat/completions "HTTP/1.1 429 Too Many Requests"
2026-09-14 21:52:05,830 ERROR E_star generation failed
Traceback (most recent call last):
  File "/Users/lpz/Desktop/AtomFlow/RETRO-E/scripts/run_control_check.py", line 107, in run
    append_jsonl(path, f.result())
                       ~~~~~~~~^^
  File "/Users/lpz/.local/share/uv/python/cpython-3.13.14-macos-aarch64-none/lib/python3.13/concurrent/futures/_base.py", line 453, in result
    return self.__get_result()
           ~~~~~~~~~~~~~~~~~^^
  File "/Users/lpz/.local/share/uv/python/cpython-3.13.14-macos-aarch64-none/lib/python3.13/concurrent/futures/_base.py", line 402, in __get_result
    raise self._exception
  File "/Users/lpz/.local/share/uv/python/cpython-3.13.14-macos-aarch64-none/lib/python3.13/concurrent/futures/thread.py", line 59, in run
    result = self.fn(*self.args, **self.kwargs)
  File "/Users/lpz/Desktop/AtomFlow/RETRO-E/scripts/run_control_check.py", line 48, in generate_one
    c = client.complete(prompt, temperature=config.generation.temperature,
                        top_p=config.generation.top_p,
                        max_tokens=config.generation.max_tokens,
                        model=config.generator_model)
  File "/Users/lpz/Desktop/AtomFlow/RETRO-E/src/retro_e/api.py", line 74, in complete
    response = self._request("POST", self.config.api.chat_completions_path, json=payload)
  File "/Users/lpz/Desktop/AtomFlow/RETRO-E/src/retro_e/api.py", line 123, in _request
    raise APIError(f"API request failed after retries: {last_error}")
retro_e.api.APIError: API request failed after retries: retryable HTTP 429: {"error":{"code":"model_cooldown","message":"All credentials for model gemini-3.8-flash-high are cooling down via provider antigravity","model":"gemini-3.8-flash-high","provider":"antigravity","reset_
2026-09-14 21:52:05,939 INFO HTTP Request: POST https://vps.lpzproxy.xyz/v1/chat/completions "HTTP/1.1 429 Too Many Requests"
2026-09-14 21:52:06,370 INFO HTTP Request: POST https://vps.lpzproxy.xyz/v1/chat/completions "HTTP/1.1 429 Too Many Requests"
2026-09-14 21:52:06,370 INFO HTTP Request: POST https://vps.lpzproxy.xyz/v1/chat/completions "HTTP/1.1 429 Too Many Requests"
2026-09-14 21:52:06,454 INFO HTTP Request: POST https://vps.lpzproxy.xyz/v1/chat/completions "HTTP/1.1 429 Too Many Requests"
2026-09-14 21:52:06,454 ERROR E_star generation failed
Traceback (most recent call last):
  File "/Users/lpz/Desktop/AtomFlow/RETRO-E/scripts/run_control_check.py", line 107, in run
    append_jsonl(path, f.result())
                       ~~~~~~~~^^
  File "/Users/lpz/.local/share/uv/python/cpython-3.13.14-macos-aarch64-none/lib/python3.13/concurrent/futures/_base.py", line 453, in result
    return self.__get_result()
           ~~~~~~~~~~~~~~~~~^^
  File "/Users/lpz/.local/share/uv/python/cpython-3.13.14-macos-aarch64-none/lib/python3.13/concurrent/futures/_base.py", line 402, in __get_result
    raise self._exception
  File "/Users/lpz/.local/share/uv/python/cpython-3.13.14-macos-aarch64-none/lib/python3.13/concurrent/futures/thread.py", line 59, in run
    result = self.fn(*self.args, **self.kwargs)
  File "/Users/lpz/Desktop/AtomFlow/RETRO-E/scripts/run_control_check.py", line 48, in generate_one
    c = client.complete(prompt, temperature=config.generation.temperature,
                        top_p=config.generation.top_p,
                        max_tokens=config.generation.max_tokens,
                        model=config.generator_model)
  File "/Users/lpz/Desktop/AtomFlow/RETRO-E/src/retro_e/api.py", line 74, in complete
    response = self._request("POST", self.config.api.chat_completions_path, json=payload)
  File "/Users/lpz/Desktop/AtomFlow/RETRO-E/src/retro_e/api.py", line 123, in _request
    raise APIError(f"API request failed after retries: {last_error}")
retro_e.api.APIError: API request failed after retries: retryable HTTP 429: {"error":{"code":"model_cooldown","message":"All credentials for model gemini-3.8-flash-high are cooling down via provider antigravity","model":"gemini-3.8-flash-high","provider":"antigravity","reset_
2026-09-14 21:52:06,629 INFO HTTP Request: POST https://vps.lpzproxy.xyz/v1/chat/completions "HTTP/1.1 429 Too Many Requests"
2026-09-14 21:52:06,689 INFO HTTP Request: POST https://vps.lpzproxy.xyz/v1/chat/completions "HTTP/1.1 429 Too Many Requests"
2026-09-14 21:52:06,694 INFO HTTP Request: POST https://vps.lpzproxy.xyz/v1/chat/completions "HTTP/1.1 200 OK"
2026-09-14 21:52:07,604 INFO HTTP Request: POST https://vps.lpzproxy.xyz/v1/chat/completions "HTTP/1.1 429 Too Many Requests"
2026-09-14 21:52:07,773 INFO HTTP Request: POST https://vps.lpzproxy.xyz/v1/chat/completions "HTTP/1.1 429 Too Many Requests"
2026-09-14 21:52:07,872 INFO HTTP Request: POST https://vps.lpzproxy.xyz/v1/chat/completions "HTTP/1.1 429 Too Many Requests"
2026-09-14 21:52:07,894 INFO HTTP Request: POST https://vps.lpzproxy.xyz/v1/chat/completions "HTTP/1.1 429 Too Many Requests"
2026-09-14 21:52:07,987 INFO HTTP Request: POST https://vps.lpzproxy.xyz/v1/chat/completions "HTTP/1.1 429 Too Many Requests"
2026-09-14 21:52:08,056 INFO HTTP Request: POST https://vps.lpzproxy.xyz/v1/chat/completions "HTTP/1.1 429 Too Many Requests"
2026-09-14 21:52:08,094 INFO HTTP Request: POST https://vps.lpzproxy.xyz/v1/chat/completions "HTTP/1.1 429 Too Many Requests"
2026-09-14 21:52:08,179 INFO HTTP Request: POST https://vps.lpzproxy.xyz/v1/chat/completions "HTTP/1.1 429 Too Many Requests"
2026-09-14 21:52:08,209 INFO HTTP Request: POST https://vps.lpzproxy.xyz/v1/chat/completions "HTTP/1.1 429 Too Many Requests"
2026-09-14 21:52:08,290 INFO HTTP Request: POST https://vps.lpzproxy.xyz/v1/chat/completions "HTTP/1.1 429 Too Many Requests"
2026-09-14 21:52:08,327 INFO HTTP Request: POST https://vps.lpzproxy.xyz/v1/chat/completions "HTTP/1.1 429 Too Many Requests"
2026-09-14 21:52:08,378 INFO HTTP Request: POST https://vps.lpzproxy.xyz/v1/chat/completions "HTTP/1.1 429 Too Many Requests"
2026-09-14 21:52:08,413 INFO HTTP Request: POST https://vps.lpzproxy.xyz/v1/chat/completions "HTTP/1.1 429 Too Many Requests"
2026-09-14 21:52:08,423 INFO HTTP Request: POST https://vps.lpzproxy.xyz/v1/chat/completions "HTTP/1.1 429 Too Many Requests"
2026-09-14 21:52:08,462 INFO HTTP Request: POST https://vps.lpzproxy.xyz/v1/chat/completions "HTTP/1.1 429 Too Many Requests"
2026-09-14 21:52:08,462 ERROR E_star generation failed
Traceback (most recent call last):
  File "/Users/lpz/Desktop/AtomFlow/RETRO-E/scripts/run_control_check.py", line 107, in run
    append_jsonl(path, f.result())
                       ~~~~~~~~^^
  File "/Users/lpz/.local/share/uv/python/cpython-3.13.14-macos-aarch64-none/lib/python3.13/concurrent/futures/_base.py", line 453, in result
    return self.__get_result()
           ~~~~~~~~~~~~~~~~~^^
  File "/Users/lpz/.local/share/uv/python/cpython-3.13.14-macos-aarch64-none/lib/python3.13/concurrent/futures/_base.py", line 402, in __get_result
    raise self._exception
  File "/Users/lpz/.local/share/uv/python/cpython-3.13.14-macos-aarch64-none/lib/python3.13/concurrent/futures/thread.py", line 59, in run
    result = self.fn(*self.args, **self.kwargs)
  File "/Users/lpz/Desktop/AtomFlow/RETRO-E/scripts/run_control_check.py", line 48, in generate_one
    c = client.complete(prompt, temperature=config.generation.temperature,
                        top_p=config.generation.top_p,
                        max_tokens=config.generation.max_tokens,
                        model=config.generator_model)
  File "/Users/lpz/Desktop/AtomFlow/RETRO-E/src/retro_e/api.py", line 74, in complete
    response = self._request("POST", self.config.api.chat_completions_path, json=payload)
  File "/Users/lpz/Desktop/AtomFlow/RETRO-E/src/retro_e/api.py", line 123, in _request
    raise APIError(f"API request failed after retries: {last_error}")
retro_e.api.APIError: API request failed after retries: retryable HTTP 429: {"error":{"code":"model_cooldown","message":"All credentials for model gemini-3.8-flash-high are cooling down via provider antigravity","model":"gemini-3.8-flash-high","provider":"antigravity","reset_
2026-09-14 21:52:08,487 INFO HTTP Request: POST https://vps.lpzproxy.xyz/v1/chat/completions "HTTP/1.1 429 Too Many Requests"
2026-09-14 21:52:09,093 INFO HTTP Request: POST https://vps.lpzproxy.xyz/v1/chat/completions "HTTP/1.1 429 Too Many Requests"
2026-09-14 21:52:09,094 ERROR E_star generation failed
Traceback (most recent call last):
  File "/Users/lpz/Desktop/AtomFlow/RETRO-E/scripts/run_control_check.py", line 107, in run
    append_jsonl(path, f.result())
                       ~~~~~~~~^^
  File "/Users/lpz/.local/share/uv/python/cpython-3.13.14-macos-aarch64-none/lib/python3.13/concurrent/futures/_base.py", line 453, in result
    return self.__get_result()
           ~~~~~~~~~~~~~~~~~^^
  File "/Users/lpz/.local/share/uv/python/cpython-3.13.14-macos-aarch64-none/lib/python3.13/concurrent/futures/_base.py", line 402, in __get_result
    raise self._exception
  File "/Users/lpz/.local/share/uv/python/cpython-3.13.14-macos-aarch64-none/lib/python3.13/concurrent/futures/thread.py", line 59, in run
    result = self.fn(*self.args, **self.kwargs)
  File "/Users/lpz/Desktop/AtomFlow/RETRO-E/scripts/run_control_check.py", line 48, in generate_one
    c = client.complete(prompt, temperature=config.generation.temperature,
                        top_p=config.generation.top_p,
                        max_tokens=config.generation.max_tokens,
                        model=config.generator_model)
  File "/Users/lpz/Desktop/AtomFlow/RETRO-E/src/retro_e/api.py", line 74, in complete
    response = self._request("POST", self.config.api.chat_completions_path, json=payload)
  File "/Users/lpz/Desktop/AtomFlow/RETRO-E/src/retro_e/api.py", line 123, in _request
    raise APIError(f"API request failed after retries: {last_error}")
retro_e.api.APIError: API request failed after retries: retryable HTTP 429: {"error":{"code":"model_cooldown","message":"All credentials for model gemini-3.8-flash-high are cooling down via provider antigravity","model":"gemini-3.8-flash-high","provider":"antigravity","reset_
2026-09-14 21:52:09,205 INFO HTTP Request: POST https://vps.lpzproxy.xyz/v1/chat/completions "HTTP/1.1 429 Too Many Requests"
2026-09-14 21:52:09,205 ERROR E_star generation failed
Traceback (most recent call last):
  File "/Users/lpz/Desktop/AtomFlow/RETRO-E/scripts/run_control_check.py", line 107, in run
    append_jsonl(path, f.result())
                       ~~~~~~~~^^
  File "/Users/lpz/.local/share/uv/python/cpython-3.13.14-macos-aarch64-none/lib/python3.13/concurrent/futures/_base.py", line 453, in result
    return self.__get_result()
           ~~~~~~~~~~~~~~~~~^^
  File "/Users/lpz/.local/share/uv/python/cpython-3.13.14-macos-aarch64-none/lib/python3.13/concurrent/futures/_base.py", line 402, in __get_result
    raise self._exception
  File "/Users/lpz/.local/share/uv/python/cpython-3.13.14-macos-aarch64-none/lib/python3.13/concurrent/futures/thread.py", line 59, in run
    result = self.fn(*self.args, **self.kwargs)
  File "/Users/lpz/Desktop/AtomFlow/RETRO-E/scripts/run_control_check.py", line 48, in generate_one
    c = client.complete(prompt, temperature=config.generation.temperature,
                        top_p=config.generation.top_p,
                        max_tokens=config.generation.max_tokens,
                        model=config.generator_model)
  File "/Users/lpz/Desktop/AtomFlow/RETRO-E/src/retro_e/api.py", line 74, in complete
    response = self._request("POST", self.config.api.chat_completions_path, json=payload)
  File "/Users/lpz/Desktop/AtomFlow/RETRO-E/src/retro_e/api.py", line 123, in _request
    raise APIError(f"API request failed after retries: {last_error}")
retro_e.api.APIError: API request failed after retries: retryable HTTP 429: {"error":{"code":"model_cooldown","message":"All credentials for model gemini-3.8-flash-high are cooling down via provider antigravity","model":"gemini-3.8-flash-high","provider":"antigravity","reset_
2026-09-14 21:52:09,469 INFO HTTP Request: POST https://vps.lpzproxy.xyz/v1/chat/completions "HTTP/1.1 200 OK"
2026-09-14 21:52:10,385 INFO HTTP Request: POST https://vps.lpzproxy.xyz/v1/chat/completions "HTTP/1.1 429 Too Many Requests"
2026-09-14 21:52:10,496 INFO HTTP Request: POST https://vps.lpzproxy.xyz/v1/chat/completions "HTTP/1.1 429 Too Many Requests"
2026-09-14 21:52:10,592 INFO HTTP Request: POST https://vps.lpzproxy.xyz/v1/chat/completions "HTTP/1.1 429 Too Many Requests"
2026-09-14 21:52:10,593 INFO HTTP Request: POST https://vps.lpzproxy.xyz/v1/chat/completions "HTTP/1.1 200 OK"
2026-09-14 21:52:10,598 INFO HTTP Request: POST https://vps.lpzproxy.xyz/v1/chat/completions "HTTP/1.1 429 Too Many Requests"
2026-09-14 21:52:10,703 INFO HTTP Request: POST https://vps.lpzproxy.xyz/v1/chat/completions "HTTP/1.1 429 Too Many Requests"
2026-09-14 21:52:10,718 INFO HTTP Request: POST https://vps.lpzproxy.xyz/v1/chat/completions "HTTP/1.1 429 Too Many Requests"
2026-09-14 21:52:10,718 ERROR E_star generation failed
Traceback (most recent call last):
  File "/Users/lpz/Desktop/AtomFlow/RETRO-E/scripts/run_control_check.py", line 107, in run
    append_jsonl(path, f.result())
                       ~~~~~~~~^^
  File "/Users/lpz/.local/share/uv/python/cpython-3.13.14-macos-aarch64-none/lib/python3.13/concurrent/futures/_base.py", line 453, in result
    return self.__get_result()
           ~~~~~~~~~~~~~~~~~^^
  File "/Users/lpz/.local/share/uv/python/cpython-3.13.14-macos-aarch64-none/lib/python3.13/concurrent/futures/_base.py", line 402, in __get_result
    raise self._exception
  File "/Users/lpz/.local/share/uv/python/cpython-3.13.14-macos-aarch64-none/lib/python3.13/concurrent/futures/thread.py", line 59, in run
    result = self.fn(*self.args, **self.kwargs)
  File "/Users/lpz/Desktop/AtomFlow/RETRO-E/scripts/run_control_check.py", line 48, in generate_one
    c = client.complete(prompt, temperature=config.generation.temperature,
                        top_p=config.generation.top_p,
                        max_tokens=config.generation.max_tokens,
                        model=config.generator_model)
  File "/Users/lpz/Desktop/AtomFlow/RETRO-E/src/retro_e/api.py", line 74, in complete
    response = self._request("POST", self.config.api.chat_completions_path, json=payload)
  File "/Users/lpz/Desktop/AtomFlow/RETRO-E/src/retro_e/api.py", line 123, in _request
    raise APIError(f"API request failed after retries: {last_error}")
retro_e.api.APIError: API request failed after retries: retryable HTTP 429: {"error":{"code":"model_cooldown","message":"All credentials for model gemini-3.8-flash-high are cooling down via provider antigravity","model":"gemini-3.8-flash-high","provider":"antigravity","reset_
2026-09-14 21:52:10,740 INFO HTTP Request: POST https://vps.lpzproxy.xyz/v1/chat/completions "HTTP/1.1 429 Too Many Requests"
2026-09-14 21:52:10,773 INFO HTTP Request: POST https://vps.lpzproxy.xyz/v1/chat/completions "HTTP/1.1 429 Too Many Requests"
2026-09-14 21:52:10,774 ERROR E_star generation failed
Traceback (most recent call last):
  File "/Users/lpz/Desktop/AtomFlow/RETRO-E/scripts/run_control_check.py", line 107, in run
    append_jsonl(path, f.result())
                       ~~~~~~~~^^
  File "/Users/lpz/.local/share/uv/python/cpython-3.13.14-macos-aarch64-none/lib/python3.13/concurrent/futures/_base.py", line 453, in result
    return self.__get_result()
           ~~~~~~~~~~~~~~~~~^^
  File "/Users/lpz/.local/share/uv/python/cpython-3.13.14-macos-aarch64-none/lib/python3.13/concurrent/futures/_base.py", line 402, in __get_result
    raise self._exception
  File "/Users/lpz/.local/share/uv/python/cpython-3.13.14-macos-aarch64-none/lib/python3.13/concurrent/futures/thread.py", line 59, in run
    result = self.fn(*self.args, **self.kwargs)
  File "/Users/lpz/Desktop/AtomFlow/RETRO-E/scripts/run_control_check.py", line 48, in generate_one
    c = client.complete(prompt, temperature=config.generation.temperature,
                        top_p=config.generation.top_p,
                        max_tokens=config.generation.max_tokens,
                        model=config.generator_model)
  File "/Users/lpz/Desktop/AtomFlow/RETRO-E/src/retro_e/api.py", line 74, in complete
    response = self._request("POST", self.config.api.chat_completions_path, json=payload)
  File "/Users/lpz/Desktop/AtomFlow/RETRO-E/src/retro_e/api.py", line 123, in _request
    raise APIError(f"API request failed after retries: {last_error}")
retro_e.api.APIError: API request failed after retries: retryable HTTP 429: {"error":{"code":"model_cooldown","message":"All credentials for model gemini-3.8-flash-high are cooling down via provider antigravity","model":"gemini-3.8-flash-high","provider":"antigravity","reset_
2026-09-14 21:52:10,874 INFO HTTP Request: POST https://vps.lpzproxy.xyz/v1/chat/completions "HTTP/1.1 429 Too Many Requests"
2026-09-14 21:52:11,133 INFO HTTP Request: POST https://vps.lpzproxy.xyz/v1/chat/completions "HTTP/1.1 429 Too Many Requests"
2026-09-14 21:52:11,156 INFO HTTP Request: POST https://vps.lpzproxy.xyz/v1/chat/completions "HTTP/1.1 429 Too Many Requests"
2026-09-14 21:52:11,173 INFO HTTP Request: POST https://vps.lpzproxy.xyz/v1/chat/completions "HTTP/1.1 429 Too Many Requests"
2026-09-14 21:52:11,176 INFO HTTP Request: POST https://vps.lpzproxy.xyz/v1/chat/completions "HTTP/1.1 429 Too Many Requests"
2026-09-14 21:52:11,198 INFO HTTP Request: POST https://vps.lpzproxy.xyz/v1/chat/completions "HTTP/1.1 429 Too Many Requests"
2026-09-14 21:52:11,199 ERROR E_star generation failed
Traceback (most recent call last):
  File "/Users/lpz/Desktop/AtomFlow/RETRO-E/scripts/run_control_check.py", line 107, in run
    append_jsonl(path, f.result())
                       ~~~~~~~~^^
  File "/Users/lpz/.local/share/uv/python/cpython-3.13.14-macos-aarch64-none/lib/python3.13/concurrent/futures/_base.py", line 453, in result
    return self.__get_result()
           ~~~~~~~~~~~~~~~~~^^
  File "/Users/lpz/.local/share/uv/python/cpython-3.13.14-macos-aarch64-none/lib/python3.13/concurrent/futures/_base.py", line 402, in __get_result
    raise self._exception
  File "/Users/lpz/.local/share/uv/python/cpython-3.13.14-macos-aarch64-none/lib/python3.13/concurrent/futures/thread.py", line 59, in run
    result = self.fn(*self.args, **self.kwargs)
  File "/Users/lpz/Desktop/AtomFlow/RETRO-E/scripts/run_control_check.py", line 48, in generate_one
    c = client.complete(prompt, temperature=config.generation.temperature,
                        top_p=config.generation.top_p,
                        max_tokens=config.generation.max_tokens,
                        model=config.generator_model)
  File "/Users/lpz/Desktop/AtomFlow/RETRO-E/src/retro_e/api.py", line 74, in complete
    response = self._request("POST", self.config.api.chat_completions_path, json=payload)
  File "/Users/lpz/Desktop/AtomFlow/RETRO-E/src/retro_e/api.py", line 123, in _request
    raise APIError(f"API request failed after retries: {last_error}")
retro_e.api.APIError: API request failed after retries: retryable HTTP 429: {"error":{"code":"model_cooldown","message":"All credentials for model gemini-3.8-flash-high are cooling down via provider antigravity","model":"gemini-3.8-flash-high","provider":"antigravity","reset_
2026-09-14 21:52:11,410 INFO HTTP Request: POST https://vps.lpzproxy.xyz/v1/chat/completions "HTTP/1.1 429 Too Many Requests"
2026-09-14 21:52:11,428 INFO HTTP Request: POST https://vps.lpzproxy.xyz/v1/chat/completions "HTTP/1.1 429 Too Many Requests"
2026-09-14 21:52:11,500 INFO HTTP Request: POST https://vps.lpzproxy.xyz/v1/chat/completions "HTTP/1.1 429 Too Many Requests"
2026-09-14 21:52:11,749 INFO HTTP Request: POST https://vps.lpzproxy.xyz/v1/chat/completions "HTTP/1.1 429 Too Many Requests"
2026-09-14 21:52:12,012 INFO HTTP Request: POST https://vps.lpzproxy.xyz/v1/chat/completions "HTTP/1.1 429 Too Many Requests"
2026-09-14 21:52:12,051 INFO HTTP Request: POST https://vps.lpzproxy.xyz/v1/chat/completions "HTTP/1.1 429 Too Many Requests"
2026-09-14 21:52:12,051 ERROR E_star generation failed
Traceback (most recent call last):
  File "/Users/lpz/Desktop/AtomFlow/RETRO-E/scripts/run_control_check.py", line 107, in run
    append_jsonl(path, f.result())
                       ~~~~~~~~^^
  File "/Users/lpz/.local/share/uv/python/cpython-3.13.14-macos-aarch64-none/lib/python3.13/concurrent/futures/_base.py", line 453, in result
    return self.__get_result()
           ~~~~~~~~~~~~~~~~~^^
  File "/Users/lpz/.local/share/uv/python/cpython-3.13.14-macos-aarch64-none/lib/python3.13/concurrent/futures/_base.py", line 402, in __get_result
    raise self._exception
  File "/Users/lpz/.local/share/uv/python/cpython-3.13.14-macos-aarch64-none/lib/python3.13/concurrent/futures/thread.py", line 59, in run
    result = self.fn(*self.args, **self.kwargs)
  File "/Users/lpz/Desktop/AtomFlow/RETRO-E/scripts/run_control_check.py", line 48, in generate_one
    c = client.complete(prompt, temperature=config.generation.temperature,
                        top_p=config.generation.top_p,
                        max_tokens=config.generation.max_tokens,
                        model=config.generator_model)
  File "/Users/lpz/Desktop/AtomFlow/RETRO-E/src/retro_e/api.py", line 74, in complete
    response = self._request("POST", self.config.api.chat_completions_path, json=payload)
  File "/Users/lpz/Desktop/AtomFlow/RETRO-E/src/retro_e/api.py", line 123, in _request
    raise APIError(f"API request failed after retries: {last_error}")
retro_e.api.APIError: API request failed after retries: retryable HTTP 429: {"error":{"code":"model_cooldown","message":"All credentials for model gemini-3.8-flash-high are cooling down via provider antigravity","model":"gemini-3.8-flash-high","provider":"antigravity","reset_
2026-09-14 21:52:12,092 INFO HTTP Request: POST https://vps.lpzproxy.xyz/v1/chat/completions "HTTP/1.1 429 Too Many Requests"
2026-09-14 21:52:12,093 ERROR E_star generation failed
Traceback (most recent call last):
  File "/Users/lpz/Desktop/AtomFlow/RETRO-E/scripts/run_control_check.py", line 107, in run
    append_jsonl(path, f.result())
                       ~~~~~~~~^^
  File "/Users/lpz/.local/share/uv/python/cpython-3.13.14-macos-aarch64-none/lib/python3.13/concurrent/futures/_base.py", line 453, in result
    return self.__get_result()
           ~~~~~~~~~~~~~~~~~^^
  File "/Users/lpz/.local/share/uv/python/cpython-3.13.14-macos-aarch64-none/lib/python3.13/concurrent/futures/_base.py", line 402, in __get_result
    raise self._exception
  File "/Users/lpz/.local/share/uv/python/cpython-3.13.14-macos-aarch64-none/lib/python3.13/concurrent/futures/thread.py", line 59, in run
    result = self.fn(*self.args, **self.kwargs)
  File "/Users/lpz/Desktop/AtomFlow/RETRO-E/scripts/run_control_check.py", line 48, in generate_one
    c = client.complete(prompt, temperature=config.generation.temperature,
                        top_p=config.generation.top_p,
                        max_tokens=config.generation.max_tokens,
                        model=config.generator_model)
  File "/Users/lpz/Desktop/AtomFlow/RETRO-E/src/retro_e/api.py", line 74, in complete
    response = self._request("POST", self.config.api.chat_completions_path, json=payload)
  File "/Users/lpz/Desktop/AtomFlow/RETRO-E/src/retro_e/api.py", line 123, in _request
    raise APIError(f"API request failed after retries: {last_error}")
retro_e.api.APIError: API request failed after retries: retryable HTTP 429: {"error":{"code":"model_cooldown","message":"All credentials for model gemini-3.8-flash-high are cooling down via provider antigravity","model":"gemini-3.8-flash-high","provider":"antigravity","reset_
2026-09-14 21:52:12,102 INFO HTTP Request: POST https://vps.lpzproxy.xyz/v1/chat/completions "HTTP/1.1 429 Too Many Requests"
2026-09-14 21:52:12,178 INFO HTTP Request: POST https://vps.lpzproxy.xyz/v1/chat/completions "HTTP/1.1 429 Too Many Requests"
2026-09-14 21:52:12,296 INFO HTTP Request: POST https://vps.lpzproxy.xyz/v1/chat/completions "HTTP/1.1 429 Too Many Requests"
2026-09-14 21:52:12,372 INFO HTTP Request: POST https://vps.lpzproxy.xyz/v1/chat/completions "HTTP/1.1 429 Too Many Requests"
2026-09-14 21:52:12,383 INFO HTTP Request: POST https://vps.lpzproxy.xyz/v1/chat/completions "HTTP/1.1 429 Too Many Requests"
2026-09-14 21:52:12,629 INFO HTTP Request: POST https://vps.lpzproxy.xyz/v1/chat/completions "HTTP/1.1 429 Too Many Requests"
2026-09-14 21:52:12,852 INFO HTTP Request: POST https://vps.lpzproxy.xyz/v1/chat/completions "HTTP/1.1 429 Too Many Requests"
2026-09-14 21:52:12,852 ERROR E_star generation failed
Traceback (most recent call last):
  File "/Users/lpz/Desktop/AtomFlow/RETRO-E/scripts/run_control_check.py", line 107, in run
    append_jsonl(path, f.result())
                       ~~~~~~~~^^
  File "/Users/lpz/.local/share/uv/python/cpython-3.13.14-macos-aarch64-none/lib/python3.13/concurrent/futures/_base.py", line 453, in result
    return self.__get_result()
           ~~~~~~~~~~~~~~~~~^^
  File "/Users/lpz/.local/share/uv/python/cpython-3.13.14-macos-aarch64-none/lib/python3.13/concurrent/futures/_base.py", line 402, in __get_result
    raise self._exception
  File "/Users/lpz/.local/share/uv/python/cpython-3.13.14-macos-aarch64-none/lib/python3.13/concurrent/futures/thread.py", line 59, in run
    result = self.fn(*self.args, **self.kwargs)
  File "/Users/lpz/Desktop/AtomFlow/RETRO-E/scripts/run_control_check.py", line 48, in generate_one
    c = client.complete(prompt, temperature=config.generation.temperature,
                        top_p=config.generation.top_p,
                        max_tokens=config.generation.max_tokens,
                        model=config.generator_model)
  File "/Users/lpz/Desktop/AtomFlow/RETRO-E/src/retro_e/api.py", line 74, in complete
    response = self._request("POST", self.config.api.chat_completions_path, json=payload)
  File "/Users/lpz/Desktop/AtomFlow/RETRO-E/src/retro_e/api.py", line 123, in _request
    raise APIError(f"API request failed after retries: {last_error}")
retro_e.api.APIError: API request failed after retries: retryable HTTP 429: {"error":{"code":"model_cooldown","message":"All credentials for model gemini-3.8-flash-high are cooling down via provider antigravity","model":"gemini-3.8-flash-high","provider":"antigravity","reset_
2026-09-14 21:52:12,985 INFO HTTP Request: POST https://vps.lpzproxy.xyz/v1/chat/completions "HTTP/1.1 429 Too Many Requests"
2026-09-14 21:52:12,986 ERROR E_star generation failed
Traceback (most recent call last):
  File "/Users/lpz/Desktop/AtomFlow/RETRO-E/scripts/run_control_check.py", line 107, in run
    append_jsonl(path, f.result())
                       ~~~~~~~~^^
  File "/Users/lpz/.local/share/uv/python/cpython-3.13.14-macos-aarch64-none/lib/python3.13/concurrent/futures/_base.py", line 453, in result
    return self.__get_result()
           ~~~~~~~~~~~~~~~~~^^
  File "/Users/lpz/.local/share/uv/python/cpython-3.13.14-macos-aarch64-none/lib/python3.13/concurrent/futures/_base.py", line 402, in __get_result
    raise self._exception
  File "/Users/lpz/.local/share/uv/python/cpython-3.13.14-macos-aarch64-none/lib/python3.13/concurrent/futures/thread.py", line 59, in run
    result = self.fn(*self.args, **self.kwargs)
  File "/Users/lpz/Desktop/AtomFlow/RETRO-E/scripts/run_control_check.py", line 48, in generate_one
    c = client.complete(prompt, temperature=config.generation.temperature,
                        top_p=config.generation.top_p,
                        max_tokens=config.generation.max_tokens,
                        model=config.generator_model)
  File "/Users/lpz/Desktop/AtomFlow/RETRO-E/src/retro_e/api.py", line 74, in complete
    response = self._request("POST", self.config.api.chat_completions_path, json=payload)
  File "/Users/lpz/Desktop/AtomFlow/RETRO-E/src/retro_e/api.py", line 123, in _request
    raise APIError(f"API request failed after retries: {last_error}")
retro_e.api.APIError: API request failed after retries: retryable HTTP 429: {"error":{"code":"model_cooldown","message":"All credentials for model gemini-3.8-flash-high are cooling down via provider antigravity","model":"gemini-3.8-flash-high","provider":"antigravity","reset_
2026-09-14 21:52:13,115 INFO HTTP Request: POST https://vps.lpzproxy.xyz/v1/chat/completions "HTTP/1.1 429 Too Many Requests"
2026-09-14 21:52:13,116 ERROR E_star generation failed
Traceback (most recent call last):
  File "/Users/lpz/Desktop/AtomFlow/RETRO-E/scripts/run_control_check.py", line 107, in run
    append_jsonl(path, f.result())
                       ~~~~~~~~^^
  File "/Users/lpz/.local/share/uv/python/cpython-3.13.14-macos-aarch64-none/lib/python3.13/concurrent/futures/_base.py", line 453, in result
    return self.__get_result()
           ~~~~~~~~~~~~~~~~~^^
  File "/Users/lpz/.local/share/uv/python/cpython-3.13.14-macos-aarch64-none/lib/python3.13/concurrent/futures/_base.py", line 402, in __get_result
    raise self._exception
  File "/Users/lpz/.local/share/uv/python/cpython-3.13.14-macos-aarch64-none/lib/python3.13/concurrent/futures/thread.py", line 59, in run
    result = self.fn(*self.args, **self.kwargs)
  File "/Users/lpz/Desktop/AtomFlow/RETRO-E/scripts/run_control_check.py", line 48, in generate_one
    c = client.complete(prompt, temperature=config.generation.temperature,
                        top_p=config.generation.top_p,
                        max_tokens=config.generation.max_tokens,
                        model=config.generator_model)
  File "/Users/lpz/Desktop/AtomFlow/RETRO-E/src/retro_e/api.py", line 74, in complete
    response = self._request("POST", self.config.api.chat_completions_path, json=payload)
  File "/Users/lpz/Desktop/AtomFlow/RETRO-E/src/retro_e/api.py", line 123, in _request
    raise APIError(f"API request failed after retries: {last_error}")
retro_e.api.APIError: API request failed after retries: retryable HTTP 429: {"error":{"code":"model_cooldown","message":"All credentials for model gemini-3.8-flash-high are cooling down via provider antigravity","model":"gemini-3.8-flash-high","provider":"antigravity","reset_
2026-09-14 21:52:13,302 INFO HTTP Request: POST https://vps.lpzproxy.xyz/v1/chat/completions "HTTP/1.1 429 Too Many Requests"
2026-09-14 21:52:13,363 INFO HTTP Request: POST https://vps.lpzproxy.xyz/v1/chat/completions "HTTP/1.1 429 Too Many Requests"
2026-09-14 21:52:13,364 ERROR E_star generation failed
Traceback (most recent call last):
  File "/Users/lpz/Desktop/AtomFlow/RETRO-E/scripts/run_control_check.py", line 107, in run
    append_jsonl(path, f.result())
                       ~~~~~~~~^^
  File "/Users/lpz/.local/share/uv/python/cpython-3.13.14-macos-aarch64-none/lib/python3.13/concurrent/futures/_base.py", line 453, in result
    return self.__get_result()
           ~~~~~~~~~~~~~~~~~^^
  File "/Users/lpz/.local/share/uv/python/cpython-3.13.14-macos-aarch64-none/lib/python3.13/concurrent/futures/_base.py", line 402, in __get_result
    raise self._exception
  File "/Users/lpz/.local/share/uv/python/cpython-3.13.14-macos-aarch64-none/lib/python3.13/concurrent/futures/thread.py", line 59, in run
    result = self.fn(*self.args, **self.kwargs)
  File "/Users/lpz/Desktop/AtomFlow/RETRO-E/scripts/run_control_check.py", line 48, in generate_one
    c = client.complete(prompt, temperature=config.generation.temperature,
                        top_p=config.generation.top_p,
                        max_tokens=config.generation.max_tokens,
                        model=config.generator_model)
  File "/Users/lpz/Desktop/AtomFlow/RETRO-E/src/retro_e/api.py", line 74, in complete
    response = self._request("POST", self.config.api.chat_completions_path, json=payload)
  File "/Users/lpz/Desktop/AtomFlow/RETRO-E/src/retro_e/api.py", line 123, in _request
    raise APIError(f"API request failed after retries: {last_error}")
retro_e.api.APIError: API request failed after retries: retryable HTTP 429: {"error":{"code":"model_cooldown","message":"All credentials for model gemini-3.8-flash-high are cooling down via provider antigravity","model":"gemini-3.8-flash-high","provider":"antigravity","reset_
2026-09-14 21:52:13,470 INFO HTTP Request: POST https://vps.lpzproxy.xyz/v1/chat/completions "HTTP/1.1 429 Too Many Requests"
2026-09-14 21:52:13,570 INFO HTTP Request: POST https://vps.lpzproxy.xyz/v1/chat/completions "HTTP/1.1 429 Too Many Requests"
2026-09-14 21:52:13,570 ERROR E_star generation failed
Traceback (most recent call last):
  File "/Users/lpz/Desktop/AtomFlow/RETRO-E/scripts/run_control_check.py", line 107, in run
    append_jsonl(path, f.result())
                       ~~~~~~~~^^
  File "/Users/lpz/.local/share/uv/python/cpython-3.13.14-macos-aarch64-none/lib/python3.13/concurrent/futures/_base.py", line 453, in result
    return self.__get_result()
           ~~~~~~~~~~~~~~~~~^^
  File "/Users/lpz/.local/share/uv/python/cpython-3.13.14-macos-aarch64-none/lib/python3.13/concurrent/futures/_base.py", line 402, in __get_result
    raise self._exception
  File "/Users/lpz/.local/share/uv/python/cpython-3.13.14-macos-aarch64-none/lib/python3.13/concurrent/futures/thread.py", line 59, in run
    result = self.fn(*self.args, **self.kwargs)
  File "/Users/lpz/Desktop/AtomFlow/RETRO-E/scripts/run_control_check.py", line 48, in generate_one
    c = client.complete(prompt, temperature=config.generation.temperature,
                        top_p=config.generation.top_p,
                        max_tokens=config.generation.max_tokens,
                        model=config.generator_model)
  File "/Users/lpz/Desktop/AtomFlow/RETRO-E/src/retro_e/api.py", line 74, in complete
    response = self._request("POST", self.config.api.chat_completions_path, json=payload)
  File "/Users/lpz/Desktop/AtomFlow/RETRO-E/src/retro_e/api.py", line 123, in _request
    raise APIError(f"API request failed after retries: {last_error}")
retro_e.api.APIError: API request failed after retries: retryable HTTP 429: {"error":{"code":"model_cooldown","message":"All credentials for model gemini-3.8-flash-high are cooling down via provider antigravity","model":"gemini-3.8-flash-high","provider":"antigravity","reset_
2026-09-14 21:52:13,575 INFO HTTP Request: POST https://vps.lpzproxy.xyz/v1/chat/completions "HTTP/1.1 429 Too Many Requests"
2026-09-14 21:52:13,590 INFO HTTP Request: POST https://vps.lpzproxy.xyz/v1/chat/completions "HTTP/1.1 429 Too Many Requests"
2026-09-14 21:52:13,770 INFO HTTP Request: POST https://vps.lpzproxy.xyz/v1/chat/completions "HTTP/1.1 429 Too Many Requests"
2026-09-14 21:52:13,818 INFO HTTP Request: POST https://vps.lpzproxy.xyz/v1/chat/completions "HTTP/1.1 200 OK"
2026-09-14 21:52:14,650 INFO HTTP Request: POST https://vps.lpzproxy.xyz/v1/chat/completions "HTTP/1.1 429 Too Many Requests"
2026-09-14 21:52:14,789 INFO HTTP Request: POST https://vps.lpzproxy.xyz/v1/chat/completions "HTTP/1.1 429 Too Many Requests"
2026-09-14 21:52:14,791 INFO HTTP Request: POST https://vps.lpzproxy.xyz/v1/chat/completions "HTTP/1.1 429 Too Many Requests"
2026-09-14 21:52:14,830 INFO HTTP Request: POST https://vps.lpzproxy.xyz/v1/chat/completions "HTTP/1.1 429 Too Many Requests"
2026-09-14 21:52:14,831 ERROR E_star generation failed
Traceback (most recent call last):
  File "/Users/lpz/Desktop/AtomFlow/RETRO-E/scripts/run_control_check.py", line 107, in run
    append_jsonl(path, f.result())
                       ~~~~~~~~^^
  File "/Users/lpz/.local/share/uv/python/cpython-3.13.14-macos-aarch64-none/lib/python3.13/concurrent/futures/_base.py", line 453, in result
    return self.__get_result()
           ~~~~~~~~~~~~~~~~~^^
  File "/Users/lpz/.local/share/uv/python/cpython-3.13.14-macos-aarch64-none/lib/python3.13/concurrent/futures/_base.py", line 402, in __get_result
    raise self._exception
  File "/Users/lpz/.local/share/uv/python/cpython-3.13.14-macos-aarch64-none/lib/python3.13/concurrent/futures/thread.py", line 59, in run
    result = self.fn(*self.args, **self.kwargs)
  File "/Users/lpz/Desktop/AtomFlow/RETRO-E/scripts/run_control_check.py", line 48, in generate_one
    c = client.complete(prompt, temperature=config.generation.temperature,
                        top_p=config.generation.top_p,
                        max_tokens=config.generation.max_tokens,
                        model=config.generator_model)
  File "/Users/lpz/Desktop/AtomFlow/RETRO-E/src/retro_e/api.py", line 74, in complete
    response = self._request("POST", self.config.api.chat_completions_path, json=payload)
  File "/Users/lpz/Desktop/AtomFlow/RETRO-E/src/retro_e/api.py", line 123, in _request
    raise APIError(f"API request failed after retries: {last_error}")
retro_e.api.APIError: API request failed after retries: retryable HTTP 429: {
  "error": {
    "code": 429,
    "message": "Individual quota reached. Please upgrade your subscription to increase your limits. Resets in 4h31m11s.",
    "status": "RESOURCE_EXHAUSTED",
    "detai
2026-09-14 21:52:14,892 INFO HTTP Request: POST https://vps.lpzproxy.xyz/v1/chat/completions "HTTP/1.1 200 OK"
2026-09-14 21:52:14,907 INFO HTTP Request: POST https://vps.lpzproxy.xyz/v1/chat/completions "HTTP/1.1 429 Too Many Requests"
2026-09-14 21:52:14,950 INFO HTTP Request: POST https://vps.lpzproxy.xyz/v1/chat/completions "HTTP/1.1 429 Too Many Requests"
2026-09-14 21:52:15,048 INFO HTTP Request: POST https://vps.lpzproxy.xyz/v1/chat/completions "HTTP/1.1 429 Too Many Requests"
2026-09-14 21:52:15,144 INFO HTTP Request: POST https://vps.lpzproxy.xyz/v1/chat/completions "HTTP/1.1 429 Too Many Requests"
2026-09-14 21:52:15,196 INFO HTTP Request: POST https://vps.lpzproxy.xyz/v1/chat/completions "HTTP/1.1 429 Too Many Requests"
2026-09-14 21:52:15,202 INFO HTTP Request: POST https://vps.lpzproxy.xyz/v1/chat/completions "HTTP/1.1 429 Too Many Requests"
2026-09-14 21:52:15,225 INFO HTTP Request: POST https://vps.lpzproxy.xyz/v1/chat/completions "HTTP/1.1 429 Too Many Requests"
2026-09-14 21:52:15,232 INFO HTTP Request: POST https://vps.lpzproxy.xyz/v1/chat/completions "HTTP/1.1 429 Too Many Requests"
2026-09-14 21:52:15,252 INFO HTTP Request: POST https://vps.lpzproxy.xyz/v1/chat/completions "HTTP/1.1 429 Too Many Requests"
2026-09-14 21:52:15,274 INFO HTTP Request: POST https://vps.lpzproxy.xyz/v1/chat/completions "HTTP/1.1 429 Too Many Requests"
2026-09-14 21:52:15,318 INFO HTTP Request: POST https://vps.lpzproxy.xyz/v1/chat/completions "HTTP/1.1 429 Too Many Requests"
2026-09-14 21:52:15,408 INFO HTTP Request: POST https://vps.lpzproxy.xyz/v1/chat/completions "HTTP/1.1 429 Too Many Requests"
2026-09-14 21:52:15,410 INFO HTTP Request: POST https://vps.lpzproxy.xyz/v1/chat/completions "HTTP/1.1 429 Too Many Requests"
2026-09-14 21:52:15,543 INFO HTTP Request: POST https://vps.lpzproxy.xyz/v1/chat/completions "HTTP/1.1 429 Too Many Requests"
2026-09-14 21:52:15,729 INFO HTTP Request: POST https://vps.lpzproxy.xyz/v1/chat/completions "HTTP/1.1 429 Too Many Requests"
2026-09-14 21:52:15,820 INFO HTTP Request: POST https://vps.lpzproxy.xyz/v1/chat/completions "HTTP/1.1 429 Too Many Requests"
2026-09-14 21:52:16,052 INFO HTTP Request: POST https://vps.lpzproxy.xyz/v1/chat/completions "HTTP/1.1 429 Too Many Requests"
2026-09-14 21:52:16,260 INFO HTTP Request: POST https://vps.lpzproxy.xyz/v1/chat/completions "HTTP/1.1 429 Too Many Requests"
2026-09-14 21:52:16,341 INFO HTTP Request: POST https://vps.lpzproxy.xyz/v1/chat/completions "HTTP/1.1 429 Too Many Requests"
2026-09-14 21:52:16,384 INFO HTTP Request: POST https://vps.lpzproxy.xyz/v1/chat/completions "HTTP/1.1 429 Too Many Requests"
2026-09-14 21:52:16,425 INFO HTTP Request: POST https://vps.lpzproxy.xyz/v1/chat/completions "HTTP/1.1 429 Too Many Requests"
2026-09-14 21:52:16,516 INFO HTTP Request: POST https://vps.lpzproxy.xyz/v1/chat/completions "HTTP/1.1 429 Too Many Requests"
2026-09-14 21:52:16,586 INFO HTTP Request: POST https://vps.lpzproxy.xyz/v1/chat/completions "HTTP/1.1 429 Too Many Requests"
2026-09-14 21:52:16,667 INFO HTTP Request: POST https://vps.lpzproxy.xyz/v1/chat/completions "HTTP/1.1 429 Too Many Requests"
2026-09-14 21:52:16,720 INFO HTTP Request: POST https://vps.lpzproxy.xyz/v1/chat/completions "HTTP/1.1 429 Too Many Requests"
2026-09-14 21:52:16,969 INFO HTTP Request: POST https://vps.lpzproxy.xyz/v1/chat/completions "HTTP/1.1 429 Too Many Requests"
2026-09-14 21:52:17,074 INFO HTTP Request: POST https://vps.lpzproxy.xyz/v1/chat/completions "HTTP/1.1 429 Too Many Requests"
2026-09-14 21:52:17,142 INFO HTTP Request: POST https://vps.lpzproxy.xyz/v1/chat/completions "HTTP/1.1 429 Too Many Requests"
2026-09-14 21:52:17,143 ERROR E_star generation failed
Traceback (most recent call last):
  File "/Users/lpz/Desktop/AtomFlow/RETRO-E/scripts/run_control_check.py", line 107, in run
    append_jsonl(path, f.result())
                       ~~~~~~~~^^
  File "/Users/lpz/.local/share/uv/python/cpython-3.13.14-macos-aarch64-none/lib/python3.13/concurrent/futures/_base.py", line 453, in result
    return self.__get_result()
           ~~~~~~~~~~~~~~~~~^^
  File "/Users/lpz/.local/share/uv/python/cpython-3.13.14-macos-aarch64-none/lib/python3.13/concurrent/futures/_base.py", line 402, in __get_result
    raise self._exception
  File "/Users/lpz/.local/share/uv/python/cpython-3.13.14-macos-aarch64-none/lib/python3.13/concurrent/futures/thread.py", line 59, in run
    result = self.fn(*self.args, **self.kwargs)
  File "/Users/lpz/Desktop/AtomFlow/RETRO-E/scripts/run_control_check.py", line 48, in generate_one
    c = client.complete(prompt, temperature=config.generation.temperature,
                        top_p=config.generation.top_p,
                        max_tokens=config.generation.max_tokens,
                        model=config.generator_model)
  File "/Users/lpz/Desktop/AtomFlow/RETRO-E/src/retro_e/api.py", line 74, in complete
    response = self._request("POST", self.config.api.chat_completions_path, json=payload)
  File "/Users/lpz/Desktop/AtomFlow/RETRO-E/src/retro_e/api.py", line 123, in _request
    raise APIError(f"API request failed after retries: {last_error}")
retro_e.api.APIError: API request failed after retries: retryable HTTP 429: {"error":{"code":"model_cooldown","message":"All credentials for model gemini-3.8-flash-high are cooling down via provider antigravity","model":"gemini-3.8-flash-high","provider":"antigravity","reset_
2026-09-14 21:52:17,394 INFO HTTP Request: POST https://vps.lpzproxy.xyz/v1/chat/completions "HTTP/1.1 429 Too Many Requests"
2026-09-14 21:52:17,529 INFO HTTP Request: POST https://vps.lpzproxy.xyz/v1/chat/completions "HTTP/1.1 429 Too Many Requests"
2026-09-14 21:52:17,586 INFO HTTP Request: POST https://vps.lpzproxy.xyz/v1/chat/completions "HTTP/1.1 429 Too Many Requests"
2026-09-14 21:52:17,587 ERROR E_star generation failed
Traceback (most recent call last):
  File "/Users/lpz/Desktop/AtomFlow/RETRO-E/scripts/run_control_check.py", line 107, in run
    append_jsonl(path, f.result())
                       ~~~~~~~~^^
  File "/Users/lpz/.local/share/uv/python/cpython-3.13.14-macos-aarch64-none/lib/python3.13/concurrent/futures/_base.py", line 453, in result
    return self.__get_result()
           ~~~~~~~~~~~~~~~~~^^
  File "/Users/lpz/.local/share/uv/python/cpython-3.13.14-macos-aarch64-none/lib/python3.13/concurrent/futures/_base.py", line 402, in __get_result
    raise self._exception
  File "/Users/lpz/.local/share/uv/python/cpython-3.13.14-macos-aarch64-none/lib/python3.13/concurrent/futures/thread.py", line 59, in run
    result = self.fn(*self.args, **self.kwargs)
  File "/Users/lpz/Desktop/AtomFlow/RETRO-E/scripts/run_control_check.py", line 48, in generate_one
    c = client.complete(prompt, temperature=config.generation.temperature,
                        top_p=config.generation.top_p,
                        max_tokens=config.generation.max_tokens,
                        model=config.generator_model)
  File "/Users/lpz/Desktop/AtomFlow/RETRO-E/src/retro_e/api.py", line 74, in complete
    response = self._request("POST", self.config.api.chat_completions_path, json=payload)
  File "/Users/lpz/Desktop/AtomFlow/RETRO-E/src/retro_e/api.py", line 123, in _request
    raise APIError(f"API request failed after retries: {last_error}")
retro_e.api.APIError: API request failed after retries: retryable HTTP 429: {"error":{"code":"model_cooldown","message":"All credentials for model gemini-3.8-flash-high are cooling down via provider antigravity","model":"gemini-3.8-flash-high","provider":"antigravity","reset_
2026-09-14 21:52:17,748 INFO HTTP Request: POST https://vps.lpzproxy.xyz/v1/chat/completions "HTTP/1.1 429 Too Many Requests"
2026-09-14 21:52:17,749 ERROR E_star generation failed
Traceback (most recent call last):
  File "/Users/lpz/Desktop/AtomFlow/RETRO-E/scripts/run_control_check.py", line 107, in run
    append_jsonl(path, f.result())
                       ~~~~~~~~^^
  File "/Users/lpz/.local/share/uv/python/cpython-3.13.14-macos-aarch64-none/lib/python3.13/concurrent/futures/_base.py", line 453, in result
    return self.__get_result()
           ~~~~~~~~~~~~~~~~~^^
  File "/Users/lpz/.local/share/uv/python/cpython-3.13.14-macos-aarch64-none/lib/python3.13/concurrent/futures/_base.py", line 402, in __get_result
    raise self._exception
  File "/Users/lpz/.local/share/uv/python/cpython-3.13.14-macos-aarch64-none/lib/python3.13/concurrent/futures/thread.py", line 59, in run
    result = self.fn(*self.args, **self.kwargs)
  File "/Users/lpz/Desktop/AtomFlow/RETRO-E/scripts/run_control_check.py", line 48, in generate_one
    c = client.complete(prompt, temperature=config.generation.temperature,
                        top_p=config.generation.top_p,
                        max_tokens=config.generation.max_tokens,
                        model=config.generator_model)
  File "/Users/lpz/Desktop/AtomFlow/RETRO-E/src/retro_e/api.py", line 74, in complete
    response = self._request("POST", self.config.api.chat_completions_path, json=payload)
  File "/Users/lpz/Desktop/AtomFlow/RETRO-E/src/retro_e/api.py", line 123, in _request
    raise APIError(f"API request failed after retries: {last_error}")
retro_e.api.APIError: API request failed after retries: retryable HTTP 429: {"error":{"code":"model_cooldown","message":"All credentials for model gemini-3.8-flash-high are cooling down via provider antigravity","model":"gemini-3.8-flash-high","provider":"antigravity","reset_
2026-09-14 21:52:17,751 INFO HTTP Request: POST https://vps.lpzproxy.xyz/v1/chat/completions "HTTP/1.1 429 Too Many Requests"
2026-09-14 21:52:17,779 INFO HTTP Request: POST https://vps.lpzproxy.xyz/v1/chat/completions "HTTP/1.1 429 Too Many Requests"
2026-09-14 21:52:17,935 INFO HTTP Request: POST https://vps.lpzproxy.xyz/v1/chat/completions "HTTP/1.1 429 Too Many Requests"
2026-09-14 21:52:17,958 INFO HTTP Request: POST https://vps.lpzproxy.xyz/v1/chat/completions "HTTP/1.1 429 Too Many Requests"
2026-09-14 21:52:17,959 ERROR E_star generation failed
Traceback (most recent call last):
  File "/Users/lpz/Desktop/AtomFlow/RETRO-E/scripts/run_control_check.py", line 107, in run
    append_jsonl(path, f.result())
                       ~~~~~~~~^^
  File "/Users/lpz/.local/share/uv/python/cpython-3.13.14-macos-aarch64-none/lib/python3.13/concurrent/futures/_base.py", line 453, in result
    return self.__get_result()
           ~~~~~~~~~~~~~~~~~^^
  File "/Users/lpz/.local/share/uv/python/cpython-3.13.14-macos-aarch64-none/lib/python3.13/concurrent/futures/_base.py", line 402, in __get_result
    raise self._exception
  File "/Users/lpz/.local/share/uv/python/cpython-3.13.14-macos-aarch64-none/lib/python3.13/concurrent/futures/thread.py", line 59, in run
    result = self.fn(*self.args, **self.kwargs)
  File "/Users/lpz/Desktop/AtomFlow/RETRO-E/scripts/run_control_check.py", line 48, in generate_one
    c = client.complete(prompt, temperature=config.generation.temperature,
                        top_p=config.generation.top_p,
                        max_tokens=config.generation.max_tokens,
                        model=config.generator_model)
  File "/Users/lpz/Desktop/AtomFlow/RETRO-E/src/retro_e/api.py", line 74, in complete
    response = self._request("POST", self.config.api.chat_completions_path, json=payload)
  File "/Users/lpz/Desktop/AtomFlow/RETRO-E/src/retro_e/api.py", line 123, in _request
    raise APIError(f"API request failed after retries: {last_error}")
retro_e.api.APIError: API request failed after retries: retryable HTTP 429: {"error":{"code":"model_cooldown","message":"All credentials for model gemini-3.8-flash-high are cooling down via provider antigravity","model":"gemini-3.8-flash-high","provider":"antigravity","reset_
2026-09-14 21:52:18,013 INFO HTTP Request: POST https://vps.lpzproxy.xyz/v1/chat/completions "HTTP/1.1 429 Too Many Requests"
2026-09-14 21:52:18,014 ERROR E_star generation failed
Traceback (most recent call last):
  File "/Users/lpz/Desktop/AtomFlow/RETRO-E/scripts/run_control_check.py", line 107, in run
    append_jsonl(path, f.result())
                       ~~~~~~~~^^
  File "/Users/lpz/.local/share/uv/python/cpython-3.13.14-macos-aarch64-none/lib/python3.13/concurrent/futures/_base.py", line 453, in result
    return self.__get_result()
           ~~~~~~~~~~~~~~~~~^^
  File "/Users/lpz/.local/share/uv/python/cpython-3.13.14-macos-aarch64-none/lib/python3.13/concurrent/futures/_base.py", line 402, in __get_result
    raise self._exception
  File "/Users/lpz/.local/share/uv/python/cpython-3.13.14-macos-aarch64-none/lib/python3.13/concurrent/futures/thread.py", line 59, in run
    result = self.fn(*self.args, **self.kwargs)
  File "/Users/lpz/Desktop/AtomFlow/RETRO-E/scripts/run_control_check.py", line 48, in generate_one
    c = client.complete(prompt, temperature=config.generation.temperature,
                        top_p=config.generation.top_p,
                        max_tokens=config.generation.max_tokens,
                        model=config.generator_model)
  File "/Users/lpz/Desktop/AtomFlow/RETRO-E/src/retro_e/api.py", line 74, in complete
    response = self._request("POST", self.config.api.chat_completions_path, json=payload)
  File "/Users/lpz/Desktop/AtomFlow/RETRO-E/src/retro_e/api.py", line 123, in _request
    raise APIError(f"API request failed after retries: {last_error}")
retro_e.api.APIError: API request failed after retries: retryable HTTP 429: {"error":{"code":"model_cooldown","message":"All credentials for model gemini-3.8-flash-high are cooling down via provider antigravity","model":"gemini-3.8-flash-high","provider":"antigravity","reset_
2026-09-14 21:52:18,060 INFO HTTP Request: POST https://vps.lpzproxy.xyz/v1/chat/completions "HTTP/1.1 429 Too Many Requests"
2026-09-14 21:52:18,060 ERROR E_star generation failed
Traceback (most recent call last):
  File "/Users/lpz/Desktop/AtomFlow/RETRO-E/scripts/run_control_check.py", line 107, in run
    append_jsonl(path, f.result())
                       ~~~~~~~~^^
  File "/Users/lpz/.local/share/uv/python/cpython-3.13.14-macos-aarch64-none/lib/python3.13/concurrent/futures/_base.py", line 453, in result
    return self.__get_result()
           ~~~~~~~~~~~~~~~~~^^
  File "/Users/lpz/.local/share/uv/python/cpython-3.13.14-macos-aarch64-none/lib/python3.13/concurrent/futures/_base.py", line 402, in __get_result
    raise self._exception
  File "/Users/lpz/.local/share/uv/python/cpython-3.13.14-macos-aarch64-none/lib/python3.13/concurrent/futures/thread.py", line 59, in run
    result = self.fn(*self.args, **self.kwargs)
  File "/Users/lpz/Desktop/AtomFlow/RETRO-E/scripts/run_control_check.py", line 48, in generate_one
    c = client.complete(prompt, temperature=config.generation.temperature,
                        top_p=config.generation.top_p,
                        max_tokens=config.generation.max_tokens,
                        model=config.generator_model)
  File "/Users/lpz/Desktop/AtomFlow/RETRO-E/src/retro_e/api.py", line 74, in complete
    response = self._request("POST", self.config.api.chat_completions_path, json=payload)
  File "/Users/lpz/Desktop/AtomFlow/RETRO-E/src/retro_e/api.py", line 123, in _request
    raise APIError(f"API request failed after retries: {last_error}")
retro_e.api.APIError: API request failed after retries: retryable HTTP 429: {"error":{"code":"model_cooldown","message":"All credentials for model gemini-3.8-flash-high are cooling down via provider antigravity","model":"gemini-3.8-flash-high","provider":"antigravity","reset_
2026-09-14 21:52:18,093 INFO HTTP Request: POST https://vps.lpzproxy.xyz/v1/chat/completions "HTTP/1.1 429 Too Many Requests"
2026-09-14 21:52:18,105 INFO HTTP Request: POST https://vps.lpzproxy.xyz/v1/chat/completions "HTTP/1.1 429 Too Many Requests"
2026-09-14 21:52:18,118 INFO HTTP Request: POST https://vps.lpzproxy.xyz/v1/chat/completions "HTTP/1.1 429 Too Many Requests"
2026-09-14 21:52:18,459 INFO HTTP Request: POST https://vps.lpzproxy.xyz/v1/chat/completions "HTTP/1.1 429 Too Many Requests"
2026-09-14 21:52:18,546 INFO HTTP Request: POST https://vps.lpzproxy.xyz/v1/chat/completions "HTTP/1.1 429 Too Many Requests"
2026-09-14 21:52:18,573 INFO HTTP Request: POST https://vps.lpzproxy.xyz/v1/chat/completions "HTTP/1.1 429 Too Many Requests"
2026-09-14 21:52:18,837 INFO HTTP Request: POST https://vps.lpzproxy.xyz/v1/chat/completions "HTTP/1.1 429 Too Many Requests"
2026-09-14 21:52:18,849 INFO HTTP Request: POST https://vps.lpzproxy.xyz/v1/chat/completions "HTTP/1.1 429 Too Many Requests"
2026-09-14 21:52:19,059 INFO HTTP Request: POST https://vps.lpzproxy.xyz/v1/chat/completions "HTTP/1.1 429 Too Many Requests"
2026-09-14 21:52:19,068 INFO HTTP Request: POST https://vps.lpzproxy.xyz/v1/chat/completions "HTTP/1.1 429 Too Many Requests"
2026-09-14 21:52:19,141 INFO HTTP Request: POST https://vps.lpzproxy.xyz/v1/chat/completions "HTTP/1.1 429 Too Many Requests"
2026-09-14 21:52:19,396 INFO HTTP Request: POST https://vps.lpzproxy.xyz/v1/chat/completions "HTTP/1.1 429 Too Many Requests"
2026-09-14 21:52:19,455 INFO HTTP Request: POST https://vps.lpzproxy.xyz/v1/chat/completions "HTTP/1.1 429 Too Many Requests"
2026-09-14 21:52:19,478 INFO HTTP Request: POST https://vps.lpzproxy.xyz/v1/chat/completions "HTTP/1.1 429 Too Many Requests"
2026-09-14 21:52:19,508 INFO HTTP Request: POST https://vps.lpzproxy.xyz/v1/chat/completions "HTTP/1.1 200 OK"
2026-09-14 21:52:20,703 INFO HTTP Request: POST https://vps.lpzproxy.xyz/v1/chat/completions "HTTP/1.1 429 Too Many Requests"
2026-09-14 21:52:20,707 INFO HTTP Request: POST https://vps.lpzproxy.xyz/v1/chat/completions "HTTP/1.1 429 Too Many Requests"
2026-09-14 21:52:20,744 INFO HTTP Request: POST https://vps.lpzproxy.xyz/v1/chat/completions "HTTP/1.1 429 Too Many Requests"
2026-09-14 21:52:20,757 INFO HTTP Request: POST https://vps.lpzproxy.xyz/v1/chat/completions "HTTP/1.1 429 Too Many Requests"
2026-09-14 21:52:20,823 INFO HTTP Request: POST https://vps.lpzproxy.xyz/v1/chat/completions "HTTP/1.1 429 Too Many Requests"
2026-09-14 21:52:20,918 INFO HTTP Request: POST https://vps.lpzproxy.xyz/v1/chat/completions "HTTP/1.1 429 Too Many Requests"
2026-09-14 21:52:20,929 INFO HTTP Request: POST https://vps.lpzproxy.xyz/v1/chat/completions "HTTP/1.1 429 Too Many Requests"
2026-09-14 21:52:20,995 INFO HTTP Request: POST https://vps.lpzproxy.xyz/v1/chat/completions "HTTP/1.1 429 Too Many Requests"
2026-09-14 21:52:21,011 INFO HTTP Request: POST https://vps.lpzproxy.xyz/v1/chat/completions "HTTP/1.1 429 Too Many Requests"
2026-09-14 21:52:21,032 INFO HTTP Request: POST https://vps.lpzproxy.xyz/v1/chat/completions "HTTP/1.1 429 Too Many Requests"
2026-09-14 21:52:21,116 INFO HTTP Request: POST https://vps.lpzproxy.xyz/v1/chat/completions "HTTP/1.1 429 Too Many Requests"
2026-09-14 21:52:21,211 INFO HTTP Request: POST https://vps.lpzproxy.xyz/v1/chat/completions "HTTP/1.1 429 Too Many Requests"
2026-09-14 21:52:21,223 INFO HTTP Request: POST https://vps.lpzproxy.xyz/v1/chat/completions "HTTP/1.1 429 Too Many Requests"
2026-09-14 21:52:21,249 INFO HTTP Request: POST https://vps.lpzproxy.xyz/v1/chat/completions "HTTP/1.1 429 Too Many Requests"
2026-09-14 21:52:21,253 INFO HTTP Request: POST https://vps.lpzproxy.xyz/v1/chat/completions "HTTP/1.1 429 Too Many Requests"
2026-09-14 21:52:21,258 INFO HTTP Request: POST https://vps.lpzproxy.xyz/v1/chat/completions "HTTP/1.1 429 Too Many Requests"
2026-09-14 21:52:21,274 INFO HTTP Request: POST https://vps.lpzproxy.xyz/v1/chat/completions "HTTP/1.1 429 Too Many Requests"
2026-09-14 21:52:21,299 INFO HTTP Request: POST https://vps.lpzproxy.xyz/v1/chat/completions "HTTP/1.1 429 Too Many Requests"
2026-09-14 21:52:21,630 INFO HTTP Request: POST https://vps.lpzproxy.xyz/v1/chat/completions "HTTP/1.1 429 Too Many Requests"
2026-09-14 21:52:21,756 INFO HTTP Request: POST https://vps.lpzproxy.xyz/v1/chat/completions "HTTP/1.1 429 Too Many Requests"
2026-09-14 21:52:21,812 INFO HTTP Request: POST https://vps.lpzproxy.xyz/v1/chat/completions "HTTP/1.1 200 OK"
2026-09-14 21:52:22,692 INFO HTTP Request: POST https://vps.lpzproxy.xyz/v1/chat/completions "HTTP/1.1 429 Too Many Requests"
2026-09-14 21:52:22,908 INFO HTTP Request: POST https://vps.lpzproxy.xyz/v1/chat/completions "HTTP/1.1 429 Too Many Requests"
2026-09-14 21:52:23,210 INFO HTTP Request: POST https://vps.lpzproxy.xyz/v1/chat/completions "HTTP/1.1 429 Too Many Requests"
2026-09-14 21:52:23,212 INFO HTTP Request: POST https://vps.lpzproxy.xyz/v1/chat/completions "HTTP/1.1 429 Too Many Requests"
2026-09-14 21:52:23,228 INFO HTTP Request: POST https://vps.lpzproxy.xyz/v1/chat/completions "HTTP/1.1 429 Too Many Requests"
2026-09-14 21:52:23,303 INFO HTTP Request: POST https://vps.lpzproxy.xyz/v1/chat/completions "HTTP/1.1 429 Too Many Requests"
2026-09-14 21:52:23,343 INFO HTTP Request: POST https://vps.lpzproxy.xyz/v1/chat/completions "HTTP/1.1 429 Too Many Requests"
2026-09-14 21:52:23,455 INFO HTTP Request: POST https://vps.lpzproxy.xyz/v1/chat/completions "HTTP/1.1 429 Too Many Requests"
2026-09-14 21:52:23,996 INFO HTTP Request: POST https://vps.lpzproxy.xyz/v1/chat/completions "HTTP/1.1 429 Too Many Requests"
2026-09-14 21:52:24,142 INFO HTTP Request: POST https://vps.lpzproxy.xyz/v1/chat/completions "HTTP/1.1 429 Too Many Requests"
2026-09-14 21:52:24,179 INFO HTTP Request: POST https://vps.lpzproxy.xyz/v1/chat/completions "HTTP/1.1 429 Too Many Requests"
2026-09-14 21:52:24,192 INFO HTTP Request: POST https://vps.lpzproxy.xyz/v1/chat/completions "HTTP/1.1 429 Too Many Requests"
2026-09-14 21:52:24,468 INFO HTTP Request: POST https://vps.lpzproxy.xyz/v1/chat/completions "HTTP/1.1 429 Too Many Requests"
2026-09-14 21:52:24,928 INFO HTTP Request: POST https://vps.lpzproxy.xyz/v1/chat/completions "HTTP/1.1 429 Too Many Requests"
2026-09-14 21:52:25,378 INFO HTTP Request: POST https://vps.lpzproxy.xyz/v1/chat/completions "HTTP/1.1 429 Too Many Requests"
2026-09-14 21:52:25,379 ERROR E_star generation failed
Traceback (most recent call last):
  File "/Users/lpz/Desktop/AtomFlow/RETRO-E/scripts/run_control_check.py", line 107, in run
    append_jsonl(path, f.result())
                       ~~~~~~~~^^
  File "/Users/lpz/.local/share/uv/python/cpython-3.13.14-macos-aarch64-none/lib/python3.13/concurrent/futures/_base.py", line 453, in result
    return self.__get_result()
           ~~~~~~~~~~~~~~~~~^^
  File "/Users/lpz/.local/share/uv/python/cpython-3.13.14-macos-aarch64-none/lib/python3.13/concurrent/futures/_base.py", line 402, in __get_result
    raise self._exception
  File "/Users/lpz/.local/share/uv/python/cpython-3.13.14-macos-aarch64-none/lib/python3.13/concurrent/futures/thread.py", line 59, in run
    result = self.fn(*self.args, **self.kwargs)
  File "/Users/lpz/Desktop/AtomFlow/RETRO-E/scripts/run_control_check.py", line 48, in generate_one
    c = client.complete(prompt, temperature=config.generation.temperature,
                        top_p=config.generation.top_p,
                        max_tokens=config.generation.max_tokens,
                        model=config.generator_model)
  File "/Users/lpz/Desktop/AtomFlow/RETRO-E/src/retro_e/api.py", line 74, in complete
    response = self._request("POST", self.config.api.chat_completions_path, json=payload)
  File "/Users/lpz/Desktop/AtomFlow/RETRO-E/src/retro_e/api.py", line 123, in _request
    raise APIError(f"API request failed after retries: {last_error}")
retro_e.api.APIError: API request failed after retries: retryable HTTP 429: {"error":{"code":"model_cooldown","message":"All credentials for model gemini-3.8-flash-high are cooling down via provider antigravity","model":"gemini-3.8-flash-high","provider":"antigravity","reset_
2026-09-14 21:52:25,538 INFO HTTP Request: POST https://vps.lpzproxy.xyz/v1/chat/completions "HTTP/1.1 429 Too Many Requests"
2026-09-14 21:52:25,649 INFO HTTP Request: POST https://vps.lpzproxy.xyz/v1/chat/completions "HTTP/1.1 429 Too Many Requests"
2026-09-14 21:52:25,649 ERROR E_star generation failed
Traceback (most recent call last):
  File "/Users/lpz/Desktop/AtomFlow/RETRO-E/scripts/run_control_check.py", line 107, in run
    append_jsonl(path, f.result())
                       ~~~~~~~~^^
  File "/Users/lpz/.local/share/uv/python/cpython-3.13.14-macos-aarch64-none/lib/python3.13/concurrent/futures/_base.py", line 453, in result
    return self.__get_result()
           ~~~~~~~~~~~~~~~~~^^
  File "/Users/lpz/.local/share/uv/python/cpython-3.13.14-macos-aarch64-none/lib/python3.13/concurrent/futures/_base.py", line 402, in __get_result
    raise self._exception
  File "/Users/lpz/.local/share/uv/python/cpython-3.13.14-macos-aarch64-none/lib/python3.13/concurrent/futures/thread.py", line 59, in run
    result = self.fn(*self.args, **self.kwargs)
  File "/Users/lpz/Desktop/AtomFlow/RETRO-E/scripts/run_control_check.py", line 48, in generate_one
    c = client.complete(prompt, temperature=config.generation.temperature,
                        top_p=config.generation.top_p,
                        max_tokens=config.generation.max_tokens,
                        model=config.generator_model)
  File "/Users/lpz/Desktop/AtomFlow/RETRO-E/src/retro_e/api.py", line 74, in complete
    response = self._request("POST", self.config.api.chat_completions_path, json=payload)
  File "/Users/lpz/Desktop/AtomFlow/RETRO-E/src/retro_e/api.py", line 123, in _request
    raise APIError(f"API request failed after retries: {last_error}")
retro_e.api.APIError: API request failed after retries: retryable HTTP 429: {"error":{"code":"model_cooldown","message":"All credentials for model gemini-3.8-flash-high are cooling down via provider antigravity","model":"gemini-3.8-flash-high","provider":"antigravity","reset_
2026-09-14 21:52:25,660 INFO HTTP Request: POST https://vps.lpzproxy.xyz/v1/chat/completions "HTTP/1.1 429 Too Many Requests"
2026-09-14 21:52:25,849 INFO HTTP Request: POST https://vps.lpzproxy.xyz/v1/chat/completions "HTTP/1.1 429 Too Many Requests"
2026-09-14 21:52:25,849 ERROR E_star generation failed
Traceback (most recent call last):
  File "/Users/lpz/Desktop/AtomFlow/RETRO-E/scripts/run_control_check.py", line 107, in run
    append_jsonl(path, f.result())
                       ~~~~~~~~^^
  File "/Users/lpz/.local/share/uv/python/cpython-3.13.14-macos-aarch64-none/lib/python3.13/concurrent/futures/_base.py", line 453, in result
    return self.__get_result()
           ~~~~~~~~~~~~~~~~~^^
  File "/Users/lpz/.local/share/uv/python/cpython-3.13.14-macos-aarch64-none/lib/python3.13/concurrent/futures/_base.py", line 402, in __get_result
    raise self._exception
  File "/Users/lpz/.local/share/uv/python/cpython-3.13.14-macos-aarch64-none/lib/python3.13/concurrent/futures/thread.py", line 59, in run
    result = self.fn(*self.args, **self.kwargs)
  File "/Users/lpz/Desktop/AtomFlow/RETRO-E/scripts/run_control_check.py", line 48, in generate_one
    c = client.complete(prompt, temperature=config.generation.temperature,
                        top_p=config.generation.top_p,
                        max_tokens=config.generation.max_tokens,
                        model=config.generator_model)
  File "/Users/lpz/Desktop/AtomFlow/RETRO-E/src/retro_e/api.py", line 74, in complete
    response = self._request("POST", self.config.api.chat_completions_path, json=payload)
  File "/Users/lpz/Desktop/AtomFlow/RETRO-E/src/retro_e/api.py", line 123, in _request
    raise APIError(f"API request failed after retries: {last_error}")
retro_e.api.APIError: API request failed after retries: retryable HTTP 429: {"error":{"code":"model_cooldown","message":"All credentials for model gemini-3.8-flash-high are cooling down via provider antigravity","model":"gemini-3.8-flash-high","provider":"antigravity","reset_
2026-09-14 21:52:25,910 INFO HTTP Request: POST https://vps.lpzproxy.xyz/v1/chat/completions "HTTP/1.1 429 Too Many Requests"
2026-09-14 21:52:25,910 ERROR E_star generation failed
Traceback (most recent call last):
  File "/Users/lpz/Desktop/AtomFlow/RETRO-E/scripts/run_control_check.py", line 107, in run
    append_jsonl(path, f.result())
                       ~~~~~~~~^^
  File "/Users/lpz/.local/share/uv/python/cpython-3.13.14-macos-aarch64-none/lib/python3.13/concurrent/futures/_base.py", line 453, in result
    return self.__get_result()
           ~~~~~~~~~~~~~~~~~^^
  File "/Users/lpz/.local/share/uv/python/cpython-3.13.14-macos-aarch64-none/lib/python3.13/concurrent/futures/_base.py", line 402, in __get_result
    raise self._exception
  File "/Users/lpz/.local/share/uv/python/cpython-3.13.14-macos-aarch64-none/lib/python3.13/concurrent/futures/thread.py", line 59, in run
    result = self.fn(*self.args, **self.kwargs)
  File "/Users/lpz/Desktop/AtomFlow/RETRO-E/scripts/run_control_check.py", line 48, in generate_one
    c = client.complete(prompt, temperature=config.generation.temperature,
                        top_p=config.generation.top_p,
                        max_tokens=config.generation.max_tokens,
                        model=config.generator_model)
  File "/Users/lpz/Desktop/AtomFlow/RETRO-E/src/retro_e/api.py", line 74, in complete
    response = self._request("POST", self.config.api.chat_completions_path, json=payload)
  File "/Users/lpz/Desktop/AtomFlow/RETRO-E/src/retro_e/api.py", line 123, in _request
    raise APIError(f"API request failed after retries: {last_error}")
retro_e.api.APIError: API request failed after retries: retryable HTTP 429: {"error":{"code":"model_cooldown","message":"All credentials for model gemini-3.8-flash-high are cooling down via provider antigravity","model":"gemini-3.8-flash-high","provider":"antigravity","reset_
2026-09-14 21:52:25,929 INFO HTTP Request: POST https://vps.lpzproxy.xyz/v1/chat/completions "HTTP/1.1 429 Too Many Requests"
2026-09-14 21:52:26,219 INFO HTTP Request: POST https://vps.lpzproxy.xyz/v1/chat/completions "HTTP/1.1 429 Too Many Requests"
2026-09-14 21:52:26,229 INFO HTTP Request: POST https://vps.lpzproxy.xyz/v1/chat/completions "HTTP/1.1 429 Too Many Requests"
2026-09-14 21:52:26,295 INFO HTTP Request: POST https://vps.lpzproxy.xyz/v1/chat/completions "HTTP/1.1 429 Too Many Requests"
2026-09-14 21:52:26,296 ERROR E_star generation failed
Traceback (most recent call last):
  File "/Users/lpz/Desktop/AtomFlow/RETRO-E/scripts/run_control_check.py", line 107, in run
    append_jsonl(path, f.result())
                       ~~~~~~~~^^
  File "/Users/lpz/.local/share/uv/python/cpython-3.13.14-macos-aarch64-none/lib/python3.13/concurrent/futures/_base.py", line 453, in result
    return self.__get_result()
           ~~~~~~~~~~~~~~~~~^^
  File "/Users/lpz/.local/share/uv/python/cpython-3.13.14-macos-aarch64-none/lib/python3.13/concurrent/futures/_base.py", line 402, in __get_result
    raise self._exception
  File "/Users/lpz/.local/share/uv/python/cpython-3.13.14-macos-aarch64-none/lib/python3.13/concurrent/futures/thread.py", line 59, in run
    result = self.fn(*self.args, **self.kwargs)
  File "/Users/lpz/Desktop/AtomFlow/RETRO-E/scripts/run_control_check.py", line 48, in generate_one
    c = client.complete(prompt, temperature=config.generation.temperature,
                        top_p=config.generation.top_p,
                        max_tokens=config.generation.max_tokens,
                        model=config.generator_model)
  File "/Users/lpz/Desktop/AtomFlow/RETRO-E/src/retro_e/api.py", line 74, in complete
    response = self._request("POST", self.config.api.chat_completions_path, json=payload)
  File "/Users/lpz/Desktop/AtomFlow/RETRO-E/src/retro_e/api.py", line 123, in _request
    raise APIError(f"API request failed after retries: {last_error}")
retro_e.api.APIError: API request failed after retries: retryable HTTP 429: {"error":{"code":"model_cooldown","message":"All credentials for model gemini-3.8-flash-high are cooling down via provider antigravity","model":"gemini-3.8-flash-high","provider":"antigravity","reset_
2026-09-14 21:52:26,320 INFO HTTP Request: POST https://vps.lpzproxy.xyz/v1/chat/completions "HTTP/1.1 429 Too Many Requests"
2026-09-14 21:52:26,378 INFO HTTP Request: POST https://vps.lpzproxy.xyz/v1/chat/completions "HTTP/1.1 429 Too Many Requests"
2026-09-14 21:52:26,450 INFO HTTP Request: POST https://vps.lpzproxy.xyz/v1/chat/completions "HTTP/1.1 429 Too Many Requests"
2026-09-14 21:52:26,485 INFO HTTP Request: POST https://vps.lpzproxy.xyz/v1/chat/completions "HTTP/1.1 429 Too Many Requests"
2026-09-14 21:52:26,555 INFO HTTP Request: POST https://vps.lpzproxy.xyz/v1/chat/completions "HTTP/1.1 429 Too Many Requests"
2026-09-14 21:52:26,652 INFO HTTP Request: POST https://vps.lpzproxy.xyz/v1/chat/completions "HTTP/1.1 429 Too Many Requests"
2026-09-14 21:52:26,653 ERROR E_star generation failed
Traceback (most recent call last):
  File "/Users/lpz/Desktop/AtomFlow/RETRO-E/scripts/run_control_check.py", line 107, in run
    append_jsonl(path, f.result())
                       ~~~~~~~~^^
  File "/Users/lpz/.local/share/uv/python/cpython-3.13.14-macos-aarch64-none/lib/python3.13/concurrent/futures/_base.py", line 453, in result
    return self.__get_result()
           ~~~~~~~~~~~~~~~~~^^
  File "/Users/lpz/.local/share/uv/python/cpython-3.13.14-macos-aarch64-none/lib/python3.13/concurrent/futures/_base.py", line 402, in __get_result
    raise self._exception
  File "/Users/lpz/.local/share/uv/python/cpython-3.13.14-macos-aarch64-none/lib/python3.13/concurrent/futures/thread.py", line 59, in run
    result = self.fn(*self.args, **self.kwargs)
  File "/Users/lpz/Desktop/AtomFlow/RETRO-E/scripts/run_control_check.py", line 48, in generate_one
    c = client.complete(prompt, temperature=config.generation.temperature,
                        top_p=config.generation.top_p,
                        max_tokens=config.generation.max_tokens,
                        model=config.generator_model)
  File "/Users/lpz/Desktop/AtomFlow/RETRO-E/src/retro_e/api.py", line 74, in complete
    response = self._request("POST", self.config.api.chat_completions_path, json=payload)
  File "/Users/lpz/Desktop/AtomFlow/RETRO-E/src/retro_e/api.py", line 123, in _request
    raise APIError(f"API request failed after retries: {last_error}")
retro_e.api.APIError: API request failed after retries: retryable HTTP 429: {"error":{"code":"model_cooldown","message":"All credentials for model gemini-3.8-flash-high are cooling down via provider antigravity","model":"gemini-3.8-flash-high","provider":"antigravity","reset_
2026-09-14 21:52:26,662 INFO HTTP Request: POST https://vps.lpzproxy.xyz/v1/chat/completions "HTTP/1.1 429 Too Many Requests"
2026-09-14 21:52:26,786 INFO HTTP Request: POST https://vps.lpzproxy.xyz/v1/chat/completions "HTTP/1.1 429 Too Many Requests"
2026-09-14 21:52:26,980 INFO HTTP Request: POST https://vps.lpzproxy.xyz/v1/chat/completions "HTTP/1.1 429 Too Many Requests"
2026-09-14 21:52:26,981 ERROR E_star generation failed
Traceback (most recent call last):
  File "/Users/lpz/Desktop/AtomFlow/RETRO-E/scripts/run_control_check.py", line 107, in run
    append_jsonl(path, f.result())
                       ~~~~~~~~^^
  File "/Users/lpz/.local/share/uv/python/cpython-3.13.14-macos-aarch64-none/lib/python3.13/concurrent/futures/_base.py", line 453, in result
    return self.__get_result()
           ~~~~~~~~~~~~~~~~~^^
  File "/Users/lpz/.local/share/uv/python/cpython-3.13.14-macos-aarch64-none/lib/python3.13/concurrent/futures/_base.py", line 402, in __get_result
    raise self._exception
  File "/Users/lpz/.local/share/uv/python/cpython-3.13.14-macos-aarch64-none/lib/python3.13/concurrent/futures/thread.py", line 59, in run
    result = self.fn(*self.args, **self.kwargs)
  File "/Users/lpz/Desktop/AtomFlow/RETRO-E/scripts/run_control_check.py", line 48, in generate_one
    c = client.complete(prompt, temperature=config.generation.temperature,
                        top_p=config.generation.top_p,
                        max_tokens=config.generation.max_tokens,
                        model=config.generator_model)
  File "/Users/lpz/Desktop/AtomFlow/RETRO-E/src/retro_e/api.py", line 74, in complete
    response = self._request("POST", self.config.api.chat_completions_path, json=payload)
  File "/Users/lpz/Desktop/AtomFlow/RETRO-E/src/retro_e/api.py", line 123, in _request
    raise APIError(f"API request failed after retries: {last_error}")
retro_e.api.APIError: API request failed after retries: retryable HTTP 429: {"error":{"code":"model_cooldown","message":"All credentials for model gemini-3.8-flash-high are cooling down via provider antigravity","model":"gemini-3.8-flash-high","provider":"antigravity","reset_
2026-09-14 21:52:27,058 INFO HTTP Request: POST https://vps.lpzproxy.xyz/v1/chat/completions "HTTP/1.1 429 Too Many Requests"
2026-09-14 21:52:27,254 INFO HTTP Request: POST https://vps.lpzproxy.xyz/v1/chat/completions "HTTP/1.1 429 Too Many Requests"
2026-09-14 21:52:27,315 INFO HTTP Request: POST https://vps.lpzproxy.xyz/v1/chat/completions "HTTP/1.1 429 Too Many Requests"
2026-09-14 21:52:27,705 INFO HTTP Request: POST https://vps.lpzproxy.xyz/v1/chat/completions "HTTP/1.1 429 Too Many Requests"
2026-09-14 21:52:28,060 INFO HTTP Request: POST https://vps.lpzproxy.xyz/v1/chat/completions "HTTP/1.1 429 Too Many Requests"
2026-09-14 21:52:28,128 INFO HTTP Request: POST https://vps.lpzproxy.xyz/v1/chat/completions "HTTP/1.1 429 Too Many Requests"
2026-09-14 21:52:28,129 ERROR E_star generation failed
Traceback (most recent call last):
  File "/Users/lpz/Desktop/AtomFlow/RETRO-E/scripts/run_control_check.py", line 107, in run
    append_jsonl(path, f.result())
                       ~~~~~~~~^^
  File "/Users/lpz/.local/share/uv/python/cpython-3.13.14-macos-aarch64-none/lib/python3.13/concurrent/futures/_base.py", line 453, in result
    return self.__get_result()
           ~~~~~~~~~~~~~~~~~^^
  File "/Users/lpz/.local/share/uv/python/cpython-3.13.14-macos-aarch64-none/lib/python3.13/concurrent/futures/_base.py", line 402, in __get_result
    raise self._exception
  File "/Users/lpz/.local/share/uv/python/cpython-3.13.14-macos-aarch64-none/lib/python3.13/concurrent/futures/thread.py", line 59, in run
    result = self.fn(*self.args, **self.kwargs)
  File "/Users/lpz/Desktop/AtomFlow/RETRO-E/scripts/run_control_check.py", line 48, in generate_one
    c = client.complete(prompt, temperature=config.generation.temperature,
                        top_p=config.generation.top_p,
                        max_tokens=config.generation.max_tokens,
                        model=config.generator_model)
  File "/Users/lpz/Desktop/AtomFlow/RETRO-E/src/retro_e/api.py", line 74, in complete
    response = self._request("POST", self.config.api.chat_completions_path, json=payload)
  File "/Users/lpz/Desktop/AtomFlow/RETRO-E/src/retro_e/api.py", line 123, in _request
    raise APIError(f"API request failed after retries: {last_error}")
retro_e.api.APIError: API request failed after retries: retryable HTTP 429: {"error":{"code":"model_cooldown","message":"All credentials for model gemini-3.8-flash-high are cooling down via provider antigravity","model":"gemini-3.8-flash-high","provider":"antigravity","reset_
2026-09-14 21:52:28,423 INFO HTTP Request: POST https://vps.lpzproxy.xyz/v1/chat/completions "HTTP/1.1 429 Too Many Requests"
2026-09-14 21:52:28,528 INFO HTTP Request: POST https://vps.lpzproxy.xyz/v1/chat/completions "HTTP/1.1 429 Too Many Requests"
2026-09-14 21:52:28,626 INFO HTTP Request: POST https://vps.lpzproxy.xyz/v1/chat/completions "HTTP/1.1 429 Too Many Requests"
2026-09-14 21:52:28,627 ERROR E_star generation failed
Traceback (most recent call last):
  File "/Users/lpz/Desktop/AtomFlow/RETRO-E/scripts/run_control_check.py", line 107, in run
    append_jsonl(path, f.result())
                       ~~~~~~~~^^
  File "/Users/lpz/.local/share/uv/python/cpython-3.13.14-macos-aarch64-none/lib/python3.13/concurrent/futures/_base.py", line 453, in result
    return self.__get_result()
           ~~~~~~~~~~~~~~~~~^^
  File "/Users/lpz/.local/share/uv/python/cpython-3.13.14-macos-aarch64-none/lib/python3.13/concurrent/futures/_base.py", line 402, in __get_result
    raise self._exception
  File "/Users/lpz/.local/share/uv/python/cpython-3.13.14-macos-aarch64-none/lib/python3.13/concurrent/futures/thread.py", line 59, in run
    result = self.fn(*self.args, **self.kwargs)
  File "/Users/lpz/Desktop/AtomFlow/RETRO-E/scripts/run_control_check.py", line 48, in generate_one
    c = client.complete(prompt, temperature=config.generation.temperature,
                        top_p=config.generation.top_p,
                        max_tokens=config.generation.max_tokens,
                        model=config.generator_model)
  File "/Users/lpz/Desktop/AtomFlow/RETRO-E/src/retro_e/api.py", line 74, in complete
    response = self._request("POST", self.config.api.chat_completions_path, json=payload)
  File "/Users/lpz/Desktop/AtomFlow/RETRO-E/src/retro_e/api.py", line 123, in _request
    raise APIError(f"API request failed after retries: {last_error}")
retro_e.api.APIError: API request failed after retries: retryable HTTP 429: {"error":{"code":"model_cooldown","message":"All credentials for model gemini-3.8-flash-high are cooling down via provider antigravity","model":"gemini-3.8-flash-high","provider":"antigravity","reset_
2026-09-14 21:52:28,830 INFO HTTP Request: POST https://vps.lpzproxy.xyz/v1/chat/completions "HTTP/1.1 429 Too Many Requests"
2026-09-14 21:52:28,961 INFO HTTP Request: POST https://vps.lpzproxy.xyz/v1/chat/completions "HTTP/1.1 429 Too Many Requests"
2026-09-14 21:52:29,047 INFO HTTP Request: POST https://vps.lpzproxy.xyz/v1/chat/completions "HTTP/1.1 429 Too Many Requests"
2026-09-14 21:52:29,095 INFO HTTP Request: POST https://vps.lpzproxy.xyz/v1/chat/completions "HTTP/1.1 429 Too Many Requests"
2026-09-14 21:52:29,173 INFO HTTP Request: POST https://vps.lpzproxy.xyz/v1/chat/completions "HTTP/1.1 429 Too Many Requests"
2026-09-14 21:52:29,194 INFO HTTP Request: POST https://vps.lpzproxy.xyz/v1/chat/completions "HTTP/1.1 429 Too Many Requests"
2026-09-14 21:52:29,330 INFO HTTP Request: POST https://vps.lpzproxy.xyz/v1/chat/completions "HTTP/1.1 429 Too Many Requests"
2026-09-14 21:52:29,461 INFO HTTP Request: POST https://vps.lpzproxy.xyz/v1/chat/completions "HTTP/1.1 429 Too Many Requests"
2026-09-14 21:52:29,522 INFO HTTP Request: POST https://vps.lpzproxy.xyz/v1/chat/completions "HTTP/1.1 429 Too Many Requests"
2026-09-14 21:52:29,528 INFO HTTP Request: POST https://vps.lpzproxy.xyz/v1/chat/completions "HTTP/1.1 429 Too Many Requests"
2026-09-14 21:52:29,536 INFO HTTP Request: POST https://vps.lpzproxy.xyz/v1/chat/completions "HTTP/1.1 429 Too Many Requests"
2026-09-14 21:52:30,035 INFO HTTP Request: POST https://vps.lpzproxy.xyz/v1/chat/completions "HTTP/1.1 429 Too Many Requests"
2026-09-14 21:52:30,117 INFO HTTP Request: POST https://vps.lpzproxy.xyz/v1/chat/completions "HTTP/1.1 429 Too Many Requests"
2026-09-14 21:52:30,221 INFO HTTP Request: POST https://vps.lpzproxy.xyz/v1/chat/completions "HTTP/1.1 429 Too Many Requests"
2026-09-14 21:52:30,609 INFO HTTP Request: POST https://vps.lpzproxy.xyz/v1/chat/completions "HTTP/1.1 429 Too Many Requests"
2026-09-14 21:52:30,610 ERROR E_star generation failed
Traceback (most recent call last):
  File "/Users/lpz/Desktop/AtomFlow/RETRO-E/scripts/run_control_check.py", line 107, in run
    append_jsonl(path, f.result())
                       ~~~~~~~~^^
  File "/Users/lpz/.local/share/uv/python/cpython-3.13.14-macos-aarch64-none/lib/python3.13/concurrent/futures/_base.py", line 453, in result
    return self.__get_result()
           ~~~~~~~~~~~~~~~~~^^
  File "/Users/lpz/.local/share/uv/python/cpython-3.13.14-macos-aarch64-none/lib/python3.13/concurrent/futures/_base.py", line 402, in __get_result
    raise self._exception
  File "/Users/lpz/.local/share/uv/python/cpython-3.13.14-macos-aarch64-none/lib/python3.13/concurrent/futures/thread.py", line 59, in run
    result = self.fn(*self.args, **self.kwargs)
  File "/Users/lpz/Desktop/AtomFlow/RETRO-E/scripts/run_control_check.py", line 48, in generate_one
    c = client.complete(prompt, temperature=config.generation.temperature,
                        top_p=config.generation.top_p,
                        max_tokens=config.generation.max_tokens,
                        model=config.generator_model)
  File "/Users/lpz/Desktop/AtomFlow/RETRO-E/src/retro_e/api.py", line 74, in complete
    response = self._request("POST", self.config.api.chat_completions_path, json=payload)
  File "/Users/lpz/Desktop/AtomFlow/RETRO-E/src/retro_e/api.py", line 123, in _request
    raise APIError(f"API request failed after retries: {last_error}")
retro_e.api.APIError: API request failed after retries: retryable HTTP 429: {"error":{"code":"model_cooldown","message":"All credentials for model gemini-3.8-flash-high are cooling down via provider antigravity","model":"gemini-3.8-flash-high","provider":"antigravity","reset_
2026-09-14 21:52:30,620 INFO HTTP Request: POST https://vps.lpzproxy.xyz/v1/chat/completions "HTTP/1.1 429 Too Many Requests"
2026-09-14 21:52:30,620 ERROR E_star generation failed
Traceback (most recent call last):
  File "/Users/lpz/Desktop/AtomFlow/RETRO-E/scripts/run_control_check.py", line 107, in run
    append_jsonl(path, f.result())
                       ~~~~~~~~^^
  File "/Users/lpz/.local/share/uv/python/cpython-3.13.14-macos-aarch64-none/lib/python3.13/concurrent/futures/_base.py", line 453, in result
    return self.__get_result()
           ~~~~~~~~~~~~~~~~~^^
  File "/Users/lpz/.local/share/uv/python/cpython-3.13.14-macos-aarch64-none/lib/python3.13/concurrent/futures/_base.py", line 402, in __get_result
    raise self._exception
  File "/Users/lpz/.local/share/uv/python/cpython-3.13.14-macos-aarch64-none/lib/python3.13/concurrent/futures/thread.py", line 59, in run
    result = self.fn(*self.args, **self.kwargs)
  File "/Users/lpz/Desktop/AtomFlow/RETRO-E/scripts/run_control_check.py", line 48, in generate_one
    c = client.complete(prompt, temperature=config.generation.temperature,
                        top_p=config.generation.top_p,
                        max_tokens=config.generation.max_tokens,
                        model=config.generator_model)
  File "/Users/lpz/Desktop/AtomFlow/RETRO-E/src/retro_e/api.py", line 74, in complete
    response = self._request("POST", self.config.api.chat_completions_path, json=payload)
  File "/Users/lpz/Desktop/AtomFlow/RETRO-E/src/retro_e/api.py", line 123, in _request
    raise APIError(f"API request failed after retries: {last_error}")
retro_e.api.APIError: API request failed after retries: retryable HTTP 429: {"error":{"code":"model_cooldown","message":"All credentials for model gemini-3.8-flash-high are cooling down via provider antigravity","model":"gemini-3.8-flash-high","provider":"antigravity","reset_
2026-09-14 21:52:30,629 INFO HTTP Request: POST https://vps.lpzproxy.xyz/v1/chat/completions "HTTP/1.1 429 Too Many Requests"
2026-09-14 21:52:30,630 ERROR E_star generation failed
Traceback (most recent call last):
  File "/Users/lpz/Desktop/AtomFlow/RETRO-E/scripts/run_control_check.py", line 107, in run
    append_jsonl(path, f.result())
                       ~~~~~~~~^^
  File "/Users/lpz/.local/share/uv/python/cpython-3.13.14-macos-aarch64-none/lib/python3.13/concurrent/futures/_base.py", line 453, in result
    return self.__get_result()
           ~~~~~~~~~~~~~~~~~^^
  File "/Users/lpz/.local/share/uv/python/cpython-3.13.14-macos-aarch64-none/lib/python3.13/concurrent/futures/_base.py", line 402, in __get_result
    raise self._exception
  File "/Users/lpz/.local/share/uv/python/cpython-3.13.14-macos-aarch64-none/lib/python3.13/concurrent/futures/thread.py", line 59, in run
    result = self.fn(*self.args, **self.kwargs)
  File "/Users/lpz/Desktop/AtomFlow/RETRO-E/scripts/run_control_check.py", line 48, in generate_one
    c = client.complete(prompt, temperature=config.generation.temperature,
                        top_p=config.generation.top_p,
                        max_tokens=config.generation.max_tokens,
                        model=config.generator_model)
  File "/Users/lpz/Desktop/AtomFlow/RETRO-E/src/retro_e/api.py", line 74, in complete
    response = self._request("POST", self.config.api.chat_completions_path, json=payload)
  File "/Users/lpz/Desktop/AtomFlow/RETRO-E/src/retro_e/api.py", line 123, in _request
    raise APIError(f"API request failed after retries: {last_error}")
retro_e.api.APIError: API request failed after retries: retryable HTTP 429: {"error":{"code":"model_cooldown","message":"All credentials for model gemini-3.8-flash-high are cooling down via provider antigravity","model":"gemini-3.8-flash-high","provider":"antigravity","reset_
2026-09-14 21:52:30,768 INFO HTTP Request: POST https://vps.lpzproxy.xyz/v1/chat/completions "HTTP/1.1 429 Too Many Requests"
2026-09-14 21:52:31,144 INFO HTTP Request: POST https://vps.lpzproxy.xyz/v1/chat/completions "HTTP/1.1 429 Too Many Requests"
2026-09-14 21:52:31,144 ERROR E_star generation failed
Traceback (most recent call last):
  File "/Users/lpz/Desktop/AtomFlow/RETRO-E/scripts/run_control_check.py", line 107, in run
    append_jsonl(path, f.result())
                       ~~~~~~~~^^
  File "/Users/lpz/.local/share/uv/python/cpython-3.13.14-macos-aarch64-none/lib/python3.13/concurrent/futures/_base.py", line 453, in result
    return self.__get_result()
           ~~~~~~~~~~~~~~~~~^^
  File "/Users/lpz/.local/share/uv/python/cpython-3.13.14-macos-aarch64-none/lib/python3.13/concurrent/futures/_base.py", line 402, in __get_result
    raise self._exception
  File "/Users/lpz/.local/share/uv/python/cpython-3.13.14-macos-aarch64-none/lib/python3.13/concurrent/futures/thread.py", line 59, in run
    result = self.fn(*self.args, **self.kwargs)
  File "/Users/lpz/Desktop/AtomFlow/RETRO-E/scripts/run_control_check.py", line 48, in generate_one
    c = client.complete(prompt, temperature=config.generation.temperature,
                        top_p=config.generation.top_p,
                        max_tokens=config.generation.max_tokens,
                        model=config.generator_model)
  File "/Users/lpz/Desktop/AtomFlow/RETRO-E/src/retro_e/api.py", line 74, in complete
    response = self._request("POST", self.config.api.chat_completions_path, json=payload)
  File "/Users/lpz/Desktop/AtomFlow/RETRO-E/src/retro_e/api.py", line 123, in _request
    raise APIError(f"API request failed after retries: {last_error}")
retro_e.api.APIError: API request failed after retries: retryable HTTP 429: {"error":{"code":"model_cooldown","message":"All credentials for model gemini-3.8-flash-high are cooling down via provider antigravity","model":"gemini-3.8-flash-high","provider":"antigravity","reset_
2026-09-14 21:52:31,249 INFO HTTP Request: POST https://vps.lpzproxy.xyz/v1/chat/completions "HTTP/1.1 429 Too Many Requests"
2026-09-14 21:52:31,250 ERROR E_star generation failed
Traceback (most recent call last):
  File "/Users/lpz/Desktop/AtomFlow/RETRO-E/scripts/run_control_check.py", line 107, in run
    append_jsonl(path, f.result())
                       ~~~~~~~~^^
  File "/Users/lpz/.local/share/uv/python/cpython-3.13.14-macos-aarch64-none/lib/python3.13/concurrent/futures/_base.py", line 453, in result
    return self.__get_result()
           ~~~~~~~~~~~~~~~~~^^
  File "/Users/lpz/.local/share/uv/python/cpython-3.13.14-macos-aarch64-none/lib/python3.13/concurrent/futures/_base.py", line 402, in __get_result
    raise self._exception
  File "/Users/lpz/.local/share/uv/python/cpython-3.13.14-macos-aarch64-none/lib/python3.13/concurrent/futures/thread.py", line 59, in run
    result = self.fn(*self.args, **self.kwargs)
  File "/Users/lpz/Desktop/AtomFlow/RETRO-E/scripts/run_control_check.py", line 48, in generate_one
    c = client.complete(prompt, temperature=config.generation.temperature,
                        top_p=config.generation.top_p,
                        max_tokens=config.generation.max_tokens,
                        model=config.generator_model)
  File "/Users/lpz/Desktop/AtomFlow/RETRO-E/src/retro_e/api.py", line 74, in complete
    response = self._request("POST", self.config.api.chat_completions_path, json=payload)
  File "/Users/lpz/Desktop/AtomFlow/RETRO-E/src/retro_e/api.py", line 123, in _request
    raise APIError(f"API request failed after retries: {last_error}")
retro_e.api.APIError: API request failed after retries: retryable HTTP 429: {"error":{"code":"model_cooldown","message":"All credentials for model gemini-3.8-flash-high are cooling down via provider antigravity","model":"gemini-3.8-flash-high","provider":"antigravity","reset_
2026-09-14 21:52:31,408 INFO HTTP Request: POST https://vps.lpzproxy.xyz/v1/chat/completions "HTTP/1.1 429 Too Many Requests"
2026-09-14 21:52:31,413 INFO HTTP Request: POST https://vps.lpzproxy.xyz/v1/chat/completions "HTTP/1.1 429 Too Many Requests"
2026-09-14 21:52:31,413 ERROR E_star generation failed
Traceback (most recent call last):
  File "/Users/lpz/Desktop/AtomFlow/RETRO-E/scripts/run_control_check.py", line 107, in run
    append_jsonl(path, f.result())
                       ~~~~~~~~^^
  File "/Users/lpz/.local/share/uv/python/cpython-3.13.14-macos-aarch64-none/lib/python3.13/concurrent/futures/_base.py", line 453, in result
    return self.__get_result()
           ~~~~~~~~~~~~~~~~~^^
  File "/Users/lpz/.local/share/uv/python/cpython-3.13.14-macos-aarch64-none/lib/python3.13/concurrent/futures/_base.py", line 402, in __get_result
    raise self._exception
  File "/Users/lpz/.local/share/uv/python/cpython-3.13.14-macos-aarch64-none/lib/python3.13/concurrent/futures/thread.py", line 59, in run
    result = self.fn(*self.args, **self.kwargs)
  File "/Users/lpz/Desktop/AtomFlow/RETRO-E/scripts/run_control_check.py", line 48, in generate_one
    c = client.complete(prompt, temperature=config.generation.temperature,
                        top_p=config.generation.top_p,
                        max_tokens=config.generation.max_tokens,
                        model=config.generator_model)
  File "/Users/lpz/Desktop/AtomFlow/RETRO-E/src/retro_e/api.py", line 74, in complete
    response = self._request("POST", self.config.api.chat_completions_path, json=payload)
  File "/Users/lpz/Desktop/AtomFlow/RETRO-E/src/retro_e/api.py", line 123, in _request
    raise APIError(f"API request failed after retries: {last_error}")
retro_e.api.APIError: API request failed after retries: retryable HTTP 429: {"error":{"code":"model_cooldown","message":"All credentials for model gemini-3.8-flash-high are cooling down via provider antigravity","model":"gemini-3.8-flash-high","provider":"antigravity","reset_
2026-09-14 21:52:31,452 INFO HTTP Request: POST https://vps.lpzproxy.xyz/v1/chat/completions "HTTP/1.1 200 OK"
2026-09-14 21:52:32,413 INFO HTTP Request: POST https://vps.lpzproxy.xyz/v1/chat/completions "HTTP/1.1 429 Too Many Requests"
2026-09-14 21:52:32,610 INFO HTTP Request: POST https://vps.lpzproxy.xyz/v1/chat/completions "HTTP/1.1 429 Too Many Requests"
2026-09-14 21:52:32,688 INFO HTTP Request: POST https://vps.lpzproxy.xyz/v1/chat/completions "HTTP/1.1 429 Too Many Requests"
2026-09-14 21:52:32,688 INFO HTTP Request: POST https://vps.lpzproxy.xyz/v1/chat/completions "HTTP/1.1 429 Too Many Requests"
2026-09-14 21:52:32,731 INFO HTTP Request: POST https://vps.lpzproxy.xyz/v1/chat/completions "HTTP/1.1 429 Too Many Requests"
2026-09-14 21:52:32,799 INFO HTTP Request: POST https://vps.lpzproxy.xyz/v1/chat/completions "HTTP/1.1 429 Too Many Requests"
2026-09-14 21:52:32,803 INFO HTTP Request: POST https://vps.lpzproxy.xyz/v1/chat/completions "HTTP/1.1 429 Too Many Requests"
2026-09-14 21:52:32,817 INFO HTTP Request: POST https://vps.lpzproxy.xyz/v1/chat/completions "HTTP/1.1 429 Too Many Requests"
2026-09-14 21:52:32,821 INFO HTTP Request: POST https://vps.lpzproxy.xyz/v1/chat/completions "HTTP/1.1 429 Too Many Requests"
2026-09-14 21:52:32,826 INFO HTTP Request: POST https://vps.lpzproxy.xyz/v1/chat/completions "HTTP/1.1 429 Too Many Requests"
2026-09-14 21:52:32,826 ERROR E_star generation failed
Traceback (most recent call last):
  File "/Users/lpz/Desktop/AtomFlow/RETRO-E/scripts/run_control_check.py", line 107, in run
    append_jsonl(path, f.result())
                       ~~~~~~~~^^
  File "/Users/lpz/.local/share/uv/python/cpython-3.13.14-macos-aarch64-none/lib/python3.13/concurrent/futures/_base.py", line 453, in result
    return self.__get_result()
           ~~~~~~~~~~~~~~~~~^^
  File "/Users/lpz/.local/share/uv/python/cpython-3.13.14-macos-aarch64-none/lib/python3.13/concurrent/futures/_base.py", line 402, in __get_result
    raise self._exception
  File "/Users/lpz/.local/share/uv/python/cpython-3.13.14-macos-aarch64-none/lib/python3.13/concurrent/futures/thread.py", line 59, in run
    result = self.fn(*self.args, **self.kwargs)
  File "/Users/lpz/Desktop/AtomFlow/RETRO-E/scripts/run_control_check.py", line 48, in generate_one
    c = client.complete(prompt, temperature=config.generation.temperature,
                        top_p=config.generation.top_p,
                        max_tokens=config.generation.max_tokens,
                        model=config.generator_model)
  File "/Users/lpz/Desktop/AtomFlow/RETRO-E/src/retro_e/api.py", line 74, in complete
    response = self._request("POST", self.config.api.chat_completions_path, json=payload)
  File "/Users/lpz/Desktop/AtomFlow/RETRO-E/src/retro_e/api.py", line 123, in _request
    raise APIError(f"API request failed after retries: {last_error}")
retro_e.api.APIError: API request failed after retries: retryable HTTP 429: {"error":{"code":"model_cooldown","message":"All credentials for model gemini-3.8-flash-high are cooling down via provider antigravity","model":"gemini-3.8-flash-high","provider":"antigravity","reset_
2026-09-14 21:52:32,854 INFO HTTP Request: POST https://vps.lpzproxy.xyz/v1/chat/completions "HTTP/1.1 429 Too Many Requests"
2026-09-14 21:52:32,861 INFO HTTP Request: POST https://vps.lpzproxy.xyz/v1/chat/completions "HTTP/1.1 429 Too Many Requests"
2026-09-14 21:52:32,861 ERROR E_star generation failed
Traceback (most recent call last):
  File "/Users/lpz/Desktop/AtomFlow/RETRO-E/scripts/run_control_check.py", line 107, in run
    append_jsonl(path, f.result())
                       ~~~~~~~~^^
  File "/Users/lpz/.local/share/uv/python/cpython-3.13.14-macos-aarch64-none/lib/python3.13/concurrent/futures/_base.py", line 453, in result
    return self.__get_result()
           ~~~~~~~~~~~~~~~~~^^
  File "/Users/lpz/.local/share/uv/python/cpython-3.13.14-macos-aarch64-none/lib/python3.13/concurrent/futures/_base.py", line 402, in __get_result
    raise self._exception
  File "/Users/lpz/.local/share/uv/python/cpython-3.13.14-macos-aarch64-none/lib/python3.13/concurrent/futures/thread.py", line 59, in run
    result = self.fn(*self.args, **self.kwargs)
  File "/Users/lpz/Desktop/AtomFlow/RETRO-E/scripts/run_control_check.py", line 48, in generate_one
    c = client.complete(prompt, temperature=config.generation.temperature,
                        top_p=config.generation.top_p,
                        max_tokens=config.generation.max_tokens,
                        model=config.generator_model)
  File "/Users/lpz/Desktop/AtomFlow/RETRO-E/src/retro_e/api.py", line 74, in complete
    response = self._request("POST", self.config.api.chat_completions_path, json=payload)
  File "/Users/lpz/Desktop/AtomFlow/RETRO-E/src/retro_e/api.py", line 123, in _request
    raise APIError(f"API request failed after retries: {last_error}")
retro_e.api.APIError: API request failed after retries: retryable HTTP 429: {"error":{"code":"model_cooldown","message":"All credentials for model gemini-3.8-flash-high are cooling down via provider antigravity","model":"gemini-3.8-flash-high","provider":"antigravity","reset_
2026-09-14 21:52:32,896 INFO HTTP Request: POST https://vps.lpzproxy.xyz/v1/chat/completions "HTTP/1.1 429 Too Many Requests"
2026-09-14 21:52:32,946 INFO HTTP Request: POST https://vps.lpzproxy.xyz/v1/chat/completions "HTTP/1.1 429 Too Many Requests"
2026-09-14 21:52:33,042 INFO HTTP Request: POST https://vps.lpzproxy.xyz/v1/chat/completions "HTTP/1.1 200 OK"
2026-09-14 21:52:33,070 INFO HTTP Request: POST https://vps.lpzproxy.xyz/v1/chat/completions "HTTP/1.1 429 Too Many Requests"
2026-09-14 21:52:33,091 INFO HTTP Request: POST https://vps.lpzproxy.xyz/v1/chat/completions "HTTP/1.1 429 Too Many Requests"
2026-09-14 21:52:33,334 INFO HTTP Request: POST https://vps.lpzproxy.xyz/v1/chat/completions "HTTP/1.1 429 Too Many Requests"
2026-09-14 21:52:33,416 INFO HTTP Request: POST https://vps.lpzproxy.xyz/v1/chat/completions "HTTP/1.1 429 Too Many Requests"
2026-09-14 21:52:33,416 ERROR E_star generation failed
Traceback (most recent call last):
  File "/Users/lpz/Desktop/AtomFlow/RETRO-E/scripts/run_control_check.py", line 107, in run
    append_jsonl(path, f.result())
                       ~~~~~~~~^^
  File "/Users/lpz/.local/share/uv/python/cpython-3.13.14-macos-aarch64-none/lib/python3.13/concurrent/futures/_base.py", line 453, in result
    return self.__get_result()
           ~~~~~~~~~~~~~~~~~^^
  File "/Users/lpz/.local/share/uv/python/cpython-3.13.14-macos-aarch64-none/lib/python3.13/concurrent/futures/_base.py", line 402, in __get_result
    raise self._exception
  File "/Users/lpz/.local/share/uv/python/cpython-3.13.14-macos-aarch64-none/lib/python3.13/concurrent/futures/thread.py", line 59, in run
    result = self.fn(*self.args, **self.kwargs)
  File "/Users/lpz/Desktop/AtomFlow/RETRO-E/scripts/run_control_check.py", line 48, in generate_one
    c = client.complete(prompt, temperature=config.generation.temperature,
                        top_p=config.generation.top_p,
                        max_tokens=config.generation.max_tokens,
                        model=config.generator_model)
  File "/Users/lpz/Desktop/AtomFlow/RETRO-E/src/retro_e/api.py", line 74, in complete
    response = self._request("POST", self.config.api.chat_completions_path, json=payload)
  File "/Users/lpz/Desktop/AtomFlow/RETRO-E/src/retro_e/api.py", line 123, in _request
    raise APIError(f"API request failed after retries: {last_error}")
retro_e.api.APIError: API request failed after retries: retryable HTTP 429: {"error":{"code":"model_cooldown","message":"All credentials for model gemini-3.8-flash-high are cooling down via provider antigravity","model":"gemini-3.8-flash-high","provider":"antigravity","reset_
2026-09-14 21:52:33,475 INFO HTTP Request: POST https://vps.lpzproxy.xyz/v1/chat/completions "HTTP/1.1 429 Too Many Requests"
2026-09-14 21:52:33,475 ERROR E_star generation failed
Traceback (most recent call last):
  File "/Users/lpz/Desktop/AtomFlow/RETRO-E/scripts/run_control_check.py", line 107, in run
    append_jsonl(path, f.result())
                       ~~~~~~~~^^
  File "/Users/lpz/.local/share/uv/python/cpython-3.13.14-macos-aarch64-none/lib/python3.13/concurrent/futures/_base.py", line 453, in result
    return self.__get_result()
           ~~~~~~~~~~~~~~~~~^^
  File "/Users/lpz/.local/share/uv/python/cpython-3.13.14-macos-aarch64-none/lib/python3.13/concurrent/futures/_base.py", line 402, in __get_result
    raise self._exception
  File "/Users/lpz/.local/share/uv/python/cpython-3.13.14-macos-aarch64-none/lib/python3.13/concurrent/futures/thread.py", line 59, in run
    result = self.fn(*self.args, **self.kwargs)
  File "/Users/lpz/Desktop/AtomFlow/RETRO-E/scripts/run_control_check.py", line 48, in generate_one
    c = client.complete(prompt, temperature=config.generation.temperature,
                        top_p=config.generation.top_p,
                        max_tokens=config.generation.max_tokens,
                        model=config.generator_model)
  File "/Users/lpz/Desktop/AtomFlow/RETRO-E/src/retro_e/api.py", line 74, in complete
    response = self._request("POST", self.config.api.chat_completions_path, json=payload)
  File "/Users/lpz/Desktop/AtomFlow/RETRO-E/src/retro_e/api.py", line 123, in _request
    raise APIError(f"API request failed after retries: {last_error}")
retro_e.api.APIError: API request failed after retries: retryable HTTP 429: {"error":{"code":"model_cooldown","message":"All credentials for model gemini-3.8-flash-high are cooling down via provider antigravity","model":"gemini-3.8-flash-high","provider":"antigravity","reset_
2026-09-14 21:52:33,568 INFO HTTP Request: POST https://vps.lpzproxy.xyz/v1/chat/completions "HTTP/1.1 429 Too Many Requests"
2026-09-14 21:52:33,569 ERROR E_star generation failed
Traceback (most recent call last):
  File "/Users/lpz/Desktop/AtomFlow/RETRO-E/scripts/run_control_check.py", line 107, in run
    append_jsonl(path, f.result())
                       ~~~~~~~~^^
  File "/Users/lpz/.local/share/uv/python/cpython-3.13.14-macos-aarch64-none/lib/python3.13/concurrent/futures/_base.py", line 453, in result
    return self.__get_result()
           ~~~~~~~~~~~~~~~~~^^
  File "/Users/lpz/.local/share/uv/python/cpython-3.13.14-macos-aarch64-none/lib/python3.13/concurrent/futures/_base.py", line 402, in __get_result
    raise self._exception
  File "/Users/lpz/.local/share/uv/python/cpython-3.13.14-macos-aarch64-none/lib/python3.13/concurrent/futures/thread.py", line 59, in run
    result = self.fn(*self.args, **self.kwargs)
  File "/Users/lpz/Desktop/AtomFlow/RETRO-E/scripts/run_control_check.py", line 48, in generate_one
    c = client.complete(prompt, temperature=config.generation.temperature,
                        top_p=config.generation.top_p,
                        max_tokens=config.generation.max_tokens,
                        model=config.generator_model)
  File "/Users/lpz/Desktop/AtomFlow/RETRO-E/src/retro_e/api.py", line 74, in complete
    response = self._request("POST", self.config.api.chat_completions_path, json=payload)
  File "/Users/lpz/Desktop/AtomFlow/RETRO-E/src/retro_e/api.py", line 123, in _request
    raise APIError(f"API request failed after retries: {last_error}")
retro_e.api.APIError: API request failed after retries: retryable HTTP 429: {"error":{"code":"model_cooldown","message":"All credentials for model gemini-3.8-flash-high are cooling down via provider antigravity","model":"gemini-3.8-flash-high","provider":"antigravity","reset_
2026-09-14 21:52:33,571 INFO HTTP Request: POST https://vps.lpzproxy.xyz/v1/chat/completions "HTTP/1.1 429 Too Many Requests"
2026-09-14 21:52:33,571 ERROR E_star generation failed
Traceback (most recent call last):
  File "/Users/lpz/Desktop/AtomFlow/RETRO-E/scripts/run_control_check.py", line 107, in run
    append_jsonl(path, f.result())
                       ~~~~~~~~^^
  File "/Users/lpz/.local/share/uv/python/cpython-3.13.14-macos-aarch64-none/lib/python3.13/concurrent/futures/_base.py", line 453, in result
    return self.__get_result()
           ~~~~~~~~~~~~~~~~~^^
  File "/Users/lpz/.local/share/uv/python/cpython-3.13.14-macos-aarch64-none/lib/python3.13/concurrent/futures/_base.py", line 402, in __get_result
    raise self._exception
  File "/Users/lpz/.local/share/uv/python/cpython-3.13.14-macos-aarch64-none/lib/python3.13/concurrent/futures/thread.py", line 59, in run
    result = self.fn(*self.args, **self.kwargs)
  File "/Users/lpz/Desktop/AtomFlow/RETRO-E/scripts/run_control_check.py", line 48, in generate_one
    c = client.complete(prompt, temperature=config.generation.temperature,
                        top_p=config.generation.top_p,
                        max_tokens=config.generation.max_tokens,
                        model=config.generator_model)
  File "/Users/lpz/Desktop/AtomFlow/RETRO-E/src/retro_e/api.py", line 74, in complete
    response = self._request("POST", self.config.api.chat_completions_path, json=payload)
  File "/Users/lpz/Desktop/AtomFlow/RETRO-E/src/retro_e/api.py", line 123, in _request
    raise APIError(f"API request failed after retries: {last_error}")
retro_e.api.APIError: API request failed after retries: retryable HTTP 429: {"error":{"code":"model_cooldown","message":"All credentials for model gemini-3.8-flash-high are cooling down via provider antigravity","model":"gemini-3.8-flash-high","provider":"antigravity","reset_
2026-09-14 21:52:33,660 INFO HTTP Request: POST https://vps.lpzproxy.xyz/v1/chat/completions "HTTP/1.1 429 Too Many Requests"
2026-09-14 21:52:34,057 INFO HTTP Request: POST https://vps.lpzproxy.xyz/v1/chat/completions "HTTP/1.1 429 Too Many Requests"
2026-09-14 21:52:34,252 INFO HTTP Request: POST https://vps.lpzproxy.xyz/v1/chat/completions "HTTP/1.1 429 Too Many Requests"
2026-09-14 21:52:34,261 INFO HTTP Request: POST https://vps.lpzproxy.xyz/v1/chat/completions "HTTP/1.1 429 Too Many Requests"
2026-09-14 21:52:34,303 INFO HTTP Request: POST https://vps.lpzproxy.xyz/v1/chat/completions "HTTP/1.1 429 Too Many Requests"
2026-09-14 21:52:34,407 INFO HTTP Request: POST https://vps.lpzproxy.xyz/v1/chat/completions "HTTP/1.1 429 Too Many Requests"
2026-09-14 21:52:34,503 INFO HTTP Request: POST https://vps.lpzproxy.xyz/v1/chat/completions "HTTP/1.1 429 Too Many Requests"
2026-09-14 21:52:34,837 INFO HTTP Request: POST https://vps.lpzproxy.xyz/v1/chat/completions "HTTP/1.1 429 Too Many Requests"
2026-09-14 21:52:34,894 INFO HTTP Request: POST https://vps.lpzproxy.xyz/v1/chat/completions "HTTP/1.1 429 Too Many Requests"
2026-09-14 21:52:34,975 INFO HTTP Request: POST https://vps.lpzproxy.xyz/v1/chat/completions "HTTP/1.1 429 Too Many Requests"
2026-09-14 21:52:34,988 INFO HTTP Request: POST https://vps.lpzproxy.xyz/v1/chat/completions "HTTP/1.1 429 Too Many Requests"
2026-09-14 21:52:35,009 INFO HTTP Request: POST https://vps.lpzproxy.xyz/v1/chat/completions "HTTP/1.1 429 Too Many Requests"
2026-09-14 21:52:35,022 INFO HTTP Request: POST https://vps.lpzproxy.xyz/v1/chat/completions "HTTP/1.1 429 Too Many Requests"
2026-09-14 21:52:35,107 INFO HTTP Request: POST https://vps.lpzproxy.xyz/v1/chat/completions "HTTP/1.1 429 Too Many Requests"
2026-09-14 21:52:35,168 INFO HTTP Request: POST https://vps.lpzproxy.xyz/v1/chat/completions "HTTP/1.1 429 Too Many Requests"
2026-09-14 21:52:35,288 INFO HTTP Request: POST https://vps.lpzproxy.xyz/v1/chat/completions "HTTP/1.1 429 Too Many Requests"
2026-09-14 21:52:35,569 INFO HTTP Request: POST https://vps.lpzproxy.xyz/v1/chat/completions "HTTP/1.1 429 Too Many Requests"
2026-09-14 21:52:35,734 INFO HTTP Request: POST https://vps.lpzproxy.xyz/v1/chat/completions "HTTP/1.1 429 Too Many Requests"
2026-09-14 21:52:35,735 ERROR E_star generation failed
Traceback (most recent call last):
  File "/Users/lpz/Desktop/AtomFlow/RETRO-E/scripts/run_control_check.py", line 107, in run
    append_jsonl(path, f.result())
                       ~~~~~~~~^^
  File "/Users/lpz/.local/share/uv/python/cpython-3.13.14-macos-aarch64-none/lib/python3.13/concurrent/futures/_base.py", line 453, in result
    return self.__get_result()
           ~~~~~~~~~~~~~~~~~^^
  File "/Users/lpz/.local/share/uv/python/cpython-3.13.14-macos-aarch64-none/lib/python3.13/concurrent/futures/_base.py", line 402, in __get_result
    raise self._exception
  File "/Users/lpz/.local/share/uv/python/cpython-3.13.14-macos-aarch64-none/lib/python3.13/concurrent/futures/thread.py", line 59, in run
    result = self.fn(*self.args, **self.kwargs)
  File "/Users/lpz/Desktop/AtomFlow/RETRO-E/scripts/run_control_check.py", line 48, in generate_one
    c = client.complete(prompt, temperature=config.generation.temperature,
                        top_p=config.generation.top_p,
                        max_tokens=config.generation.max_tokens,
                        model=config.generator_model)
  File "/Users/lpz/Desktop/AtomFlow/RETRO-E/src/retro_e/api.py", line 74, in complete
    response = self._request("POST", self.config.api.chat_completions_path, json=payload)
  File "/Users/lpz/Desktop/AtomFlow/RETRO-E/src/retro_e/api.py", line 123, in _request
    raise APIError(f"API request failed after retries: {last_error}")
retro_e.api.APIError: API request failed after retries: retryable HTTP 429: {"error":{"code":"model_cooldown","message":"All credentials for model gemini-3.8-flash-high are cooling down via provider antigravity","model":"gemini-3.8-flash-high","provider":"antigravity","reset_
2026-09-14 21:52:35,829 INFO HTTP Request: POST https://vps.lpzproxy.xyz/v1/chat/completions "HTTP/1.1 429 Too Many Requests"
2026-09-14 21:52:35,830 ERROR E_star generation failed
Traceback (most recent call last):
  File "/Users/lpz/Desktop/AtomFlow/RETRO-E/scripts/run_control_check.py", line 107, in run
    append_jsonl(path, f.result())
                       ~~~~~~~~^^
  File "/Users/lpz/.local/share/uv/python/cpython-3.13.14-macos-aarch64-none/lib/python3.13/concurrent/futures/_base.py", line 453, in result
    return self.__get_result()
           ~~~~~~~~~~~~~~~~~^^
  File "/Users/lpz/.local/share/uv/python/cpython-3.13.14-macos-aarch64-none/lib/python3.13/concurrent/futures/_base.py", line 402, in __get_result
    raise self._exception
  File "/Users/lpz/.local/share/uv/python/cpython-3.13.14-macos-aarch64-none/lib/python3.13/concurrent/futures/thread.py", line 59, in run
    result = self.fn(*self.args, **self.kwargs)
  File "/Users/lpz/Desktop/AtomFlow/RETRO-E/scripts/run_control_check.py", line 48, in generate_one
    c = client.complete(prompt, temperature=config.generation.temperature,
                        top_p=config.generation.top_p,
                        max_tokens=config.generation.max_tokens,
                        model=config.generator_model)
  File "/Users/lpz/Desktop/AtomFlow/RETRO-E/src/retro_e/api.py", line 74, in complete
    response = self._request("POST", self.config.api.chat_completions_path, json=payload)
  File "/Users/lpz/Desktop/AtomFlow/RETRO-E/src/retro_e/api.py", line 123, in _request
    raise APIError(f"API request failed after retries: {last_error}")
retro_e.api.APIError: API request failed after retries: retryable HTTP 429: {"error":{"code":"model_cooldown","message":"All credentials for model gemini-3.8-flash-high are cooling down via provider antigravity","model":"gemini-3.8-flash-high","provider":"antigravity","reset_
2026-09-14 21:52:35,889 INFO HTTP Request: POST https://vps.lpzproxy.xyz/v1/chat/completions "HTTP/1.1 429 Too Many Requests"
2026-09-14 21:52:35,949 INFO HTTP Request: POST https://vps.lpzproxy.xyz/v1/chat/completions "HTTP/1.1 429 Too Many Requests"
2026-09-14 21:52:35,950 ERROR E_star generation failed
Traceback (most recent call last):
  File "/Users/lpz/Desktop/AtomFlow/RETRO-E/scripts/run_control_check.py", line 107, in run
    append_jsonl(path, f.result())
                       ~~~~~~~~^^
  File "/Users/lpz/.local/share/uv/python/cpython-3.13.14-macos-aarch64-none/lib/python3.13/concurrent/futures/_base.py", line 453, in result
    return self.__get_result()
           ~~~~~~~~~~~~~~~~~^^
  File "/Users/lpz/.local/share/uv/python/cpython-3.13.14-macos-aarch64-none/lib/python3.13/concurrent/futures/_base.py", line 402, in __get_result
    raise self._exception
  File "/Users/lpz/.local/share/uv/python/cpython-3.13.14-macos-aarch64-none/lib/python3.13/concurrent/futures/thread.py", line 59, in run
    result = self.fn(*self.args, **self.kwargs)
  File "/Users/lpz/Desktop/AtomFlow/RETRO-E/scripts/run_control_check.py", line 48, in generate_one
    c = client.complete(prompt, temperature=config.generation.temperature,
                        top_p=config.generation.top_p,
                        max_tokens=config.generation.max_tokens,
                        model=config.generator_model)
  File "/Users/lpz/Desktop/AtomFlow/RETRO-E/src/retro_e/api.py", line 74, in complete
    response = self._request("POST", self.config.api.chat_completions_path, json=payload)
  File "/Users/lpz/Desktop/AtomFlow/RETRO-E/src/retro_e/api.py", line 123, in _request
    raise APIError(f"API request failed after retries: {last_error}")
retro_e.api.APIError: API request failed after retries: retryable HTTP 429: {"error":{"code":"model_cooldown","message":"All credentials for model gemini-3.8-flash-high are cooling down via provider antigravity","model":"gemini-3.8-flash-high","provider":"antigravity","reset_
2026-09-14 21:52:36,098 INFO HTTP Request: POST https://vps.lpzproxy.xyz/v1/chat/completions "HTTP/1.1 429 Too Many Requests"
2026-09-14 21:52:36,128 INFO HTTP Request: POST https://vps.lpzproxy.xyz/v1/chat/completions "HTTP/1.1 429 Too Many Requests"
2026-09-14 21:52:36,129 ERROR E_star generation failed
Traceback (most recent call last):
  File "/Users/lpz/Desktop/AtomFlow/RETRO-E/scripts/run_control_check.py", line 107, in run
    append_jsonl(path, f.result())
                       ~~~~~~~~^^
  File "/Users/lpz/.local/share/uv/python/cpython-3.13.14-macos-aarch64-none/lib/python3.13/concurrent/futures/_base.py", line 453, in result
    return self.__get_result()
           ~~~~~~~~~~~~~~~~~^^
  File "/Users/lpz/.local/share/uv/python/cpython-3.13.14-macos-aarch64-none/lib/python3.13/concurrent/futures/_base.py", line 402, in __get_result
    raise self._exception
  File "/Users/lpz/.local/share/uv/python/cpython-3.13.14-macos-aarch64-none/lib/python3.13/concurrent/futures/thread.py", line 59, in run
    result = self.fn(*self.args, **self.kwargs)
  File "/Users/lpz/Desktop/AtomFlow/RETRO-E/scripts/run_control_check.py", line 48, in generate_one
    c = client.complete(prompt, temperature=config.generation.temperature,
                        top_p=config.generation.top_p,
                        max_tokens=config.generation.max_tokens,
                        model=config.generator_model)
  File "/Users/lpz/Desktop/AtomFlow/RETRO-E/src/retro_e/api.py", line 74, in complete
    response = self._request("POST", self.config.api.chat_completions_path, json=payload)
  File "/Users/lpz/Desktop/AtomFlow/RETRO-E/src/retro_e/api.py", line 123, in _request
    raise APIError(f"API request failed after retries: {last_error}")
retro_e.api.APIError: API request failed after retries: retryable HTTP 429: {"error":{"code":"model_cooldown","message":"All credentials for model gemini-3.8-flash-high are cooling down via provider antigravity","model":"gemini-3.8-flash-high","provider":"antigravity","reset_
2026-09-14 21:52:36,134 INFO HTTP Request: POST https://vps.lpzproxy.xyz/v1/chat/completions "HTTP/1.1 429 Too Many Requests"
2026-09-14 21:52:36,492 INFO HTTP Request: POST https://vps.lpzproxy.xyz/v1/chat/completions "HTTP/1.1 429 Too Many Requests"
2026-09-14 21:52:36,494 ERROR E_star generation failed
Traceback (most recent call last):
  File "/Users/lpz/Desktop/AtomFlow/RETRO-E/scripts/run_control_check.py", line 107, in run
    append_jsonl(path, f.result())
                       ~~~~~~~~^^
  File "/Users/lpz/.local/share/uv/python/cpython-3.13.14-macos-aarch64-none/lib/python3.13/concurrent/futures/_base.py", line 453, in result
    return self.__get_result()
           ~~~~~~~~~~~~~~~~~^^
  File "/Users/lpz/.local/share/uv/python/cpython-3.13.14-macos-aarch64-none/lib/python3.13/concurrent/futures/_base.py", line 402, in __get_result
    raise self._exception
  File "/Users/lpz/.local/share/uv/python/cpython-3.13.14-macos-aarch64-none/lib/python3.13/concurrent/futures/thread.py", line 59, in run
    result = self.fn(*self.args, **self.kwargs)
  File "/Users/lpz/Desktop/AtomFlow/RETRO-E/scripts/run_control_check.py", line 48, in generate_one
    c = client.complete(prompt, temperature=config.generation.temperature,
                        top_p=config.generation.top_p,
                        max_tokens=config.generation.max_tokens,
                        model=config.generator_model)
  File "/Users/lpz/Desktop/AtomFlow/RETRO-E/src/retro_e/api.py", line 74, in complete
    response = self._request("POST", self.config.api.chat_completions_path, json=payload)
  File "/Users/lpz/Desktop/AtomFlow/RETRO-E/src/retro_e/api.py", line 123, in _request
    raise APIError(f"API request failed after retries: {last_error}")
retro_e.api.APIError: API request failed after retries: retryable HTTP 429: {"error":{"code":"model_cooldown","message":"All credentials for model gemini-3.8-flash-high are cooling down via provider antigravity","model":"gemini-3.8-flash-high","provider":"antigravity","reset_
2026-09-14 21:52:36,594 INFO HTTP Request: POST https://vps.lpzproxy.xyz/v1/chat/completions "HTTP/1.1 429 Too Many Requests"
2026-09-14 21:52:36,634 INFO HTTP Request: POST https://vps.lpzproxy.xyz/v1/chat/completions "HTTP/1.1 429 Too Many Requests"
2026-09-14 21:52:36,690 INFO HTTP Request: POST https://vps.lpzproxy.xyz/v1/chat/completions "HTTP/1.1 429 Too Many Requests"
2026-09-14 21:52:36,691 ERROR E_star generation failed
Traceback (most recent call last):
  File "/Users/lpz/Desktop/AtomFlow/RETRO-E/scripts/run_control_check.py", line 107, in run
    append_jsonl(path, f.result())
                       ~~~~~~~~^^
  File "/Users/lpz/.local/share/uv/python/cpython-3.13.14-macos-aarch64-none/lib/python3.13/concurrent/futures/_base.py", line 453, in result
    return self.__get_result()
           ~~~~~~~~~~~~~~~~~^^
  File "/Users/lpz/.local/share/uv/python/cpython-3.13.14-macos-aarch64-none/lib/python3.13/concurrent/futures/_base.py", line 402, in __get_result
    raise self._exception
  File "/Users/lpz/.local/share/uv/python/cpython-3.13.14-macos-aarch64-none/lib/python3.13/concurrent/futures/thread.py", line 59, in run
    result = self.fn(*self.args, **self.kwargs)
  File "/Users/lpz/Desktop/AtomFlow/RETRO-E/scripts/run_control_check.py", line 48, in generate_one
    c = client.complete(prompt, temperature=config.generation.temperature,
                        top_p=config.generation.top_p,
                        max_tokens=config.generation.max_tokens,
                        model=config.generator_model)
  File "/Users/lpz/Desktop/AtomFlow/RETRO-E/src/retro_e/api.py", line 74, in complete
    response = self._request("POST", self.config.api.chat_completions_path, json=payload)
  File "/Users/lpz/Desktop/AtomFlow/RETRO-E/src/retro_e/api.py", line 123, in _request
    raise APIError(f"API request failed after retries: {last_error}")
retro_e.api.APIError: API request failed after retries: retryable HTTP 429: {"error":{"code":"model_cooldown","message":"All credentials for model gemini-3.8-flash-high are cooling down via provider antigravity","model":"gemini-3.8-flash-high","provider":"antigravity","reset_
2026-09-14 21:52:36,828 INFO HTTP Request: POST https://vps.lpzproxy.xyz/v1/chat/completions "HTTP/1.1 429 Too Many Requests"
2026-09-14 21:52:36,828 ERROR E_star generation failed
Traceback (most recent call last):
  File "/Users/lpz/Desktop/AtomFlow/RETRO-E/scripts/run_control_check.py", line 107, in run
    append_jsonl(path, f.result())
                       ~~~~~~~~^^
  File "/Users/lpz/.local/share/uv/python/cpython-3.13.14-macos-aarch64-none/lib/python3.13/concurrent/futures/_base.py", line 453, in result
    return self.__get_result()
           ~~~~~~~~~~~~~~~~~^^
  File "/Users/lpz/.local/share/uv/python/cpython-3.13.14-macos-aarch64-none/lib/python3.13/concurrent/futures/_base.py", line 402, in __get_result
    raise self._exception
  File "/Users/lpz/.local/share/uv/python/cpython-3.13.14-macos-aarch64-none/lib/python3.13/concurrent/futures/thread.py", line 59, in run
    result = self.fn(*self.args, **self.kwargs)
  File "/Users/lpz/Desktop/AtomFlow/RETRO-E/scripts/run_control_check.py", line 48, in generate_one
    c = client.complete(prompt, temperature=config.generation.temperature,
                        top_p=config.generation.top_p,
                        max_tokens=config.generation.max_tokens,
                        model=config.generator_model)
  File "/Users/lpz/Desktop/AtomFlow/RETRO-E/src/retro_e/api.py", line 74, in complete
    response = self._request("POST", self.config.api.chat_completions_path, json=payload)
  File "/Users/lpz/Desktop/AtomFlow/RETRO-E/src/retro_e/api.py", line 123, in _request
    raise APIError(f"API request failed after retries: {last_error}")
retro_e.api.APIError: API request failed after retries: retryable HTTP 429: {"error":{"code":"model_cooldown","message":"All credentials for model gemini-3.8-flash-high are cooling down via provider antigravity","model":"gemini-3.8-flash-high","provider":"antigravity","reset_
2026-09-14 21:52:36,850 INFO HTTP Request: POST https://vps.lpzproxy.xyz/v1/chat/completions "HTTP/1.1 429 Too Many Requests"
2026-09-14 21:52:36,851 ERROR E_star generation failed
Traceback (most recent call last):
  File "/Users/lpz/Desktop/AtomFlow/RETRO-E/scripts/run_control_check.py", line 107, in run
    append_jsonl(path, f.result())
                       ~~~~~~~~^^
  File "/Users/lpz/.local/share/uv/python/cpython-3.13.14-macos-aarch64-none/lib/python3.13/concurrent/futures/_base.py", line 453, in result
    return self.__get_result()
           ~~~~~~~~~~~~~~~~~^^
  File "/Users/lpz/.local/share/uv/python/cpython-3.13.14-macos-aarch64-none/lib/python3.13/concurrent/futures/_base.py", line 402, in __get_result
    raise self._exception
  File "/Users/lpz/.local/share/uv/python/cpython-3.13.14-macos-aarch64-none/lib/python3.13/concurrent/futures/thread.py", line 59, in run
    result = self.fn(*self.args, **self.kwargs)
  File "/Users/lpz/Desktop/AtomFlow/RETRO-E/scripts/run_control_check.py", line 48, in generate_one
    c = client.complete(prompt, temperature=config.generation.temperature,
                        top_p=config.generation.top_p,
                        max_tokens=config.generation.max_tokens,
                        model=config.generator_model)
  File "/Users/lpz/Desktop/AtomFlow/RETRO-E/src/retro_e/api.py", line 74, in complete
    response = self._request("POST", self.config.api.chat_completions_path, json=payload)
  File "/Users/lpz/Desktop/AtomFlow/RETRO-E/src/retro_e/api.py", line 123, in _request
    raise APIError(f"API request failed after retries: {last_error}")
retro_e.api.APIError: API request failed after retries: retryable HTTP 429: {"error":{"code":"model_cooldown","message":"All credentials for model gemini-3.8-flash-high are cooling down via provider antigravity","model":"gemini-3.8-flash-high","provider":"antigravity","reset_
2026-09-14 21:52:36,929 INFO HTTP Request: POST https://vps.lpzproxy.xyz/v1/chat/completions "HTTP/1.1 429 Too Many Requests"
2026-09-14 21:52:37,022 INFO HTTP Request: POST https://vps.lpzproxy.xyz/v1/chat/completions "HTTP/1.1 429 Too Many Requests"
2026-09-14 21:52:37,052 INFO HTTP Request: POST https://vps.lpzproxy.xyz/v1/chat/completions "HTTP/1.1 429 Too Many Requests"
2026-09-14 21:52:37,147 INFO HTTP Request: POST https://vps.lpzproxy.xyz/v1/chat/completions "HTTP/1.1 429 Too Many Requests"
2026-09-14 21:52:37,221 INFO HTTP Request: POST https://vps.lpzproxy.xyz/v1/chat/completions "HTTP/1.1 429 Too Many Requests"
2026-09-14 21:52:37,298 INFO HTTP Request: POST https://vps.lpzproxy.xyz/v1/chat/completions "HTTP/1.1 429 Too Many Requests"
2026-09-14 21:52:37,422 INFO HTTP Request: POST https://vps.lpzproxy.xyz/v1/chat/completions "HTTP/1.1 429 Too Many Requests"
2026-09-14 21:52:37,574 INFO HTTP Request: POST https://vps.lpzproxy.xyz/v1/chat/completions "HTTP/1.1 429 Too Many Requests"
2026-09-14 21:52:37,632 INFO HTTP Request: POST https://vps.lpzproxy.xyz/v1/chat/completions "HTTP/1.1 429 Too Many Requests"
2026-09-14 21:52:37,652 INFO HTTP Request: POST https://vps.lpzproxy.xyz/v1/chat/completions "HTTP/1.1 429 Too Many Requests"
2026-09-14 21:52:37,659 INFO HTTP Request: POST https://vps.lpzproxy.xyz/v1/chat/completions "HTTP/1.1 429 Too Many Requests"
2026-09-14 21:52:37,740 INFO HTTP Request: POST https://vps.lpzproxy.xyz/v1/chat/completions "HTTP/1.1 429 Too Many Requests"
2026-09-14 21:52:37,854 INFO HTTP Request: POST https://vps.lpzproxy.xyz/v1/chat/completions "HTTP/1.1 429 Too Many Requests"
2026-09-14 21:52:37,929 INFO HTTP Request: POST https://vps.lpzproxy.xyz/v1/chat/completions "HTTP/1.1 429 Too Many Requests"
2026-09-14 21:52:38,023 INFO HTTP Request: POST https://vps.lpzproxy.xyz/v1/chat/completions "HTTP/1.1 429 Too Many Requests"
2026-09-14 21:52:38,498 INFO HTTP Request: POST https://vps.lpzproxy.xyz/v1/chat/completions "HTTP/1.1 429 Too Many Requests"
2026-09-14 21:52:38,535 INFO HTTP Request: POST https://vps.lpzproxy.xyz/v1/chat/completions "HTTP/1.1 429 Too Many Requests"
2026-09-14 21:52:38,608 INFO HTTP Request: POST https://vps.lpzproxy.xyz/v1/chat/completions "HTTP/1.1 429 Too Many Requests"
2026-09-14 21:52:38,715 INFO HTTP Request: POST https://vps.lpzproxy.xyz/v1/chat/completions "HTTP/1.1 429 Too Many Requests"
2026-09-14 21:52:38,812 INFO HTTP Request: POST https://vps.lpzproxy.xyz/v1/chat/completions "HTTP/1.1 429 Too Many Requests"
2026-09-14 21:52:38,813 ERROR E_star generation failed
Traceback (most recent call last):
  File "/Users/lpz/Desktop/AtomFlow/RETRO-E/scripts/run_control_check.py", line 107, in run
    append_jsonl(path, f.result())
                       ~~~~~~~~^^
  File "/Users/lpz/.local/share/uv/python/cpython-3.13.14-macos-aarch64-none/lib/python3.13/concurrent/futures/_base.py", line 453, in result
    return self.__get_result()
           ~~~~~~~~~~~~~~~~~^^
  File "/Users/lpz/.local/share/uv/python/cpython-3.13.14-macos-aarch64-none/lib/python3.13/concurrent/futures/_base.py", line 402, in __get_result
    raise self._exception
  File "/Users/lpz/.local/share/uv/python/cpython-3.13.14-macos-aarch64-none/lib/python3.13/concurrent/futures/thread.py", line 59, in run
    result = self.fn(*self.args, **self.kwargs)
  File "/Users/lpz/Desktop/AtomFlow/RETRO-E/scripts/run_control_check.py", line 48, in generate_one
    c = client.complete(prompt, temperature=config.generation.temperature,
                        top_p=config.generation.top_p,
                        max_tokens=config.generation.max_tokens,
                        model=config.generator_model)
  File "/Users/lpz/Desktop/AtomFlow/RETRO-E/src/retro_e/api.py", line 74, in complete
    response = self._request("POST", self.config.api.chat_completions_path, json=payload)
  File "/Users/lpz/Desktop/AtomFlow/RETRO-E/src/retro_e/api.py", line 123, in _request
    raise APIError(f"API request failed after retries: {last_error}")
retro_e.api.APIError: API request failed after retries: retryable HTTP 429: {"error":{"code":"model_cooldown","message":"All credentials for model gemini-3.8-flash-high are cooling down via provider antigravity","model":"gemini-3.8-flash-high","provider":"antigravity","reset_
2026-09-14 21:52:38,852 INFO HTTP Request: POST https://vps.lpzproxy.xyz/v1/chat/completions "HTTP/1.1 429 Too Many Requests"
2026-09-14 21:52:39,034 INFO HTTP Request: POST https://vps.lpzproxy.xyz/v1/chat/completions "HTTP/1.1 429 Too Many Requests"
2026-09-14 21:52:39,043 INFO HTTP Request: POST https://vps.lpzproxy.xyz/v1/chat/completions "HTTP/1.1 429 Too Many Requests"
2026-09-14 21:52:39,138 INFO HTTP Request: POST https://vps.lpzproxy.xyz/v1/chat/completions "HTTP/1.1 429 Too Many Requests"
2026-09-14 21:52:39,138 ERROR E_star generation failed
Traceback (most recent call last):
  File "/Users/lpz/Desktop/AtomFlow/RETRO-E/scripts/run_control_check.py", line 107, in run
    append_jsonl(path, f.result())
                       ~~~~~~~~^^
  File "/Users/lpz/.local/share/uv/python/cpython-3.13.14-macos-aarch64-none/lib/python3.13/concurrent/futures/_base.py", line 453, in result
    return self.__get_result()
           ~~~~~~~~~~~~~~~~~^^
  File "/Users/lpz/.local/share/uv/python/cpython-3.13.14-macos-aarch64-none/lib/python3.13/concurrent/futures/_base.py", line 402, in __get_result
    raise self._exception
  File "/Users/lpz/.local/share/uv/python/cpython-3.13.14-macos-aarch64-none/lib/python3.13/concurrent/futures/thread.py", line 59, in run
    result = self.fn(*self.args, **self.kwargs)
  File "/Users/lpz/Desktop/AtomFlow/RETRO-E/scripts/run_control_check.py", line 48, in generate_one
    c = client.complete(prompt, temperature=config.generation.temperature,
                        top_p=config.generation.top_p,
                        max_tokens=config.generation.max_tokens,
                        model=config.generator_model)
  File "/Users/lpz/Desktop/AtomFlow/RETRO-E/src/retro_e/api.py", line 74, in complete
    response = self._request("POST", self.config.api.chat_completions_path, json=payload)
  File "/Users/lpz/Desktop/AtomFlow/RETRO-E/src/retro_e/api.py", line 123, in _request
    raise APIError(f"API request failed after retries: {last_error}")
retro_e.api.APIError: API request failed after retries: retryable HTTP 429: {"error":{"code":"model_cooldown","message":"All credentials for model gemini-3.8-flash-high are cooling down via provider antigravity","model":"gemini-3.8-flash-high","provider":"antigravity","reset_
2026-09-14 21:52:39,153 INFO HTTP Request: POST https://vps.lpzproxy.xyz/v1/chat/completions "HTTP/1.1 429 Too Many Requests"
2026-09-14 21:52:39,280 INFO HTTP Request: POST https://vps.lpzproxy.xyz/v1/chat/completions "HTTP/1.1 429 Too Many Requests"
2026-09-14 21:52:39,377 INFO HTTP Request: POST https://vps.lpzproxy.xyz/v1/chat/completions "HTTP/1.1 429 Too Many Requests"
2026-09-14 21:52:39,378 ERROR E_star generation failed
Traceback (most recent call last):
  File "/Users/lpz/Desktop/AtomFlow/RETRO-E/scripts/run_control_check.py", line 107, in run
    append_jsonl(path, f.result())
                       ~~~~~~~~^^
  File "/Users/lpz/.local/share/uv/python/cpython-3.13.14-macos-aarch64-none/lib/python3.13/concurrent/futures/_base.py", line 453, in result
    return self.__get_result()
           ~~~~~~~~~~~~~~~~~^^
  File "/Users/lpz/.local/share/uv/python/cpython-3.13.14-macos-aarch64-none/lib/python3.13/concurrent/futures/_base.py", line 402, in __get_result
    raise self._exception
  File "/Users/lpz/.local/share/uv/python/cpython-3.13.14-macos-aarch64-none/lib/python3.13/concurrent/futures/thread.py", line 59, in run
    result = self.fn(*self.args, **self.kwargs)
  File "/Users/lpz/Desktop/AtomFlow/RETRO-E/scripts/run_control_check.py", line 48, in generate_one
    c = client.complete(prompt, temperature=config.generation.temperature,
                        top_p=config.generation.top_p,
                        max_tokens=config.generation.max_tokens,
                        model=config.generator_model)
  File "/Users/lpz/Desktop/AtomFlow/RETRO-E/src/retro_e/api.py", line 74, in complete
    response = self._request("POST", self.config.api.chat_completions_path, json=payload)
  File "/Users/lpz/Desktop/AtomFlow/RETRO-E/src/retro_e/api.py", line 123, in _request
    raise APIError(f"API request failed after retries: {last_error}")
retro_e.api.APIError: API request failed after retries: retryable HTTP 429: {"error":{"code":"model_cooldown","message":"All credentials for model gemini-3.8-flash-high are cooling down via provider antigravity","model":"gemini-3.8-flash-high","provider":"antigravity","reset_
2026-09-14 21:52:39,409 INFO HTTP Request: POST https://vps.lpzproxy.xyz/v1/chat/completions "HTTP/1.1 429 Too Many Requests"
2026-09-14 21:52:39,438 INFO HTTP Request: POST https://vps.lpzproxy.xyz/v1/chat/completions "HTTP/1.1 429 Too Many Requests"
2026-09-14 21:52:39,439 ERROR E_star generation failed
Traceback (most recent call last):
  File "/Users/lpz/Desktop/AtomFlow/RETRO-E/scripts/run_control_check.py", line 107, in run
    append_jsonl(path, f.result())
                       ~~~~~~~~^^
  File "/Users/lpz/.local/share/uv/python/cpython-3.13.14-macos-aarch64-none/lib/python3.13/concurrent/futures/_base.py", line 453, in result
    return self.__get_result()
           ~~~~~~~~~~~~~~~~~^^
  File "/Users/lpz/.local/share/uv/python/cpython-3.13.14-macos-aarch64-none/lib/python3.13/concurrent/futures/_base.py", line 402, in __get_result
    raise self._exception
  File "/Users/lpz/.local/share/uv/python/cpython-3.13.14-macos-aarch64-none/lib/python3.13/concurrent/futures/thread.py", line 59, in run
    result = self.fn(*self.args, **self.kwargs)
  File "/Users/lpz/Desktop/AtomFlow/RETRO-E/scripts/run_control_check.py", line 48, in generate_one
    c = client.complete(prompt, temperature=config.generation.temperature,
                        top_p=config.generation.top_p,
                        max_tokens=config.generation.max_tokens,
                        model=config.generator_model)
  File "/Users/lpz/Desktop/AtomFlow/RETRO-E/src/retro_e/api.py", line 74, in complete
    response = self._request("POST", self.config.api.chat_completions_path, json=payload)
  File "/Users/lpz/Desktop/AtomFlow/RETRO-E/src/retro_e/api.py", line 123, in _request
    raise APIError(f"API request failed after retries: {last_error}")
retro_e.api.APIError: API request failed after retries: retryable HTTP 429: {"error":{"code":"model_cooldown","message":"All credentials for model gemini-3.8-flash-high are cooling down via provider antigravity","model":"gemini-3.8-flash-high","provider":"antigravity","reset_
2026-09-14 21:52:39,510 INFO HTTP Request: POST https://vps.lpzproxy.xyz/v1/chat/completions "HTTP/1.1 429 Too Many Requests"
2026-09-14 21:52:39,510 ERROR E_star generation failed
Traceback (most recent call last):
  File "/Users/lpz/Desktop/AtomFlow/RETRO-E/scripts/run_control_check.py", line 107, in run
    append_jsonl(path, f.result())
                       ~~~~~~~~^^
  File "/Users/lpz/.local/share/uv/python/cpython-3.13.14-macos-aarch64-none/lib/python3.13/concurrent/futures/_base.py", line 453, in result
    return self.__get_result()
           ~~~~~~~~~~~~~~~~~^^
  File "/Users/lpz/.local/share/uv/python/cpython-3.13.14-macos-aarch64-none/lib/python3.13/concurrent/futures/_base.py", line 402, in __get_result
    raise self._exception
  File "/Users/lpz/.local/share/uv/python/cpython-3.13.14-macos-aarch64-none/lib/python3.13/concurrent/futures/thread.py", line 59, in run
    result = self.fn(*self.args, **self.kwargs)
  File "/Users/lpz/Desktop/AtomFlow/RETRO-E/scripts/run_control_check.py", line 48, in generate_one
    c = client.complete(prompt, temperature=config.generation.temperature,
                        top_p=config.generation.top_p,
                        max_tokens=config.generation.max_tokens,
                        model=config.generator_model)
  File "/Users/lpz/Desktop/AtomFlow/RETRO-E/src/retro_e/api.py", line 74, in complete
    response = self._request("POST", self.config.api.chat_completions_path, json=payload)
  File "/Users/lpz/Desktop/AtomFlow/RETRO-E/src/retro_e/api.py", line 123, in _request
    raise APIError(f"API request failed after retries: {last_error}")
retro_e.api.APIError: API request failed after retries: retryable HTTP 429: {"error":{"code":"model_cooldown","message":"All credentials for model gemini-3.8-flash-high are cooling down via provider antigravity","model":"gemini-3.8-flash-high","provider":"antigravity","reset_
2026-09-14 21:52:39,623 INFO HTTP Request: POST https://vps.lpzproxy.xyz/v1/chat/completions "HTTP/1.1 429 Too Many Requests"
2026-09-14 21:52:39,662 INFO HTTP Request: POST https://vps.lpzproxy.xyz/v1/chat/completions "HTTP/1.1 429 Too Many Requests"
2026-09-14 21:52:39,821 INFO HTTP Request: POST https://vps.lpzproxy.xyz/v1/chat/completions "HTTP/1.1 429 Too Many Requests"
2026-09-14 21:52:40,084 INFO HTTP Request: POST https://vps.lpzproxy.xyz/v1/chat/completions "HTTP/1.1 429 Too Many Requests"
2026-09-14 21:52:40,145 INFO HTTP Request: POST https://vps.lpzproxy.xyz/v1/chat/completions "HTTP/1.1 429 Too Many Requests"
2026-09-14 21:52:40,350 INFO HTTP Request: POST https://vps.lpzproxy.xyz/v1/chat/completions "HTTP/1.1 429 Too Many Requests"
2026-09-14 21:52:40,881 INFO HTTP Request: POST https://vps.lpzproxy.xyz/v1/chat/completions "HTTP/1.1 429 Too Many Requests"
2026-09-14 21:52:41,052 INFO HTTP Request: POST https://vps.lpzproxy.xyz/v1/chat/completions "HTTP/1.1 429 Too Many Requests"
2026-09-14 21:52:41,052 ERROR E_star generation failed
Traceback (most recent call last):
  File "/Users/lpz/Desktop/AtomFlow/RETRO-E/scripts/run_control_check.py", line 107, in run
    append_jsonl(path, f.result())
                       ~~~~~~~~^^
  File "/Users/lpz/.local/share/uv/python/cpython-3.13.14-macos-aarch64-none/lib/python3.13/concurrent/futures/_base.py", line 453, in result
    return self.__get_result()
           ~~~~~~~~~~~~~~~~~^^
  File "/Users/lpz/.local/share/uv/python/cpython-3.13.14-macos-aarch64-none/lib/python3.13/concurrent/futures/_base.py", line 402, in __get_result
    raise self._exception
  File "/Users/lpz/.local/share/uv/python/cpython-3.13.14-macos-aarch64-none/lib/python3.13/concurrent/futures/thread.py", line 59, in run
    result = self.fn(*self.args, **self.kwargs)
  File "/Users/lpz/Desktop/AtomFlow/RETRO-E/scripts/run_control_check.py", line 48, in generate_one
    c = client.complete(prompt, temperature=config.generation.temperature,
                        top_p=config.generation.top_p,
                        max_tokens=config.generation.max_tokens,
                        model=config.generator_model)
  File "/Users/lpz/Desktop/AtomFlow/RETRO-E/src/retro_e/api.py", line 74, in complete
    response = self._request("POST", self.config.api.chat_completions_path, json=payload)
  File "/Users/lpz/Desktop/AtomFlow/RETRO-E/src/retro_e/api.py", line 123, in _request
    raise APIError(f"API request failed after retries: {last_error}")
retro_e.api.APIError: API request failed after retries: retryable HTTP 429: {"error":{"code":"model_cooldown","message":"All credentials for model gemini-3.8-flash-high are cooling down via provider antigravity","model":"gemini-3.8-flash-high","provider":"antigravity","reset_
2026-09-14 21:52:41,459 INFO HTTP Request: POST https://vps.lpzproxy.xyz/v1/chat/completions "HTTP/1.1 429 Too Many Requests"
2026-09-14 21:52:41,459 ERROR E_star generation failed
Traceback (most recent call last):
  File "/Users/lpz/Desktop/AtomFlow/RETRO-E/scripts/run_control_check.py", line 107, in run
    append_jsonl(path, f.result())
                       ~~~~~~~~^^
  File "/Users/lpz/.local/share/uv/python/cpython-3.13.14-macos-aarch64-none/lib/python3.13/concurrent/futures/_base.py", line 453, in result
    return self.__get_result()
           ~~~~~~~~~~~~~~~~~^^
  File "/Users/lpz/.local/share/uv/python/cpython-3.13.14-macos-aarch64-none/lib/python3.13/concurrent/futures/_base.py", line 402, in __get_result
    raise self._exception
  File "/Users/lpz/.local/share/uv/python/cpython-3.13.14-macos-aarch64-none/lib/python3.13/concurrent/futures/thread.py", line 59, in run
    result = self.fn(*self.args, **self.kwargs)
  File "/Users/lpz/Desktop/AtomFlow/RETRO-E/scripts/run_control_check.py", line 48, in generate_one
    c = client.complete(prompt, temperature=config.generation.temperature,
                        top_p=config.generation.top_p,
                        max_tokens=config.generation.max_tokens,
                        model=config.generator_model)
  File "/Users/lpz/Desktop/AtomFlow/RETRO-E/src/retro_e/api.py", line 74, in complete
    response = self._request("POST", self.config.api.chat_completions_path, json=payload)
  File "/Users/lpz/Desktop/AtomFlow/RETRO-E/src/retro_e/api.py", line 123, in _request
    raise APIError(f"API request failed after retries: {last_error}")
retro_e.api.APIError: API request failed after retries: retryable HTTP 429: {"error":{"code":"model_cooldown","message":"All credentials for model gemini-3.8-flash-high are cooling down via provider antigravity","model":"gemini-3.8-flash-high","provider":"antigravity","reset_
2026-09-14 21:52:42,013 INFO HTTP Request: POST https://vps.lpzproxy.xyz/v1/chat/completions "HTTP/1.1 429 Too Many Requests"
2026-09-14 21:52:42,273 INFO HTTP Request: POST https://vps.lpzproxy.xyz/v1/chat/completions "HTTP/1.1 429 Too Many Requests"
2026-09-14 21:52:42,412 INFO HTTP Request: POST https://vps.lpzproxy.xyz/v1/chat/completions "HTTP/1.1 429 Too Many Requests"
2026-09-14 21:52:42,422 INFO HTTP Request: POST https://vps.lpzproxy.xyz/v1/chat/completions "HTTP/1.1 429 Too Many Requests"
2026-09-14 21:52:42,584 INFO HTTP Request: POST https://vps.lpzproxy.xyz/v1/chat/completions "HTTP/1.1 429 Too Many Requests"
2026-09-14 21:52:43,096 INFO HTTP Request: POST https://vps.lpzproxy.xyz/v1/chat/completions "HTTP/1.1 429 Too Many Requests"
2026-09-14 21:52:43,097 INFO HTTP Request: POST https://vps.lpzproxy.xyz/v1/chat/completions "HTTP/1.1 429 Too Many Requests"
2026-09-14 21:52:43,097 INFO HTTP Request: POST https://vps.lpzproxy.xyz/v1/chat/completions "HTTP/1.1 429 Too Many Requests"
2026-09-14 21:52:43,627 INFO HTTP Request: POST https://vps.lpzproxy.xyz/v1/chat/completions "HTTP/1.1 429 Too Many Requests"
2026-09-14 21:52:43,728 INFO HTTP Request: POST https://vps.lpzproxy.xyz/v1/chat/completions "HTTP/1.1 429 Too Many Requests"
2026-09-14 21:52:43,945 INFO HTTP Request: POST https://vps.lpzproxy.xyz/v1/chat/completions "HTTP/1.1 429 Too Many Requests"
2026-09-14 21:52:43,946 ERROR E_star generation failed
Traceback (most recent call last):
  File "/Users/lpz/Desktop/AtomFlow/RETRO-E/scripts/run_control_check.py", line 107, in run
    append_jsonl(path, f.result())
                       ~~~~~~~~^^
  File "/Users/lpz/.local/share/uv/python/cpython-3.13.14-macos-aarch64-none/lib/python3.13/concurrent/futures/_base.py", line 453, in result
    return self.__get_result()
           ~~~~~~~~~~~~~~~~~^^
  File "/Users/lpz/.local/share/uv/python/cpython-3.13.14-macos-aarch64-none/lib/python3.13/concurrent/futures/_base.py", line 402, in __get_result
    raise self._exception
  File "/Users/lpz/.local/share/uv/python/cpython-3.13.14-macos-aarch64-none/lib/python3.13/concurrent/futures/thread.py", line 59, in run
    result = self.fn(*self.args, **self.kwargs)
  File "/Users/lpz/Desktop/AtomFlow/RETRO-E/scripts/run_control_check.py", line 48, in generate_one
    c = client.complete(prompt, temperature=config.generation.temperature,
                        top_p=config.generation.top_p,
                        max_tokens=config.generation.max_tokens,
                        model=config.generator_model)
  File "/Users/lpz/Desktop/AtomFlow/RETRO-E/src/retro_e/api.py", line 74, in complete
    response = self._request("POST", self.config.api.chat_completions_path, json=payload)
  File "/Users/lpz/Desktop/AtomFlow/RETRO-E/src/retro_e/api.py", line 123, in _request
    raise APIError(f"API request failed after retries: {last_error}")
retro_e.api.APIError: API request failed after retries: retryable HTTP 429: {"error":{"code":"model_cooldown","message":"All credentials for model gemini-3.8-flash-high are cooling down via provider antigravity","model":"gemini-3.8-flash-high","provider":"antigravity","reset_
2026-09-14 21:52:44,032 INFO HTTP Request: POST https://vps.lpzproxy.xyz/v1/chat/completions "HTTP/1.1 429 Too Many Requests"
2026-09-14 21:52:44,147 INFO HTTP Request: POST https://vps.lpzproxy.xyz/v1/chat/completions "HTTP/1.1 429 Too Many Requests"
2026-09-14 21:52:44,501 INFO HTTP Request: POST https://vps.lpzproxy.xyz/v1/chat/completions "HTTP/1.1 429 Too Many Requests"
2026-09-14 21:52:44,640 INFO HTTP Request: POST https://vps.lpzproxy.xyz/v1/chat/completions "HTTP/1.1 429 Too Many Requests"
2026-09-14 21:52:44,713 INFO HTTP Request: POST https://vps.lpzproxy.xyz/v1/chat/completions "HTTP/1.1 429 Too Many Requests"
2026-09-14 21:52:44,991 INFO HTTP Request: POST https://vps.lpzproxy.xyz/v1/chat/completions "HTTP/1.1 429 Too Many Requests"
2026-09-14 21:52:45,017 INFO HTTP Request: POST https://vps.lpzproxy.xyz/v1/chat/completions "HTTP/1.1 429 Too Many Requests"
2026-09-14 21:52:47,128 INFO HTTP Request: POST https://vps.lpzproxy.xyz/v1/chat/completions "HTTP/1.1 429 Too Many Requests"
2026-09-14 21:52:47,138 INFO HTTP Request: POST https://vps.lpzproxy.xyz/v1/chat/completions "HTTP/1.1 429 Too Many Requests"
2026-09-14 21:52:47,489 INFO HTTP Request: POST https://vps.lpzproxy.xyz/v1/chat/completions "HTTP/1.1 429 Too Many Requests"
2026-09-14 21:52:47,498 INFO HTTP Request: POST https://vps.lpzproxy.xyz/v1/chat/completions "HTTP/1.1 429 Too Many Requests"
2026-09-14 21:52:47,498 ERROR E_star generation failed
Traceback (most recent call last):
  File "/Users/lpz/Desktop/AtomFlow/RETRO-E/scripts/run_control_check.py", line 107, in run
    append_jsonl(path, f.result())
                       ~~~~~~~~^^
  File "/Users/lpz/.local/share/uv/python/cpython-3.13.14-macos-aarch64-none/lib/python3.13/concurrent/futures/_base.py", line 453, in result
    return self.__get_result()
           ~~~~~~~~~~~~~~~~~^^
  File "/Users/lpz/.local/share/uv/python/cpython-3.13.14-macos-aarch64-none/lib/python3.13/concurrent/futures/_base.py", line 402, in __get_result
    raise self._exception
  File "/Users/lpz/.local/share/uv/python/cpython-3.13.14-macos-aarch64-none/lib/python3.13/concurrent/futures/thread.py", line 59, in run
    result = self.fn(*self.args, **self.kwargs)
  File "/Users/lpz/Desktop/AtomFlow/RETRO-E/scripts/run_control_check.py", line 48, in generate_one
    c = client.complete(prompt, temperature=config.generation.temperature,
                        top_p=config.generation.top_p,
                        max_tokens=config.generation.max_tokens,
                        model=config.generator_model)
  File "/Users/lpz/Desktop/AtomFlow/RETRO-E/src/retro_e/api.py", line 74, in complete
    response = self._request("POST", self.config.api.chat_completions_path, json=payload)
  File "/Users/lpz/Desktop/AtomFlow/RETRO-E/src/retro_e/api.py", line 123, in _request
    raise APIError(f"API request failed after retries: {last_error}")
retro_e.api.APIError: API request failed after retries: retryable HTTP 429: {"error":{"code":"model_cooldown","message":"All credentials for model gemini-3.8-flash-high are cooling down via provider antigravity","model":"gemini-3.8-flash-high","provider":"antigravity","reset_
2026-09-14 21:52:47,575 INFO HTTP Request: POST https://vps.lpzproxy.xyz/v1/chat/completions "HTTP/1.1 429 Too Many Requests"
2026-09-14 21:52:47,576 ERROR E_star generation failed
Traceback (most recent call last):
  File "/Users/lpz/Desktop/AtomFlow/RETRO-E/scripts/run_control_check.py", line 107, in run
    append_jsonl(path, f.result())
                       ~~~~~~~~^^
  File "/Users/lpz/.local/share/uv/python/cpython-3.13.14-macos-aarch64-none/lib/python3.13/concurrent/futures/_base.py", line 453, in result
    return self.__get_result()
           ~~~~~~~~~~~~~~~~~^^
  File "/Users/lpz/.local/share/uv/python/cpython-3.13.14-macos-aarch64-none/lib/python3.13/concurrent/futures/_base.py", line 402, in __get_result
    raise self._exception
  File "/Users/lpz/.local/share/uv/python/cpython-3.13.14-macos-aarch64-none/lib/python3.13/concurrent/futures/thread.py", line 59, in run
    result = self.fn(*self.args, **self.kwargs)
  File "/Users/lpz/Desktop/AtomFlow/RETRO-E/scripts/run_control_check.py", line 48, in generate_one
    c = client.complete(prompt, temperature=config.generation.temperature,
                        top_p=config.generation.top_p,
                        max_tokens=config.generation.max_tokens,
                        model=config.generator_model)
  File "/Users/lpz/Desktop/AtomFlow/RETRO-E/src/retro_e/api.py", line 74, in complete
    response = self._request("POST", self.config.api.chat_completions_path, json=payload)
  File "/Users/lpz/Desktop/AtomFlow/RETRO-E/src/retro_e/api.py", line 123, in _request
    raise APIError(f"API request failed after retries: {last_error}")
retro_e.api.APIError: API request failed after retries: retryable HTTP 429: {"error":{"code":"model_cooldown","message":"All credentials for model gemini-3.8-flash-high are cooling down via provider antigravity","model":"gemini-3.8-flash-high","provider":"antigravity","reset_
2026-09-14 21:52:47,663 INFO HTTP Request: POST https://vps.lpzproxy.xyz/v1/chat/completions "HTTP/1.1 429 Too Many Requests"
2026-09-14 21:52:47,663 ERROR E_star generation failed
Traceback (most recent call last):
  File "/Users/lpz/Desktop/AtomFlow/RETRO-E/scripts/run_control_check.py", line 107, in run
    append_jsonl(path, f.result())
                       ~~~~~~~~^^
  File "/Users/lpz/.local/share/uv/python/cpython-3.13.14-macos-aarch64-none/lib/python3.13/concurrent/futures/_base.py", line 453, in result
    return self.__get_result()
           ~~~~~~~~~~~~~~~~~^^
  File "/Users/lpz/.local/share/uv/python/cpython-3.13.14-macos-aarch64-none/lib/python3.13/concurrent/futures/_base.py", line 402, in __get_result
    raise self._exception
  File "/Users/lpz/.local/share/uv/python/cpython-3.13.14-macos-aarch64-none/lib/python3.13/concurrent/futures/thread.py", line 59, in run
    result = self.fn(*self.args, **self.kwargs)
  File "/Users/lpz/Desktop/AtomFlow/RETRO-E/scripts/run_control_check.py", line 48, in generate_one
    c = client.complete(prompt, temperature=config.generation.temperature,
                        top_p=config.generation.top_p,
                        max_tokens=config.generation.max_tokens,
                        model=config.generator_model)
  File "/Users/lpz/Desktop/AtomFlow/RETRO-E/src/retro_e/api.py", line 74, in complete
    response = self._request("POST", self.config.api.chat_completions_path, json=payload)
  File "/Users/lpz/Desktop/AtomFlow/RETRO-E/src/retro_e/api.py", line 123, in _request
    raise APIError(f"API request failed after retries: {last_error}")
retro_e.api.APIError: API request failed after retries: retryable HTTP 429: {"error":{"code":"model_cooldown","message":"All credentials for model gemini-3.8-flash-high are cooling down via provider antigravity","model":"gemini-3.8-flash-high","provider":"antigravity","reset_
2026-09-14 21:52:47,690 INFO HTTP Request: POST https://vps.lpzproxy.xyz/v1/chat/completions "HTTP/1.1 429 Too Many Requests"
2026-09-14 21:52:47,691 ERROR E_star generation failed
Traceback (most recent call last):
  File "/Users/lpz/Desktop/AtomFlow/RETRO-E/scripts/run_control_check.py", line 107, in run
    append_jsonl(path, f.result())
                       ~~~~~~~~^^
  File "/Users/lpz/.local/share/uv/python/cpython-3.13.14-macos-aarch64-none/lib/python3.13/concurrent/futures/_base.py", line 453, in result
    return self.__get_result()
           ~~~~~~~~~~~~~~~~~^^
  File "/Users/lpz/.local/share/uv/python/cpython-3.13.14-macos-aarch64-none/lib/python3.13/concurrent/futures/_base.py", line 402, in __get_result
    raise self._exception
  File "/Users/lpz/.local/share/uv/python/cpython-3.13.14-macos-aarch64-none/lib/python3.13/concurrent/futures/thread.py", line 59, in run
    result = self.fn(*self.args, **self.kwargs)
  File "/Users/lpz/Desktop/AtomFlow/RETRO-E/scripts/run_control_check.py", line 48, in generate_one
    c = client.complete(prompt, temperature=config.generation.temperature,
                        top_p=config.generation.top_p,
                        max_tokens=config.generation.max_tokens,
                        model=config.generator_model)
  File "/Users/lpz/Desktop/AtomFlow/RETRO-E/src/retro_e/api.py", line 74, in complete
    response = self._request("POST", self.config.api.chat_completions_path, json=payload)
  File "/Users/lpz/Desktop/AtomFlow/RETRO-E/src/retro_e/api.py", line 123, in _request
    raise APIError(f"API request failed after retries: {last_error}")
retro_e.api.APIError: API request failed after retries: retryable HTTP 429: {"error":{"code":"model_cooldown","message":"All credentials for model gemini-3.8-flash-high are cooling down via provider antigravity","model":"gemini-3.8-flash-high","provider":"antigravity","reset_
2026-09-14 21:52:48,469 INFO HTTP Request: POST https://vps.lpzproxy.xyz/v1/chat/completions "HTTP/1.1 429 Too Many Requests"
2026-09-14 21:52:48,469 ERROR E_star generation failed
Traceback (most recent call last):
  File "/Users/lpz/Desktop/AtomFlow/RETRO-E/scripts/run_control_check.py", line 107, in run
    append_jsonl(path, f.result())
                       ~~~~~~~~^^
  File "/Users/lpz/.local/share/uv/python/cpython-3.13.14-macos-aarch64-none/lib/python3.13/concurrent/futures/_base.py", line 453, in result
    return self.__get_result()
           ~~~~~~~~~~~~~~~~~^^
  File "/Users/lpz/.local/share/uv/python/cpython-3.13.14-macos-aarch64-none/lib/python3.13/concurrent/futures/_base.py", line 402, in __get_result
    raise self._exception
  File "/Users/lpz/.local/share/uv/python/cpython-3.13.14-macos-aarch64-none/lib/python3.13/concurrent/futures/thread.py", line 59, in run
    result = self.fn(*self.args, **self.kwargs)
  File "/Users/lpz/Desktop/AtomFlow/RETRO-E/scripts/run_control_check.py", line 48, in generate_one
    c = client.complete(prompt, temperature=config.generation.temperature,
                        top_p=config.generation.top_p,
                        max_tokens=config.generation.max_tokens,
                        model=config.generator_model)
  File "/Users/lpz/Desktop/AtomFlow/RETRO-E/src/retro_e/api.py", line 74, in complete
    response = self._request("POST", self.config.api.chat_completions_path, json=payload)
  File "/Users/lpz/Desktop/AtomFlow/RETRO-E/src/retro_e/api.py", line 123, in _request
    raise APIError(f"API request failed after retries: {last_error}")
retro_e.api.APIError: API request failed after retries: retryable HTTP 429: {"error":{"code":"model_cooldown","message":"All credentials for model gemini-3.8-flash-high are cooling down via provider antigravity","model":"gemini-3.8-flash-high","provider":"antigravity","reset_
2026-09-14 21:52:48,753 INFO HTTP Request: POST https://vps.lpzproxy.xyz/v1/chat/completions "HTTP/1.1 429 Too Many Requests"
2026-09-14 21:52:48,754 ERROR E_star generation failed
Traceback (most recent call last):
  File "/Users/lpz/Desktop/AtomFlow/RETRO-E/scripts/run_control_check.py", line 107, in run
    append_jsonl(path, f.result())
                       ~~~~~~~~^^
  File "/Users/lpz/.local/share/uv/python/cpython-3.13.14-macos-aarch64-none/lib/python3.13/concurrent/futures/_base.py", line 453, in result
    return self.__get_result()
           ~~~~~~~~~~~~~~~~~^^
  File "/Users/lpz/.local/share/uv/python/cpython-3.13.14-macos-aarch64-none/lib/python3.13/concurrent/futures/_base.py", line 402, in __get_result
    raise self._exception
  File "/Users/lpz/.local/share/uv/python/cpython-3.13.14-macos-aarch64-none/lib/python3.13/concurrent/futures/thread.py", line 59, in run
    result = self.fn(*self.args, **self.kwargs)
  File "/Users/lpz/Desktop/AtomFlow/RETRO-E/scripts/run_control_check.py", line 48, in generate_one
    c = client.complete(prompt, temperature=config.generation.temperature,
                        top_p=config.generation.top_p,
                        max_tokens=config.generation.max_tokens,
                        model=config.generator_model)
  File "/Users/lpz/Desktop/AtomFlow/RETRO-E/src/retro_e/api.py", line 74, in complete
    response = self._request("POST", self.config.api.chat_completions_path, json=payload)
  File "/Users/lpz/Desktop/AtomFlow/RETRO-E/src/retro_e/api.py", line 123, in _request
    raise APIError(f"API request failed after retries: {last_error}")
retro_e.api.APIError: API request failed after retries: retryable HTTP 429: {"error":{"code":"model_cooldown","message":"All credentials for model gemini-3.8-flash-high are cooling down via provider antigravity","model":"gemini-3.8-flash-high","provider":"antigravity","reset_
2026-09-14 21:52:49,250 INFO HTTP Request: POST https://vps.lpzproxy.xyz/v1/chat/completions "HTTP/1.1 429 Too Many Requests"
2026-09-14 21:52:49,250 ERROR E_star generation failed
Traceback (most recent call last):
  File "/Users/lpz/Desktop/AtomFlow/RETRO-E/scripts/run_control_check.py", line 107, in run
    append_jsonl(path, f.result())
                       ~~~~~~~~^^
  File "/Users/lpz/.local/share/uv/python/cpython-3.13.14-macos-aarch64-none/lib/python3.13/concurrent/futures/_base.py", line 453, in result
    return self.__get_result()
           ~~~~~~~~~~~~~~~~~^^
  File "/Users/lpz/.local/share/uv/python/cpython-3.13.14-macos-aarch64-none/lib/python3.13/concurrent/futures/_base.py", line 402, in __get_result
    raise self._exception
  File "/Users/lpz/.local/share/uv/python/cpython-3.13.14-macos-aarch64-none/lib/python3.13/concurrent/futures/thread.py", line 59, in run
    result = self.fn(*self.args, **self.kwargs)
  File "/Users/lpz/Desktop/AtomFlow/RETRO-E/scripts/run_control_check.py", line 48, in generate_one
    c = client.complete(prompt, temperature=config.generation.temperature,
                        top_p=config.generation.top_p,
                        max_tokens=config.generation.max_tokens,
                        model=config.generator_model)
  File "/Users/lpz/Desktop/AtomFlow/RETRO-E/src/retro_e/api.py", line 74, in complete
    response = self._request("POST", self.config.api.chat_completions_path, json=payload)
  File "/Users/lpz/Desktop/AtomFlow/RETRO-E/src/retro_e/api.py", line 123, in _request
    raise APIError(f"API request failed after retries: {last_error}")
retro_e.api.APIError: API request failed after retries: retryable HTTP 429: {"error":{"code":"model_cooldown","message":"All credentials for model gemini-3.8-flash-high are cooling down via provider antigravity","model":"gemini-3.8-flash-high","provider":"antigravity","reset_
2026-09-14 21:52:49,637 INFO HTTP Request: POST https://vps.lpzproxy.xyz/v1/chat/completions "HTTP/1.1 429 Too Many Requests"
2026-09-14 21:52:49,637 ERROR E_star generation failed
Traceback (most recent call last):
  File "/Users/lpz/Desktop/AtomFlow/RETRO-E/scripts/run_control_check.py", line 107, in run
    append_jsonl(path, f.result())
                       ~~~~~~~~^^
  File "/Users/lpz/.local/share/uv/python/cpython-3.13.14-macos-aarch64-none/lib/python3.13/concurrent/futures/_base.py", line 453, in result
    return self.__get_result()
           ~~~~~~~~~~~~~~~~~^^
  File "/Users/lpz/.local/share/uv/python/cpython-3.13.14-macos-aarch64-none/lib/python3.13/concurrent/futures/_base.py", line 402, in __get_result
    raise self._exception
  File "/Users/lpz/.local/share/uv/python/cpython-3.13.14-macos-aarch64-none/lib/python3.13/concurrent/futures/thread.py", line 59, in run
    result = self.fn(*self.args, **self.kwargs)
  File "/Users/lpz/Desktop/AtomFlow/RETRO-E/scripts/run_control_check.py", line 48, in generate_one
    c = client.complete(prompt, temperature=config.generation.temperature,
                        top_p=config.generation.top_p,
                        max_tokens=config.generation.max_tokens,
                        model=config.generator_model)
  File "/Users/lpz/Desktop/AtomFlow/RETRO-E/src/retro_e/api.py", line 74, in complete
    response = self._request("POST", self.config.api.chat_completions_path, json=payload)
  File "/Users/lpz/Desktop/AtomFlow/RETRO-E/src/retro_e/api.py", line 123, in _request
    raise APIError(f"API request failed after retries: {last_error}")
retro_e.api.APIError: API request failed after retries: retryable HTTP 429: {"error":{"code":"model_cooldown","message":"All credentials for model gemini-3.8-flash-high are cooling down via provider antigravity","model":"gemini-3.8-flash-high","provider":"antigravity","reset_
2026-09-14 21:52:50,522 INFO HTTP Request: POST https://vps.lpzproxy.xyz/v1/chat/completions "HTTP/1.1 429 Too Many Requests"
2026-09-14 21:52:50,522 ERROR E_star generation failed
Traceback (most recent call last):
  File "/Users/lpz/Desktop/AtomFlow/RETRO-E/scripts/run_control_check.py", line 107, in run
    append_jsonl(path, f.result())
                       ~~~~~~~~^^
  File "/Users/lpz/.local/share/uv/python/cpython-3.13.14-macos-aarch64-none/lib/python3.13/concurrent/futures/_base.py", line 453, in result
    return self.__get_result()
           ~~~~~~~~~~~~~~~~~^^
  File "/Users/lpz/.local/share/uv/python/cpython-3.13.14-macos-aarch64-none/lib/python3.13/concurrent/futures/_base.py", line 402, in __get_result
    raise self._exception
  File "/Users/lpz/.local/share/uv/python/cpython-3.13.14-macos-aarch64-none/lib/python3.13/concurrent/futures/thread.py", line 59, in run
    result = self.fn(*self.args, **self.kwargs)
  File "/Users/lpz/Desktop/AtomFlow/RETRO-E/scripts/run_control_check.py", line 48, in generate_one
    c = client.complete(prompt, temperature=config.generation.temperature,
                        top_p=config.generation.top_p,
                        max_tokens=config.generation.max_tokens,
                        model=config.generator_model)
  File "/Users/lpz/Desktop/AtomFlow/RETRO-E/src/retro_e/api.py", line 74, in complete
    response = self._request("POST", self.config.api.chat_completions_path, json=payload)
  File "/Users/lpz/Desktop/AtomFlow/RETRO-E/src/retro_e/api.py", line 123, in _request
    raise APIError(f"API request failed after retries: {last_error}")
retro_e.api.APIError: API request failed after retries: retryable HTTP 429: {"error":{"code":"model_cooldown","message":"All credentials for model gemini-3.8-flash-high are cooling down via provider antigravity","model":"gemini-3.8-flash-high","provider":"antigravity","reset_
2026-09-14 21:52:52,207 INFO HTTP Request: POST https://vps.lpzproxy.xyz/v1/chat/completions "HTTP/1.1 429 Too Many Requests"
2026-09-14 21:52:52,207 ERROR E_star generation failed
Traceback (most recent call last):
  File "/Users/lpz/Desktop/AtomFlow/RETRO-E/scripts/run_control_check.py", line 107, in run
    append_jsonl(path, f.result())
                       ~~~~~~~~^^
  File "/Users/lpz/.local/share/uv/python/cpython-3.13.14-macos-aarch64-none/lib/python3.13/concurrent/futures/_base.py", line 453, in result
    return self.__get_result()
           ~~~~~~~~~~~~~~~~~^^
  File "/Users/lpz/.local/share/uv/python/cpython-3.13.14-macos-aarch64-none/lib/python3.13/concurrent/futures/_base.py", line 402, in __get_result
    raise self._exception
  File "/Users/lpz/.local/share/uv/python/cpython-3.13.14-macos-aarch64-none/lib/python3.13/concurrent/futures/thread.py", line 59, in run
    result = self.fn(*self.args, **self.kwargs)
  File "/Users/lpz/Desktop/AtomFlow/RETRO-E/scripts/run_control_check.py", line 48, in generate_one
    c = client.complete(prompt, temperature=config.generation.temperature,
                        top_p=config.generation.top_p,
                        max_tokens=config.generation.max_tokens,
                        model=config.generator_model)
  File "/Users/lpz/Desktop/AtomFlow/RETRO-E/src/retro_e/api.py", line 74, in complete
    response = self._request("POST", self.config.api.chat_completions_path, json=payload)
  File "/Users/lpz/Desktop/AtomFlow/RETRO-E/src/retro_e/api.py", line 123, in _request
    raise APIError(f"API request failed after retries: {last_error}")
retro_e.api.APIError: API request failed after retries: retryable HTTP 429: {"error":{"code":"model_cooldown","message":"All credentials for model gemini-3.8-flash-high are cooling down via provider antigravity","model":"gemini-3.8-flash-high","provider":"antigravity","reset_
2026-09-14 21:52:52,291 INFO HTTP Request: POST https://vps.lpzproxy.xyz/v1/chat/completions "HTTP/1.1 429 Too Many Requests"
2026-09-14 21:52:52,292 ERROR E_star generation failed
Traceback (most recent call last):
  File "/Users/lpz/Desktop/AtomFlow/RETRO-E/scripts/run_control_check.py", line 107, in run
    append_jsonl(path, f.result())
                       ~~~~~~~~^^
  File "/Users/lpz/.local/share/uv/python/cpython-3.13.14-macos-aarch64-none/lib/python3.13/concurrent/futures/_base.py", line 453, in result
    return self.__get_result()
           ~~~~~~~~~~~~~~~~~^^
  File "/Users/lpz/.local/share/uv/python/cpython-3.13.14-macos-aarch64-none/lib/python3.13/concurrent/futures/_base.py", line 402, in __get_result
    raise self._exception
  File "/Users/lpz/.local/share/uv/python/cpython-3.13.14-macos-aarch64-none/lib/python3.13/concurrent/futures/thread.py", line 59, in run
    result = self.fn(*self.args, **self.kwargs)
  File "/Users/lpz/Desktop/AtomFlow/RETRO-E/scripts/run_control_check.py", line 48, in generate_one
    c = client.complete(prompt, temperature=config.generation.temperature,
                        top_p=config.generation.top_p,
                        max_tokens=config.generation.max_tokens,
                        model=config.generator_model)
  File "/Users/lpz/Desktop/AtomFlow/RETRO-E/src/retro_e/api.py", line 74, in complete
    response = self._request("POST", self.config.api.chat_completions_path, json=payload)
  File "/Users/lpz/Desktop/AtomFlow/RETRO-E/src/retro_e/api.py", line 123, in _request
    raise APIError(f"API request failed after retries: {last_error}")
retro_e.api.APIError: API request failed after retries: retryable HTTP 429: {"error":{"code":"model_cooldown","message":"All credentials for model gemini-3.8-flash-high are cooling down via provider antigravity","model":"gemini-3.8-flash-high","provider":"antigravity","reset_
2026-09-14 21:52:52,561 INFO HTTP Request: POST https://vps.lpzproxy.xyz/v1/chat/completions "HTTP/1.1 429 Too Many Requests"
2026-09-14 21:52:52,562 ERROR E_star generation failed
Traceback (most recent call last):
  File "/Users/lpz/Desktop/AtomFlow/RETRO-E/scripts/run_control_check.py", line 107, in run
    append_jsonl(path, f.result())
                       ~~~~~~~~^^
  File "/Users/lpz/.local/share/uv/python/cpython-3.13.14-macos-aarch64-none/lib/python3.13/concurrent/futures/_base.py", line 453, in result
    return self.__get_result()
           ~~~~~~~~~~~~~~~~~^^
  File "/Users/lpz/.local/share/uv/python/cpython-3.13.14-macos-aarch64-none/lib/python3.13/concurrent/futures/_base.py", line 402, in __get_result
    raise self._exception
  File "/Users/lpz/.local/share/uv/python/cpython-3.13.14-macos-aarch64-none/lib/python3.13/concurrent/futures/thread.py", line 59, in run
    result = self.fn(*self.args, **self.kwargs)
  File "/Users/lpz/Desktop/AtomFlow/RETRO-E/scripts/run_control_check.py", line 48, in generate_one
    c = client.complete(prompt, temperature=config.generation.temperature,
                        top_p=config.generation.top_p,
                        max_tokens=config.generation.max_tokens,
                        model=config.generator_model)
  File "/Users/lpz/Desktop/AtomFlow/RETRO-E/src/retro_e/api.py", line 74, in complete
    response = self._request("POST", self.config.api.chat_completions_path, json=payload)
  File "/Users/lpz/Desktop/AtomFlow/RETRO-E/src/retro_e/api.py", line 123, in _request
    raise APIError(f"API request failed after retries: {last_error}")
retro_e.api.APIError: API request failed after retries: retryable HTTP 429: {"error":{"code":"model_cooldown","message":"All credentials for model gemini-3.8-flash-high are cooling down via provider antigravity","model":"gemini-3.8-flash-high","provider":"antigravity","reset_
2026-09-14 21:52:52,901 INFO HTTP Request: POST https://vps.lpzproxy.xyz/v1/chat/completions "HTTP/1.1 429 Too Many Requests"
2026-09-14 21:52:52,902 ERROR E_star generation failed
Traceback (most recent call last):
  File "/Users/lpz/Desktop/AtomFlow/RETRO-E/scripts/run_control_check.py", line 107, in run
    append_jsonl(path, f.result())
                       ~~~~~~~~^^
  File "/Users/lpz/.local/share/uv/python/cpython-3.13.14-macos-aarch64-none/lib/python3.13/concurrent/futures/_base.py", line 453, in result
    return self.__get_result()
           ~~~~~~~~~~~~~~~~~^^
  File "/Users/lpz/.local/share/uv/python/cpython-3.13.14-macos-aarch64-none/lib/python3.13/concurrent/futures/_base.py", line 402, in __get_result
    raise self._exception
  File "/Users/lpz/.local/share/uv/python/cpython-3.13.14-macos-aarch64-none/lib/python3.13/concurrent/futures/thread.py", line 59, in run
    result = self.fn(*self.args, **self.kwargs)
  File "/Users/lpz/Desktop/AtomFlow/RETRO-E/scripts/run_control_check.py", line 48, in generate_one
    c = client.complete(prompt, temperature=config.generation.temperature,
                        top_p=config.generation.top_p,
                        max_tokens=config.generation.max_tokens,
                        model=config.generator_model)
  File "/Users/lpz/Desktop/AtomFlow/RETRO-E/src/retro_e/api.py", line 74, in complete
    response = self._request("POST", self.config.api.chat_completions_path, json=payload)
  File "/Users/lpz/Desktop/AtomFlow/RETRO-E/src/retro_e/api.py", line 123, in _request
    raise APIError(f"API request failed after retries: {last_error}")
retro_e.api.APIError: API request failed after retries: retryable HTTP 429: {"error":{"code":"model_cooldown","message":"All credentials for model gemini-3.8-flash-high are cooling down via provider antigravity","model":"gemini-3.8-flash-high","provider":"antigravity","reset_
2026-09-14 21:52:52,931 INFO HTTP Request: POST https://vps.lpzproxy.xyz/v1/chat/completions "HTTP/1.1 429 Too Many Requests"
2026-09-14 21:52:52,932 ERROR E_star generation failed
Traceback (most recent call last):
  File "/Users/lpz/Desktop/AtomFlow/RETRO-E/scripts/run_control_check.py", line 107, in run
    append_jsonl(path, f.result())
                       ~~~~~~~~^^
  File "/Users/lpz/.local/share/uv/python/cpython-3.13.14-macos-aarch64-none/lib/python3.13/concurrent/futures/_base.py", line 453, in result
    return self.__get_result()
           ~~~~~~~~~~~~~~~~~^^
  File "/Users/lpz/.local/share/uv/python/cpython-3.13.14-macos-aarch64-none/lib/python3.13/concurrent/futures/_base.py", line 402, in __get_result
    raise self._exception
  File "/Users/lpz/.local/share/uv/python/cpython-3.13.14-macos-aarch64-none/lib/python3.13/concurrent/futures/thread.py", line 59, in run
    result = self.fn(*self.args, **self.kwargs)
  File "/Users/lpz/Desktop/AtomFlow/RETRO-E/scripts/run_control_check.py", line 48, in generate_one
    c = client.complete(prompt, temperature=config.generation.temperature,
                        top_p=config.generation.top_p,
                        max_tokens=config.generation.max_tokens,
                        model=config.generator_model)
  File "/Users/lpz/Desktop/AtomFlow/RETRO-E/src/retro_e/api.py", line 74, in complete
    response = self._request("POST", self.config.api.chat_completions_path, json=payload)
  File "/Users/lpz/Desktop/AtomFlow/RETRO-E/src/retro_e/api.py", line 123, in _request
    raise APIError(f"API request failed after retries: {last_error}")
retro_e.api.APIError: API request failed after retries: retryable HTTP 429: {"error":{"code":"model_cooldown","message":"All credentials for model gemini-3.8-flash-high are cooling down via provider antigravity","model":"gemini-3.8-flash-high","provider":"antigravity","reset_
2026-09-14 21:52:53,383 INFO HTTP Request: POST https://vps.lpzproxy.xyz/v1/chat/completions "HTTP/1.1 429 Too Many Requests"
2026-09-14 21:52:53,384 ERROR E_star generation failed
Traceback (most recent call last):
  File "/Users/lpz/Desktop/AtomFlow/RETRO-E/scripts/run_control_check.py", line 107, in run
    append_jsonl(path, f.result())
                       ~~~~~~~~^^
  File "/Users/lpz/.local/share/uv/python/cpython-3.13.14-macos-aarch64-none/lib/python3.13/concurrent/futures/_base.py", line 453, in result
    return self.__get_result()
           ~~~~~~~~~~~~~~~~~^^
  File "/Users/lpz/.local/share/uv/python/cpython-3.13.14-macos-aarch64-none/lib/python3.13/concurrent/futures/_base.py", line 402, in __get_result
    raise self._exception
  File "/Users/lpz/.local/share/uv/python/cpython-3.13.14-macos-aarch64-none/lib/python3.13/concurrent/futures/thread.py", line 59, in run
    result = self.fn(*self.args, **self.kwargs)
  File "/Users/lpz/Desktop/AtomFlow/RETRO-E/scripts/run_control_check.py", line 48, in generate_one
    c = client.complete(prompt, temperature=config.generation.temperature,
                        top_p=config.generation.top_p,
                        max_tokens=config.generation.max_tokens,
                        model=config.generator_model)
  File "/Users/lpz/Desktop/AtomFlow/RETRO-E/src/retro_e/api.py", line 74, in complete
    response = self._request("POST", self.config.api.chat_completions_path, json=payload)
  File "/Users/lpz/Desktop/AtomFlow/RETRO-E/src/retro_e/api.py", line 123, in _request
    raise APIError(f"API request failed after retries: {last_error}")
retro_e.api.APIError: API request failed after retries: retryable HTTP 429: {"error":{"code":"model_cooldown","message":"All credentials for model gemini-3.8-flash-high are cooling down via provider antigravity","model":"gemini-3.8-flash-high","provider":"antigravity","reset_
2026-09-14 21:52:53,655 INFO HTTP Request: POST https://vps.lpzproxy.xyz/v1/chat/completions "HTTP/1.1 429 Too Many Requests"
2026-09-14 21:52:53,656 ERROR E_star generation failed
Traceback (most recent call last):
  File "/Users/lpz/Desktop/AtomFlow/RETRO-E/scripts/run_control_check.py", line 107, in run
    append_jsonl(path, f.result())
                       ~~~~~~~~^^
  File "/Users/lpz/.local/share/uv/python/cpython-3.13.14-macos-aarch64-none/lib/python3.13/concurrent/futures/_base.py", line 453, in result
    return self.__get_result()
           ~~~~~~~~~~~~~~~~~^^
  File "/Users/lpz/.local/share/uv/python/cpython-3.13.14-macos-aarch64-none/lib/python3.13/concurrent/futures/_base.py", line 402, in __get_result
    raise self._exception
  File "/Users/lpz/.local/share/uv/python/cpython-3.13.14-macos-aarch64-none/lib/python3.13/concurrent/futures/thread.py", line 59, in run
    result = self.fn(*self.args, **self.kwargs)
  File "/Users/lpz/Desktop/AtomFlow/RETRO-E/scripts/run_control_check.py", line 48, in generate_one
    c = client.complete(prompt, temperature=config.generation.temperature,
                        top_p=config.generation.top_p,
                        max_tokens=config.generation.max_tokens,
                        model=config.generator_model)
  File "/Users/lpz/Desktop/AtomFlow/RETRO-E/src/retro_e/api.py", line 74, in complete
    response = self._request("POST", self.config.api.chat_completions_path, json=payload)
  File "/Users/lpz/Desktop/AtomFlow/RETRO-E/src/retro_e/api.py", line 123, in _request
    raise APIError(f"API request failed after retries: {last_error}")
retro_e.api.APIError: API request failed after retries: retryable HTTP 429: {"error":{"code":"model_cooldown","message":"All credentials for model gemini-3.8-flash-high are cooling down via provider antigravity","model":"gemini-3.8-flash-high","provider":"antigravity","reset_
2026-09-14 21:52:53,892 INFO HTTP Request: POST https://vps.lpzproxy.xyz/v1/chat/completions "HTTP/1.1 429 Too Many Requests"
2026-09-14 21:52:53,892 ERROR E_star generation failed
Traceback (most recent call last):
  File "/Users/lpz/Desktop/AtomFlow/RETRO-E/scripts/run_control_check.py", line 107, in run
    append_jsonl(path, f.result())
                       ~~~~~~~~^^
  File "/Users/lpz/.local/share/uv/python/cpython-3.13.14-macos-aarch64-none/lib/python3.13/concurrent/futures/_base.py", line 453, in result
    return self.__get_result()
           ~~~~~~~~~~~~~~~~~^^
  File "/Users/lpz/.local/share/uv/python/cpython-3.13.14-macos-aarch64-none/lib/python3.13/concurrent/futures/_base.py", line 402, in __get_result
    raise self._exception
  File "/Users/lpz/.local/share/uv/python/cpython-3.13.14-macos-aarch64-none/lib/python3.13/concurrent/futures/thread.py", line 59, in run
    result = self.fn(*self.args, **self.kwargs)
  File "/Users/lpz/Desktop/AtomFlow/RETRO-E/scripts/run_control_check.py", line 48, in generate_one
    c = client.complete(prompt, temperature=config.generation.temperature,
                        top_p=config.generation.top_p,
                        max_tokens=config.generation.max_tokens,
                        model=config.generator_model)
  File "/Users/lpz/Desktop/AtomFlow/RETRO-E/src/retro_e/api.py", line 74, in complete
    response = self._request("POST", self.config.api.chat_completions_path, json=payload)
  File "/Users/lpz/Desktop/AtomFlow/RETRO-E/src/retro_e/api.py", line 123, in _request
    raise APIError(f"API request failed after retries: {last_error}")
retro_e.api.APIError: API request failed after retries: retryable HTTP 429: {"error":{"code":"model_cooldown","message":"All credentials for model gemini-3.8-flash-high are cooling down via provider antigravity","model":"gemini-3.8-flash-high","provider":"antigravity","reset_
2026-09-14 21:52:53,937 INFO HTTP Request: POST https://vps.lpzproxy.xyz/v1/chat/completions "HTTP/1.1 429 Too Many Requests"
2026-09-14 21:52:53,938 ERROR E_star generation failed
Traceback (most recent call last):
  File "/Users/lpz/Desktop/AtomFlow/RETRO-E/scripts/run_control_check.py", line 107, in run
    append_jsonl(path, f.result())
                       ~~~~~~~~^^
  File "/Users/lpz/.local/share/uv/python/cpython-3.13.14-macos-aarch64-none/lib/python3.13/concurrent/futures/_base.py", line 453, in result
    return self.__get_result()
           ~~~~~~~~~~~~~~~~~^^
  File "/Users/lpz/.local/share/uv/python/cpython-3.13.14-macos-aarch64-none/lib/python3.13/concurrent/futures/_base.py", line 402, in __get_result
    raise self._exception
  File "/Users/lpz/.local/share/uv/python/cpython-3.13.14-macos-aarch64-none/lib/python3.13/concurrent/futures/thread.py", line 59, in run
    result = self.fn(*self.args, **self.kwargs)
  File "/Users/lpz/Desktop/AtomFlow/RETRO-E/scripts/run_control_check.py", line 48, in generate_one
    c = client.complete(prompt, temperature=config.generation.temperature,
                        top_p=config.generation.top_p,
                        max_tokens=config.generation.max_tokens,
                        model=config.generator_model)
  File "/Users/lpz/Desktop/AtomFlow/RETRO-E/src/retro_e/api.py", line 74, in complete
    response = self._request("POST", self.config.api.chat_completions_path, json=payload)
  File "/Users/lpz/Desktop/AtomFlow/RETRO-E/src/retro_e/api.py", line 123, in _request
    raise APIError(f"API request failed after retries: {last_error}")
retro_e.api.APIError: API request failed after retries: retryable HTTP 429: {"error":{"code":"model_cooldown","message":"All credentials for model gemini-3.8-flash-high are cooling down via provider antigravity","model":"gemini-3.8-flash-high","provider":"antigravity","reset_
2026-09-14 21:52:54,127 INFO HTTP Request: POST https://vps.lpzproxy.xyz/v1/chat/completions "HTTP/1.1 200 OK"
2026-09-14 21:52:55,047 INFO HTTP Request: POST https://vps.lpzproxy.xyz/v1/chat/completions "HTTP/1.1 429 Too Many Requests"
2026-09-14 21:52:55,048 ERROR E_star generation failed
Traceback (most recent call last):
  File "/Users/lpz/Desktop/AtomFlow/RETRO-E/scripts/run_control_check.py", line 107, in run
    append_jsonl(path, f.result())
                       ~~~~~~~~^^
  File "/Users/lpz/.local/share/uv/python/cpython-3.13.14-macos-aarch64-none/lib/python3.13/concurrent/futures/_base.py", line 453, in result
    return self.__get_result()
           ~~~~~~~~~~~~~~~~~^^
  File "/Users/lpz/.local/share/uv/python/cpython-3.13.14-macos-aarch64-none/lib/python3.13/concurrent/futures/_base.py", line 402, in __get_result
    raise self._exception
  File "/Users/lpz/.local/share/uv/python/cpython-3.13.14-macos-aarch64-none/lib/python3.13/concurrent/futures/thread.py", line 59, in run
    result = self.fn(*self.args, **self.kwargs)
  File "/Users/lpz/Desktop/AtomFlow/RETRO-E/scripts/run_control_check.py", line 48, in generate_one
    c = client.complete(prompt, temperature=config.generation.temperature,
                        top_p=config.generation.top_p,
                        max_tokens=config.generation.max_tokens,
                        model=config.generator_model)
  File "/Users/lpz/Desktop/AtomFlow/RETRO-E/src/retro_e/api.py", line 74, in complete
    response = self._request("POST", self.config.api.chat_completions_path, json=payload)
  File "/Users/lpz/Desktop/AtomFlow/RETRO-E/src/retro_e/api.py", line 123, in _request
    raise APIError(f"API request failed after retries: {last_error}")
retro_e.api.APIError: API request failed after retries: retryable HTTP 429: {
  "error": {
    "code": 429,
    "message": "Individual quota reached. Please upgrade your subscription to increase your limits. Resets in 4h30m30s.",
    "status": "RESOURCE_EXHAUSTED",
    "detai
2026-09-14 21:52:55,372 INFO HTTP Request: POST https://vps.lpzproxy.xyz/v1/chat/completions "HTTP/1.1 429 Too Many Requests"
2026-09-14 21:52:55,372 ERROR E_star generation failed
Traceback (most recent call last):
  File "/Users/lpz/Desktop/AtomFlow/RETRO-E/scripts/run_control_check.py", line 107, in run
    append_jsonl(path, f.result())
                       ~~~~~~~~^^
  File "/Users/lpz/.local/share/uv/python/cpython-3.13.14-macos-aarch64-none/lib/python3.13/concurrent/futures/_base.py", line 453, in result
    return self.__get_result()
           ~~~~~~~~~~~~~~~~~^^
  File "/Users/lpz/.local/share/uv/python/cpython-3.13.14-macos-aarch64-none/lib/python3.13/concurrent/futures/_base.py", line 402, in __get_result
    raise self._exception
  File "/Users/lpz/.local/share/uv/python/cpython-3.13.14-macos-aarch64-none/lib/python3.13/concurrent/futures/thread.py", line 59, in run
    result = self.fn(*self.args, **self.kwargs)
  File "/Users/lpz/Desktop/AtomFlow/RETRO-E/scripts/run_control_check.py", line 48, in generate_one
    c = client.complete(prompt, temperature=config.generation.temperature,
                        top_p=config.generation.top_p,
                        max_tokens=config.generation.max_tokens,
                        model=config.generator_model)
  File "/Users/lpz/Desktop/AtomFlow/RETRO-E/src/retro_e/api.py", line 74, in complete
    response = self._request("POST", self.config.api.chat_completions_path, json=payload)
  File "/Users/lpz/Desktop/AtomFlow/RETRO-E/src/retro_e/api.py", line 123, in _request
    raise APIError(f"API request failed after retries: {last_error}")
retro_e.api.APIError: API request failed after retries: retryable HTTP 429: {"error":{"code":"model_cooldown","message":"All credentials for model gemini-3.8-flash-high are cooling down via provider antigravity","model":"gemini-3.8-flash-high","provider":"antigravity","reset_
2026-09-14 21:52:55,456 INFO HTTP Request: POST https://vps.lpzproxy.xyz/v1/chat/completions "HTTP/1.1 429 Too Many Requests"
2026-09-14 21:52:55,457 ERROR E_star generation failed
Traceback (most recent call last):
  File "/Users/lpz/Desktop/AtomFlow/RETRO-E/scripts/run_control_check.py", line 107, in run
    append_jsonl(path, f.result())
                       ~~~~~~~~^^
  File "/Users/lpz/.local/share/uv/python/cpython-3.13.14-macos-aarch64-none/lib/python3.13/concurrent/futures/_base.py", line 453, in result
    return self.__get_result()
           ~~~~~~~~~~~~~~~~~^^
  File "/Users/lpz/.local/share/uv/python/cpython-3.13.14-macos-aarch64-none/lib/python3.13/concurrent/futures/_base.py", line 402, in __get_result
    raise self._exception
  File "/Users/lpz/.local/share/uv/python/cpython-3.13.14-macos-aarch64-none/lib/python3.13/concurrent/futures/thread.py", line 59, in run
    result = self.fn(*self.args, **self.kwargs)
  File "/Users/lpz/Desktop/AtomFlow/RETRO-E/scripts/run_control_check.py", line 48, in generate_one
    c = client.complete(prompt, temperature=config.generation.temperature,
                        top_p=config.generation.top_p,
                        max_tokens=config.generation.max_tokens,
                        model=config.generator_model)
  File "/Users/lpz/Desktop/AtomFlow/RETRO-E/src/retro_e/api.py", line 74, in complete
    response = self._request("POST", self.config.api.chat_completions_path, json=payload)
  File "/Users/lpz/Desktop/AtomFlow/RETRO-E/src/retro_e/api.py", line 123, in _request
    raise APIError(f"API request failed after retries: {last_error}")
retro_e.api.APIError: API request failed after retries: retryable HTTP 429: {
  "error": {
    "code": 429,
    "message": "Individual quota reached. Please upgrade your subscription to increase your limits. Resets in 4h30m30s.",
    "status": "RESOURCE_EXHAUSTED",
    "detai
2026-09-14 21:52:55,659 INFO HTTP Request: POST https://vps.lpzproxy.xyz/v1/chat/completions "HTTP/1.1 429 Too Many Requests"
2026-09-14 21:52:55,659 ERROR E_star generation failed
Traceback (most recent call last):
  File "/Users/lpz/Desktop/AtomFlow/RETRO-E/scripts/run_control_check.py", line 107, in run
    append_jsonl(path, f.result())
                       ~~~~~~~~^^
  File "/Users/lpz/.local/share/uv/python/cpython-3.13.14-macos-aarch64-none/lib/python3.13/concurrent/futures/_base.py", line 453, in result
    return self.__get_result()
           ~~~~~~~~~~~~~~~~~^^
  File "/Users/lpz/.local/share/uv/python/cpython-3.13.14-macos-aarch64-none/lib/python3.13/concurrent/futures/_base.py", line 402, in __get_result
    raise self._exception
  File "/Users/lpz/.local/share/uv/python/cpython-3.13.14-macos-aarch64-none/lib/python3.13/concurrent/futures/thread.py", line 59, in run
    result = self.fn(*self.args, **self.kwargs)
  File "/Users/lpz/Desktop/AtomFlow/RETRO-E/scripts/run_control_check.py", line 48, in generate_one
    c = client.complete(prompt, temperature=config.generation.temperature,
                        top_p=config.generation.top_p,
                        max_tokens=config.generation.max_tokens,
                        model=config.generator_model)
  File "/Users/lpz/Desktop/AtomFlow/RETRO-E/src/retro_e/api.py", line 74, in complete
    response = self._request("POST", self.config.api.chat_completions_path, json=payload)
  File "/Users/lpz/Desktop/AtomFlow/RETRO-E/src/retro_e/api.py", line 123, in _request
    raise APIError(f"API request failed after retries: {last_error}")
retro_e.api.APIError: API request failed after retries: retryable HTTP 429: {
  "error": {
    "code": 429,
    "message": "Individual quota reached. Please upgrade your subscription to increase your limits. Resets in 4h30m30s.",
    "status": "RESOURCE_EXHAUSTED",
    "detai
2026-09-14 21:52:55,843 INFO HTTP Request: POST https://vps.lpzproxy.xyz/v1/chat/completions "HTTP/1.1 429 Too Many Requests"
2026-09-14 21:52:55,843 ERROR E_star generation failed
Traceback (most recent call last):
  File "/Users/lpz/Desktop/AtomFlow/RETRO-E/scripts/run_control_check.py", line 107, in run
    append_jsonl(path, f.result())
                       ~~~~~~~~^^
  File "/Users/lpz/.local/share/uv/python/cpython-3.13.14-macos-aarch64-none/lib/python3.13/concurrent/futures/_base.py", line 453, in result
    return self.__get_result()
           ~~~~~~~~~~~~~~~~~^^
  File "/Users/lpz/.local/share/uv/python/cpython-3.13.14-macos-aarch64-none/lib/python3.13/concurrent/futures/_base.py", line 402, in __get_result
    raise self._exception
  File "/Users/lpz/.local/share/uv/python/cpython-3.13.14-macos-aarch64-none/lib/python3.13/concurrent/futures/thread.py", line 59, in run
    result = self.fn(*self.args, **self.kwargs)
  File "/Users/lpz/Desktop/AtomFlow/RETRO-E/scripts/run_control_check.py", line 48, in generate_one
    c = client.complete(prompt, temperature=config.generation.temperature,
                        top_p=config.generation.top_p,
                        max_tokens=config.generation.max_tokens,
                        model=config.generator_model)
  File "/Users/lpz/Desktop/AtomFlow/RETRO-E/src/retro_e/api.py", line 74, in complete
    response = self._request("POST", self.config.api.chat_completions_path, json=payload)
  File "/Users/lpz/Desktop/AtomFlow/RETRO-E/src/retro_e/api.py", line 123, in _request
    raise APIError(f"API request failed after retries: {last_error}")
retro_e.api.APIError: API request failed after retries: retryable HTTP 429: {
  "error": {
    "code": 429,
    "message": "Individual quota reached. Please upgrade your subscription to increase your limits. Resets in 4h30m30s.",
    "status": "RESOURCE_EXHAUSTED",
    "detai
2026-09-14 21:52:57,924 INFO HTTP Request: POST https://vps.lpzproxy.xyz/v1/chat/completions "HTTP/1.1 429 Too Many Requests"
2026-09-14 21:52:57,924 ERROR E_star generation failed
Traceback (most recent call last):
  File "/Users/lpz/Desktop/AtomFlow/RETRO-E/scripts/run_control_check.py", line 107, in run
    append_jsonl(path, f.result())
                       ~~~~~~~~^^
  File "/Users/lpz/.local/share/uv/python/cpython-3.13.14-macos-aarch64-none/lib/python3.13/concurrent/futures/_base.py", line 453, in result
    return self.__get_result()
           ~~~~~~~~~~~~~~~~~^^
  File "/Users/lpz/.local/share/uv/python/cpython-3.13.14-macos-aarch64-none/lib/python3.13/concurrent/futures/_base.py", line 402, in __get_result
    raise self._exception
  File "/Users/lpz/.local/share/uv/python/cpython-3.13.14-macos-aarch64-none/lib/python3.13/concurrent/futures/thread.py", line 59, in run
    result = self.fn(*self.args, **self.kwargs)
  File "/Users/lpz/Desktop/AtomFlow/RETRO-E/scripts/run_control_check.py", line 48, in generate_one
    c = client.complete(prompt, temperature=config.generation.temperature,
                        top_p=config.generation.top_p,
                        max_tokens=config.generation.max_tokens,
                        model=config.generator_model)
  File "/Users/lpz/Desktop/AtomFlow/RETRO-E/src/retro_e/api.py", line 74, in complete
    response = self._request("POST", self.config.api.chat_completions_path, json=payload)
  File "/Users/lpz/Desktop/AtomFlow/RETRO-E/src/retro_e/api.py", line 123, in _request
    raise APIError(f"API request failed after retries: {last_error}")
retro_e.api.APIError: API request failed after retries: retryable HTTP 429: {
  "error": {
    "code": 429,
    "message": "Individual quota reached. Please upgrade your subscription to increase your limits. Resets in 4h30m28s.",
    "status": "RESOURCE_EXHAUSTED",
    "detai
2026-09-14 21:52:58,184 INFO HTTP Request: POST https://vps.lpzproxy.xyz/v1/chat/completions "HTTP/1.1 429 Too Many Requests"
2026-09-14 21:52:58,184 ERROR E_star generation failed
Traceback (most recent call last):
  File "/Users/lpz/Desktop/AtomFlow/RETRO-E/scripts/run_control_check.py", line 107, in run
    append_jsonl(path, f.result())
                       ~~~~~~~~^^
  File "/Users/lpz/.local/share/uv/python/cpython-3.13.14-macos-aarch64-none/lib/python3.13/concurrent/futures/_base.py", line 453, in result
    return self.__get_result()
           ~~~~~~~~~~~~~~~~~^^
  File "/Users/lpz/.local/share/uv/python/cpython-3.13.14-macos-aarch64-none/lib/python3.13/concurrent/futures/_base.py", line 402, in __get_result
    raise self._exception
  File "/Users/lpz/.local/share/uv/python/cpython-3.13.14-macos-aarch64-none/lib/python3.13/concurrent/futures/thread.py", line 59, in run
    result = self.fn(*self.args, **self.kwargs)
  File "/Users/lpz/Desktop/AtomFlow/RETRO-E/scripts/run_control_check.py", line 48, in generate_one
    c = client.complete(prompt, temperature=config.generation.temperature,
                        top_p=config.generation.top_p,
                        max_tokens=config.generation.max_tokens,
                        model=config.generator_model)
  File "/Users/lpz/Desktop/AtomFlow/RETRO-E/src/retro_e/api.py", line 74, in complete
    response = self._request("POST", self.config.api.chat_completions_path, json=payload)
  File "/Users/lpz/Desktop/AtomFlow/RETRO-E/src/retro_e/api.py", line 123, in _request
    raise APIError(f"API request failed after retries: {last_error}")
retro_e.api.APIError: API request failed after retries: retryable HTTP 429: {
  "error": {
    "code": 429,
    "message": "Individual quota reached. Please upgrade your subscription to increase your limits. Resets in 4h30m27s.",
    "status": "RESOURCE_EXHAUSTED",
    "detai
2026-09-14 21:52:58,392 INFO HTTP Request: POST https://vps.lpzproxy.xyz/v1/chat/completions "HTTP/1.1 429 Too Many Requests"
2026-09-14 21:52:58,392 ERROR E_star generation failed
Traceback (most recent call last):
  File "/Users/lpz/Desktop/AtomFlow/RETRO-E/scripts/run_control_check.py", line 107, in run
    append_jsonl(path, f.result())
                       ~~~~~~~~^^
  File "/Users/lpz/.local/share/uv/python/cpython-3.13.14-macos-aarch64-none/lib/python3.13/concurrent/futures/_base.py", line 453, in result
    return self.__get_result()
           ~~~~~~~~~~~~~~~~~^^
  File "/Users/lpz/.local/share/uv/python/cpython-3.13.14-macos-aarch64-none/lib/python3.13/concurrent/futures/_base.py", line 402, in __get_result
    raise self._exception
  File "/Users/lpz/.local/share/uv/python/cpython-3.13.14-macos-aarch64-none/lib/python3.13/concurrent/futures/thread.py", line 59, in run
    result = self.fn(*self.args, **self.kwargs)
  File "/Users/lpz/Desktop/AtomFlow/RETRO-E/scripts/run_control_check.py", line 48, in generate_one
    c = client.complete(prompt, temperature=config.generation.temperature,
                        top_p=config.generation.top_p,
                        max_tokens=config.generation.max_tokens,
                        model=config.generator_model)
  File "/Users/lpz/Desktop/AtomFlow/RETRO-E/src/retro_e/api.py", line 74, in complete
    response = self._request("POST", self.config.api.chat_completions_path, json=payload)
  File "/Users/lpz/Desktop/AtomFlow/RETRO-E/src/retro_e/api.py", line 123, in _request
    raise APIError(f"API request failed after retries: {last_error}")
retro_e.api.APIError: API request failed after retries: retryable HTTP 429: {
  "error": {
    "code": 429,
    "message": "Individual quota reached. Please upgrade your subscription to increase your limits. Resets in 4h30m27s.",
    "status": "RESOURCE_EXHAUSTED",
    "detai
2026-09-14 21:52:58,395 INFO generated E_star: planned=300 failed=102
2026-09-14 21:53:02,148 INFO HTTP Request: POST https://vps.lpzproxy.xyz/v1/chat/completions "HTTP/1.1 429 Too Many Requests"
2026-09-14 21:53:02,157 INFO HTTP Request: POST https://vps.lpzproxy.xyz/v1/chat/completions "HTTP/1.1 429 Too Many Requests"
2026-09-14 21:53:02,168 INFO HTTP Request: POST https://vps.lpzproxy.xyz/v1/chat/completions "HTTP/1.1 429 Too Many Requests"
2026-09-14 21:53:02,533 INFO HTTP Request: POST https://vps.lpzproxy.xyz/v1/chat/completions "HTTP/1.1 429 Too Many Requests"
2026-09-14 21:53:02,534 INFO HTTP Request: POST https://vps.lpzproxy.xyz/v1/chat/completions "HTTP/1.1 429 Too Many Requests"
2026-09-14 21:53:02,534 INFO HTTP Request: POST https://vps.lpzproxy.xyz/v1/chat/completions "HTTP/1.1 429 Too Many Requests"
2026-09-14 21:53:02,534 INFO HTTP Request: POST https://vps.lpzproxy.xyz/v1/chat/completions "HTTP/1.1 429 Too Many Requests"
2026-09-14 21:53:02,534 INFO HTTP Request: POST https://vps.lpzproxy.xyz/v1/chat/completions "HTTP/1.1 429 Too Many Requests"
2026-09-14 21:53:02,534 INFO HTTP Request: POST https://vps.lpzproxy.xyz/v1/chat/completions "HTTP/1.1 429 Too Many Requests"
2026-09-14 21:53:02,535 INFO HTTP Request: POST https://vps.lpzproxy.xyz/v1/chat/completions "HTTP/1.1 429 Too Many Requests"
2026-09-14 21:53:02,535 INFO HTTP Request: POST https://vps.lpzproxy.xyz/v1/chat/completions "HTTP/1.1 429 Too Many Requests"
2026-09-14 21:53:02,535 INFO HTTP Request: POST https://vps.lpzproxy.xyz/v1/chat/completions "HTTP/1.1 429 Too Many Requests"
2026-09-14 21:53:02,535 INFO HTTP Request: POST https://vps.lpzproxy.xyz/v1/chat/completions "HTTP/1.1 429 Too Many Requests"
2026-09-14 21:53:02,535 INFO HTTP Request: POST https://vps.lpzproxy.xyz/v1/chat/completions "HTTP/1.1 429 Too Many Requests"
2026-09-14 21:53:02,553 INFO HTTP Request: POST https://vps.lpzproxy.xyz/v1/chat/completions "HTTP/1.1 429 Too Many Requests"
2026-09-14 21:53:02,558 INFO HTTP Request: POST https://vps.lpzproxy.xyz/v1/chat/completions "HTTP/1.1 429 Too Many Requests"
2026-09-14 21:53:02,633 INFO HTTP Request: POST https://vps.lpzproxy.xyz/v1/chat/completions "HTTP/1.1 429 Too Many Requests"
2026-09-14 21:53:02,661 INFO HTTP Request: POST https://vps.lpzproxy.xyz/v1/chat/completions "HTTP/1.1 429 Too Many Requests"
2026-09-14 21:53:02,665 INFO HTTP Request: POST https://vps.lpzproxy.xyz/v1/chat/completions "HTTP/1.1 429 Too Many Requests"
2026-09-14 21:53:02,704 INFO HTTP Request: POST https://vps.lpzproxy.xyz/v1/chat/completions "HTTP/1.1 429 Too Many Requests"
2026-09-14 21:53:02,857 INFO HTTP Request: POST https://vps.lpzproxy.xyz/v1/chat/completions "HTTP/1.1 429 Too Many Requests"
2026-09-14 21:53:03,209 INFO HTTP Request: POST https://vps.lpzproxy.xyz/v1/chat/completions "HTTP/1.1 429 Too Many Requests"
2026-09-14 21:53:03,287 INFO HTTP Request: POST https://vps.lpzproxy.xyz/v1/chat/completions "HTTP/1.1 429 Too Many Requests"
2026-09-14 21:53:03,533 INFO HTTP Request: POST https://vps.lpzproxy.xyz/v1/chat/completions "HTTP/1.1 429 Too Many Requests"
2026-09-14 21:53:03,716 INFO HTTP Request: POST https://vps.lpzproxy.xyz/v1/chat/completions "HTTP/1.1 429 Too Many Requests"
2026-09-14 21:53:03,728 INFO HTTP Request: POST https://vps.lpzproxy.xyz/v1/chat/completions "HTTP/1.1 429 Too Many Requests"
2026-09-14 21:53:03,786 INFO HTTP Request: POST https://vps.lpzproxy.xyz/v1/chat/completions "HTTP/1.1 429 Too Many Requests"
2026-09-14 21:53:03,796 INFO HTTP Request: POST https://vps.lpzproxy.xyz/v1/chat/completions "HTTP/1.1 429 Too Many Requests"
2026-09-14 21:53:03,798 INFO HTTP Request: POST https://vps.lpzproxy.xyz/v1/chat/completions "HTTP/1.1 429 Too Many Requests"
2026-09-14 21:53:03,806 INFO HTTP Request: POST https://vps.lpzproxy.xyz/v1/chat/completions "HTTP/1.1 429 Too Many Requests"
2026-09-14 21:53:03,816 INFO HTTP Request: POST https://vps.lpzproxy.xyz/v1/chat/completions "HTTP/1.1 429 Too Many Requests"
2026-09-14 21:53:03,822 INFO HTTP Request: POST https://vps.lpzproxy.xyz/v1/chat/completions "HTTP/1.1 429 Too Many Requests"
2026-09-14 21:53:03,951 INFO HTTP Request: POST https://vps.lpzproxy.xyz/v1/chat/completions "HTTP/1.1 429 Too Many Requests"
2026-09-14 21:53:03,956 INFO HTTP Request: POST https://vps.lpzproxy.xyz/v1/chat/completions "HTTP/1.1 429 Too Many Requests"
2026-09-14 21:53:03,981 INFO HTTP Request: POST https://vps.lpzproxy.xyz/v1/chat/completions "HTTP/1.1 429 Too Many Requests"
2026-09-14 21:53:03,984 INFO HTTP Request: POST https://vps.lpzproxy.xyz/v1/chat/completions "HTTP/1.1 429 Too Many Requests"
2026-09-14 21:53:04,070 INFO HTTP Request: POST https://vps.lpzproxy.xyz/v1/chat/completions "HTTP/1.1 429 Too Many Requests"
2026-09-14 21:53:04,071 INFO HTTP Request: POST https://vps.lpzproxy.xyz/v1/chat/completions "HTTP/1.1 429 Too Many Requests"
2026-09-14 21:53:04,071 INFO HTTP Request: POST https://vps.lpzproxy.xyz/v1/chat/completions "HTTP/1.1 429 Too Many Requests"
2026-09-14 21:53:04,082 INFO HTTP Request: POST https://vps.lpzproxy.xyz/v1/chat/completions "HTTP/1.1 429 Too Many Requests"
2026-09-14 21:53:04,109 INFO HTTP Request: POST https://vps.lpzproxy.xyz/v1/chat/completions "HTTP/1.1 429 Too Many Requests"
2026-09-14 21:53:04,153 INFO HTTP Request: POST https://vps.lpzproxy.xyz/v1/chat/completions "HTTP/1.1 429 Too Many Requests"
2026-09-14 21:53:04,291 INFO HTTP Request: POST https://vps.lpzproxy.xyz/v1/chat/completions "HTTP/1.1 429 Too Many Requests"
2026-09-14 21:53:04,298 INFO HTTP Request: POST https://vps.lpzproxy.xyz/v1/chat/completions "HTTP/1.1 429 Too Many Requests"
2026-09-14 21:53:04,335 INFO HTTP Request: POST https://vps.lpzproxy.xyz/v1/chat/completions "HTTP/1.1 429 Too Many Requests"
2026-09-14 21:53:04,339 INFO HTTP Request: POST https://vps.lpzproxy.xyz/v1/chat/completions "HTTP/1.1 429 Too Many Requests"
2026-09-14 21:53:04,371 INFO HTTP Request: POST https://vps.lpzproxy.xyz/v1/chat/completions "HTTP/1.1 429 Too Many Requests"
2026-09-14 21:53:04,403 INFO HTTP Request: POST https://vps.lpzproxy.xyz/v1/chat/completions "HTTP/1.1 429 Too Many Requests"
2026-09-14 21:53:04,409 INFO HTTP Request: POST https://vps.lpzproxy.xyz/v1/chat/completions "HTTP/1.1 429 Too Many Requests"
2026-09-14 21:53:04,409 INFO HTTP Request: POST https://vps.lpzproxy.xyz/v1/chat/completions "HTTP/1.1 429 Too Many Requests"
2026-09-14 21:53:04,413 INFO HTTP Request: POST https://vps.lpzproxy.xyz/v1/chat/completions "HTTP/1.1 429 Too Many Requests"
2026-09-14 21:53:04,455 INFO HTTP Request: POST https://vps.lpzproxy.xyz/v1/chat/completions "HTTP/1.1 429 Too Many Requests"
2026-09-14 21:53:04,557 INFO HTTP Request: POST https://vps.lpzproxy.xyz/v1/chat/completions "HTTP/1.1 429 Too Many Requests"
2026-09-14 21:53:04,573 INFO HTTP Request: POST https://vps.lpzproxy.xyz/v1/chat/completions "HTTP/1.1 429 Too Many Requests"
2026-09-14 21:53:04,573 INFO HTTP Request: POST https://vps.lpzproxy.xyz/v1/chat/completions "HTTP/1.1 429 Too Many Requests"
2026-09-14 21:53:04,640 INFO HTTP Request: POST https://vps.lpzproxy.xyz/v1/chat/completions "HTTP/1.1 429 Too Many Requests"
2026-09-14 21:53:04,768 INFO HTTP Request: POST https://vps.lpzproxy.xyz/v1/chat/completions "HTTP/1.1 429 Too Many Requests"
2026-09-14 21:53:04,771 INFO HTTP Request: POST https://vps.lpzproxy.xyz/v1/chat/completions "HTTP/1.1 429 Too Many Requests"
2026-09-14 21:53:04,847 INFO HTTP Request: POST https://vps.lpzproxy.xyz/v1/chat/completions "HTTP/1.1 429 Too Many Requests"
2026-09-14 21:53:04,902 INFO HTTP Request: POST https://vps.lpzproxy.xyz/v1/chat/completions "HTTP/1.1 429 Too Many Requests"
2026-09-14 21:53:05,196 INFO HTTP Request: POST https://vps.lpzproxy.xyz/v1/chat/completions "HTTP/1.1 429 Too Many Requests"
2026-09-14 21:53:05,211 INFO HTTP Request: POST https://vps.lpzproxy.xyz/v1/chat/completions "HTTP/1.1 429 Too Many Requests"
2026-09-14 21:53:05,338 INFO HTTP Request: POST https://vps.lpzproxy.xyz/v1/chat/completions "HTTP/1.1 429 Too Many Requests"
2026-09-14 21:53:05,412 INFO HTTP Request: POST https://vps.lpzproxy.xyz/v1/chat/completions "HTTP/1.1 429 Too Many Requests"
2026-09-14 21:53:05,572 INFO HTTP Request: POST https://vps.lpzproxy.xyz/v1/chat/completions "HTTP/1.1 429 Too Many Requests"
2026-09-14 21:53:05,584 INFO HTTP Request: POST https://vps.lpzproxy.xyz/v1/chat/completions "HTTP/1.1 429 Too Many Requests"
2026-09-14 21:53:05,665 INFO HTTP Request: POST https://vps.lpzproxy.xyz/v1/chat/completions "HTTP/1.1 429 Too Many Requests"
2026-09-14 21:53:05,755 INFO HTTP Request: POST https://vps.lpzproxy.xyz/v1/chat/completions "HTTP/1.1 429 Too Many Requests"
2026-09-14 21:53:05,860 INFO HTTP Request: POST https://vps.lpzproxy.xyz/v1/chat/completions "HTTP/1.1 429 Too Many Requests"
2026-09-14 21:53:05,921 INFO HTTP Request: POST https://vps.lpzproxy.xyz/v1/chat/completions "HTTP/1.1 429 Too Many Requests"
2026-09-14 21:53:05,953 INFO HTTP Request: POST https://vps.lpzproxy.xyz/v1/chat/completions "HTTP/1.1 429 Too Many Requests"
2026-09-14 21:53:05,958 INFO HTTP Request: POST https://vps.lpzproxy.xyz/v1/chat/completions "HTTP/1.1 429 Too Many Requests"
2026-09-14 21:53:05,967 INFO HTTP Request: POST https://vps.lpzproxy.xyz/v1/chat/completions "HTTP/1.1 429 Too Many Requests"
2026-09-14 21:53:05,973 INFO HTTP Request: POST https://vps.lpzproxy.xyz/v1/chat/completions "HTTP/1.1 429 Too Many Requests"
2026-09-14 21:53:05,975 INFO HTTP Request: POST https://vps.lpzproxy.xyz/v1/chat/completions "HTTP/1.1 429 Too Many Requests"
2026-09-14 21:53:06,092 INFO HTTP Request: POST https://vps.lpzproxy.xyz/v1/chat/completions "HTTP/1.1 429 Too Many Requests"
2026-09-14 21:53:06,288 INFO HTTP Request: POST https://vps.lpzproxy.xyz/v1/chat/completions "HTTP/1.1 429 Too Many Requests"
2026-09-14 21:53:06,407 INFO HTTP Request: POST https://vps.lpzproxy.xyz/v1/chat/completions "HTTP/1.1 429 Too Many Requests"
2026-09-14 21:53:06,433 INFO HTTP Request: POST https://vps.lpzproxy.xyz/v1/chat/completions "HTTP/1.1 429 Too Many Requests"
2026-09-14 21:53:06,487 INFO HTTP Request: POST https://vps.lpzproxy.xyz/v1/chat/completions "HTTP/1.1 429 Too Many Requests"
2026-09-14 21:53:06,657 INFO HTTP Request: POST https://vps.lpzproxy.xyz/v1/chat/completions "HTTP/1.1 429 Too Many Requests"
2026-09-14 21:53:06,826 INFO HTTP Request: POST https://vps.lpzproxy.xyz/v1/chat/completions "HTTP/1.1 429 Too Many Requests"
2026-09-14 21:53:06,898 INFO HTTP Request: POST https://vps.lpzproxy.xyz/v1/chat/completions "HTTP/1.1 429 Too Many Requests"
2026-09-14 21:53:07,167 INFO HTTP Request: POST https://vps.lpzproxy.xyz/v1/chat/completions "HTTP/1.1 429 Too Many Requests"
2026-09-14 21:53:07,196 INFO HTTP Request: POST https://vps.lpzproxy.xyz/v1/chat/completions "HTTP/1.1 429 Too Many Requests"
2026-09-14 21:53:07,198 INFO HTTP Request: POST https://vps.lpzproxy.xyz/v1/chat/completions "HTTP/1.1 429 Too Many Requests"
2026-09-14 21:53:07,207 INFO HTTP Request: POST https://vps.lpzproxy.xyz/v1/chat/completions "HTTP/1.1 429 Too Many Requests"
2026-09-14 21:53:07,276 INFO HTTP Request: POST https://vps.lpzproxy.xyz/v1/chat/completions "HTTP/1.1 429 Too Many Requests"
2026-09-14 21:53:07,334 INFO HTTP Request: POST https://vps.lpzproxy.xyz/v1/chat/completions "HTTP/1.1 429 Too Many Requests"
2026-09-14 21:53:07,459 INFO HTTP Request: POST https://vps.lpzproxy.xyz/v1/chat/completions "HTTP/1.1 429 Too Many Requests"
2026-09-14 21:53:07,526 INFO HTTP Request: POST https://vps.lpzproxy.xyz/v1/chat/completions "HTTP/1.1 429 Too Many Requests"
2026-09-14 21:53:07,546 INFO HTTP Request: POST https://vps.lpzproxy.xyz/v1/chat/completions "HTTP/1.1 429 Too Many Requests"
2026-09-14 21:53:07,601 INFO HTTP Request: POST https://vps.lpzproxy.xyz/v1/chat/completions "HTTP/1.1 429 Too Many Requests"
2026-09-14 21:53:07,729 INFO HTTP Request: POST https://vps.lpzproxy.xyz/v1/chat/completions "HTTP/1.1 429 Too Many Requests"
2026-09-14 21:53:07,761 INFO HTTP Request: POST https://vps.lpzproxy.xyz/v1/chat/completions "HTTP/1.1 429 Too Many Requests"
2026-09-14 21:53:07,766 INFO HTTP Request: POST https://vps.lpzproxy.xyz/v1/chat/completions "HTTP/1.1 429 Too Many Requests"
2026-09-14 21:53:07,771 INFO HTTP Request: POST https://vps.lpzproxy.xyz/v1/chat/completions "HTTP/1.1 429 Too Many Requests"
2026-09-14 21:53:07,942 INFO HTTP Request: POST https://vps.lpzproxy.xyz/v1/chat/completions "HTTP/1.1 429 Too Many Requests"
2026-09-14 21:53:07,986 INFO HTTP Request: POST https://vps.lpzproxy.xyz/v1/chat/completions "HTTP/1.1 429 Too Many Requests"
2026-09-14 21:53:08,023 INFO HTTP Request: POST https://vps.lpzproxy.xyz/v1/chat/completions "HTTP/1.1 429 Too Many Requests"
2026-09-14 21:53:08,193 INFO HTTP Request: POST https://vps.lpzproxy.xyz/v1/chat/completions "HTTP/1.1 429 Too Many Requests"
2026-09-14 21:53:08,216 INFO HTTP Request: POST https://vps.lpzproxy.xyz/v1/chat/completions "HTTP/1.1 429 Too Many Requests"
2026-09-14 21:53:08,270 INFO HTTP Request: POST https://vps.lpzproxy.xyz/v1/chat/completions "HTTP/1.1 429 Too Many Requests"
2026-09-14 21:53:08,289 INFO HTTP Request: POST https://vps.lpzproxy.xyz/v1/chat/completions "HTTP/1.1 429 Too Many Requests"
2026-09-14 21:53:08,461 INFO HTTP Request: POST https://vps.lpzproxy.xyz/v1/chat/completions "HTTP/1.1 429 Too Many Requests"
2026-09-14 21:53:08,499 INFO HTTP Request: POST https://vps.lpzproxy.xyz/v1/chat/completions "HTTP/1.1 429 Too Many Requests"
2026-09-14 21:53:08,568 INFO HTTP Request: POST https://vps.lpzproxy.xyz/v1/chat/completions "HTTP/1.1 429 Too Many Requests"
2026-09-14 21:53:08,818 INFO HTTP Request: POST https://vps.lpzproxy.xyz/v1/chat/completions "HTTP/1.1 429 Too Many Requests"
2026-09-14 21:53:08,820 INFO HTTP Request: POST https://vps.lpzproxy.xyz/v1/chat/completions "HTTP/1.1 429 Too Many Requests"
2026-09-14 21:53:08,823 INFO HTTP Request: POST https://vps.lpzproxy.xyz/v1/chat/completions "HTTP/1.1 429 Too Many Requests"
2026-09-14 21:53:08,901 INFO HTTP Request: POST https://vps.lpzproxy.xyz/v1/chat/completions "HTTP/1.1 429 Too Many Requests"
2026-09-14 21:53:09,009 INFO HTTP Request: POST https://vps.lpzproxy.xyz/v1/chat/completions "HTTP/1.1 429 Too Many Requests"
2026-09-14 21:53:09,331 INFO HTTP Request: POST https://vps.lpzproxy.xyz/v1/chat/completions "HTTP/1.1 429 Too Many Requests"
2026-09-14 21:53:09,355 INFO HTTP Request: POST https://vps.lpzproxy.xyz/v1/chat/completions "HTTP/1.1 429 Too Many Requests"
2026-09-14 21:53:09,411 INFO HTTP Request: POST https://vps.lpzproxy.xyz/v1/chat/completions "HTTP/1.1 429 Too Many Requests"
2026-09-14 21:53:09,461 INFO HTTP Request: POST https://vps.lpzproxy.xyz/v1/chat/completions "HTTP/1.1 429 Too Many Requests"
2026-09-14 21:53:09,472 INFO HTTP Request: POST https://vps.lpzproxy.xyz/v1/chat/completions "HTTP/1.1 429 Too Many Requests"
2026-09-14 21:53:09,607 INFO HTTP Request: POST https://vps.lpzproxy.xyz/v1/chat/completions "HTTP/1.1 429 Too Many Requests"
2026-09-14 21:53:09,776 INFO HTTP Request: POST https://vps.lpzproxy.xyz/v1/chat/completions "HTTP/1.1 429 Too Many Requests"
2026-09-14 21:53:09,903 INFO HTTP Request: POST https://vps.lpzproxy.xyz/v1/chat/completions "HTTP/1.1 429 Too Many Requests"
2026-09-14 21:53:11,236 INFO HTTP Request: POST https://vps.lpzproxy.xyz/v1/chat/completions "HTTP/1.1 429 Too Many Requests"
2026-09-14 21:53:11,572 INFO HTTP Request: POST https://vps.lpzproxy.xyz/v1/chat/completions "HTTP/1.1 429 Too Many Requests"
2026-09-14 21:53:12,023 INFO HTTP Request: POST https://vps.lpzproxy.xyz/v1/chat/completions "HTTP/1.1 429 Too Many Requests"
2026-09-14 21:53:12,126 INFO HTTP Request: POST https://vps.lpzproxy.xyz/v1/chat/completions "HTTP/1.1 429 Too Many Requests"
2026-09-14 21:53:12,146 INFO HTTP Request: POST https://vps.lpzproxy.xyz/v1/chat/completions "HTTP/1.1 429 Too Many Requests"
2026-09-14 21:53:12,167 INFO HTTP Request: POST https://vps.lpzproxy.xyz/v1/chat/completions "HTTP/1.1 429 Too Many Requests"
2026-09-14 21:53:12,217 INFO HTTP Request: POST https://vps.lpzproxy.xyz/v1/chat/completions "HTTP/1.1 429 Too Many Requests"
2026-09-14 21:53:12,450 INFO HTTP Request: POST https://vps.lpzproxy.xyz/v1/chat/completions "HTTP/1.1 429 Too Many Requests"
2026-09-14 21:53:12,486 INFO HTTP Request: POST https://vps.lpzproxy.xyz/v1/chat/completions "HTTP/1.1 429 Too Many Requests"
2026-09-14 21:53:12,489 INFO HTTP Request: POST https://vps.lpzproxy.xyz/v1/chat/completions "HTTP/1.1 429 Too Many Requests"
2026-09-14 21:53:12,537 INFO HTTP Request: POST https://vps.lpzproxy.xyz/v1/chat/completions "HTTP/1.1 429 Too Many Requests"
2026-09-14 21:53:12,608 INFO HTTP Request: POST https://vps.lpzproxy.xyz/v1/chat/completions "HTTP/1.1 429 Too Many Requests"
2026-09-14 21:53:12,657 INFO HTTP Request: POST https://vps.lpzproxy.xyz/v1/chat/completions "HTTP/1.1 429 Too Many Requests"
2026-09-14 21:53:12,670 INFO HTTP Request: POST https://vps.lpzproxy.xyz/v1/chat/completions "HTTP/1.1 429 Too Many Requests"
2026-09-14 21:53:12,878 INFO HTTP Request: POST https://vps.lpzproxy.xyz/v1/chat/completions "HTTP/1.1 429 Too Many Requests"
2026-09-14 21:53:12,895 INFO HTTP Request: POST https://vps.lpzproxy.xyz/v1/chat/completions "HTTP/1.1 429 Too Many Requests"
2026-09-14 21:53:12,939 INFO HTTP Request: POST https://vps.lpzproxy.xyz/v1/chat/completions "HTTP/1.1 429 Too Many Requests"
2026-09-14 21:53:12,955 INFO HTTP Request: POST https://vps.lpzproxy.xyz/v1/chat/completions "HTTP/1.1 429 Too Many Requests"
2026-09-14 21:53:12,959 INFO HTTP Request: POST https://vps.lpzproxy.xyz/v1/chat/completions "HTTP/1.1 429 Too Many Requests"
2026-09-14 21:53:13,008 INFO HTTP Request: POST https://vps.lpzproxy.xyz/v1/chat/completions "HTTP/1.1 429 Too Many Requests"
2026-09-14 21:53:13,192 INFO HTTP Request: POST https://vps.lpzproxy.xyz/v1/chat/completions "HTTP/1.1 429 Too Many Requests"
2026-09-14 21:53:13,198 INFO HTTP Request: POST https://vps.lpzproxy.xyz/v1/chat/completions "HTTP/1.1 429 Too Many Requests"
2026-09-14 21:53:13,420 INFO HTTP Request: POST https://vps.lpzproxy.xyz/v1/chat/completions "HTTP/1.1 429 Too Many Requests"
2026-09-14 21:53:13,427 INFO HTTP Request: POST https://vps.lpzproxy.xyz/v1/chat/completions "HTTP/1.1 429 Too Many Requests"
2026-09-14 21:53:13,515 INFO HTTP Request: POST https://vps.lpzproxy.xyz/v1/chat/completions "HTTP/1.1 429 Too Many Requests"
2026-09-14 21:53:13,546 INFO HTTP Request: POST https://vps.lpzproxy.xyz/v1/chat/completions "HTTP/1.1 429 Too Many Requests"
2026-09-14 21:53:13,702 INFO HTTP Request: POST https://vps.lpzproxy.xyz/v1/chat/completions "HTTP/1.1 429 Too Many Requests"
2026-09-14 21:53:13,716 INFO HTTP Request: POST https://vps.lpzproxy.xyz/v1/chat/completions "HTTP/1.1 429 Too Many Requests"
2026-09-14 21:53:13,731 INFO HTTP Request: POST https://vps.lpzproxy.xyz/v1/chat/completions "HTTP/1.1 429 Too Many Requests"
2026-09-14 21:53:13,836 INFO HTTP Request: POST https://vps.lpzproxy.xyz/v1/chat/completions "HTTP/1.1 429 Too Many Requests"
2026-09-14 21:53:14,146 INFO HTTP Request: POST https://vps.lpzproxy.xyz/v1/chat/completions "HTTP/1.1 429 Too Many Requests"
2026-09-14 21:53:14,191 INFO HTTP Request: POST https://vps.lpzproxy.xyz/v1/chat/completions "HTTP/1.1 429 Too Many Requests"
2026-09-14 21:53:14,269 INFO HTTP Request: POST https://vps.lpzproxy.xyz/v1/chat/completions "HTTP/1.1 429 Too Many Requests"
2026-09-14 21:53:14,349 INFO HTTP Request: POST https://vps.lpzproxy.xyz/v1/chat/completions "HTTP/1.1 429 Too Many Requests"
2026-09-14 21:53:14,370 INFO HTTP Request: POST https://vps.lpzproxy.xyz/v1/chat/completions "HTTP/1.1 429 Too Many Requests"
2026-09-14 21:53:14,531 INFO HTTP Request: POST https://vps.lpzproxy.xyz/v1/chat/completions "HTTP/1.1 429 Too Many Requests"
2026-09-14 21:53:14,635 INFO HTTP Request: POST https://vps.lpzproxy.xyz/v1/chat/completions "HTTP/1.1 429 Too Many Requests"
2026-09-14 21:53:14,691 INFO HTTP Request: POST https://vps.lpzproxy.xyz/v1/chat/completions "HTTP/1.1 429 Too Many Requests"
2026-09-14 21:53:14,737 INFO HTTP Request: POST https://vps.lpzproxy.xyz/v1/chat/completions "HTTP/1.1 429 Too Many Requests"
2026-09-14 21:53:14,981 INFO HTTP Request: POST https://vps.lpzproxy.xyz/v1/chat/completions "HTTP/1.1 429 Too Many Requests"
2026-09-14 21:53:21,185 INFO HTTP Request: POST https://vps.lpzproxy.xyz/v1/chat/completions "HTTP/1.1 429 Too Many Requests"
2026-09-14 21:53:21,188 ERROR judge job failed after retries: API request failed after retries: retryable HTTP 429: {"error":{"code":"model_cooldown","message":"All credentials for model gemini-3.7-flash-high are cooling down via provider antigravity","model":"gemini-3.7-flash-high","provider":"antigravity","reset_
2026-09-14 21:53:21,276 INFO HTTP Request: POST https://vps.lpzproxy.xyz/v1/chat/completions "HTTP/1.1 429 Too Many Requests"
2026-09-14 21:53:21,276 ERROR judge job failed after retries: API request failed after retries: retryable HTTP 429: {"error":{"code":"model_cooldown","message":"All credentials for model gemini-3.7-flash-high are cooling down via provider antigravity","model":"gemini-3.7-flash-high","provider":"antigravity","reset_
2026-09-14 21:53:21,594 INFO HTTP Request: POST https://vps.lpzproxy.xyz/v1/chat/completions "HTTP/1.1 429 Too Many Requests"
2026-09-14 21:53:21,594 ERROR judge job failed after retries: API request failed after retries: retryable HTTP 429: {"error":{"code":"model_cooldown","message":"All credentials for model gemini-3.7-flash-high are cooling down via provider antigravity","model":"gemini-3.7-flash-high","provider":"antigravity","reset_
2026-09-14 21:53:21,659 INFO HTTP Request: POST https://vps.lpzproxy.xyz/v1/chat/completions "HTTP/1.1 429 Too Many Requests"
2026-09-14 21:53:21,659 ERROR judge job failed after retries: API request failed after retries: retryable HTTP 429: {"error":{"code":"model_cooldown","message":"All credentials for model gemini-3.7-flash-high are cooling down via provider antigravity","model":"gemini-3.7-flash-high","provider":"antigravity","reset_
2026-09-14 21:53:21,663 INFO HTTP Request: POST https://vps.lpzproxy.xyz/v1/chat/completions "HTTP/1.1 429 Too Many Requests"
2026-09-14 21:53:21,663 ERROR judge job failed after retries: API request failed after retries: retryable HTTP 429: {"error":{"code":"model_cooldown","message":"All credentials for model gemini-3.7-flash-high are cooling down via provider antigravity","model":"gemini-3.7-flash-high","provider":"antigravity","reset_
2026-09-14 21:53:21,813 INFO HTTP Request: POST https://vps.lpzproxy.xyz/v1/chat/completions "HTTP/1.1 429 Too Many Requests"
2026-09-14 21:53:21,813 ERROR judge job failed after retries: API request failed after retries: retryable HTTP 429: {"error":{"code":"model_cooldown","message":"All credentials for model gemini-3.7-flash-high are cooling down via provider antigravity","model":"gemini-3.7-flash-high","provider":"antigravity","reset_
2026-09-14 21:53:22,095 INFO HTTP Request: POST https://vps.lpzproxy.xyz/v1/chat/completions "HTTP/1.1 429 Too Many Requests"
2026-09-14 21:53:22,095 ERROR judge job failed after retries: API request failed after retries: retryable HTTP 429: {"error":{"code":"model_cooldown","message":"All credentials for model gemini-3.7-flash-high are cooling down via provider antigravity","model":"gemini-3.7-flash-high","provider":"antigravity","reset_
2026-09-14 21:53:22,173 INFO HTTP Request: POST https://vps.lpzproxy.xyz/v1/chat/completions "HTTP/1.1 429 Too Many Requests"
2026-09-14 21:53:22,173 ERROR judge job failed after retries: API request failed after retries: retryable HTTP 429: {"error":{"code":"model_cooldown","message":"All credentials for model gemini-3.7-flash-high are cooling down via provider antigravity","model":"gemini-3.7-flash-high","provider":"antigravity","reset_
2026-09-14 21:53:22,262 INFO HTTP Request: POST https://vps.lpzproxy.xyz/v1/chat/completions "HTTP/1.1 429 Too Many Requests"
2026-09-14 21:53:22,263 ERROR judge job failed after retries: API request failed after retries: retryable HTTP 429: {"error":{"code":"model_cooldown","message":"All credentials for model gemini-3.7-flash-high are cooling down via provider antigravity","model":"gemini-3.7-flash-high","provider":"antigravity","reset_
2026-09-14 21:53:22,290 INFO HTTP Request: POST https://vps.lpzproxy.xyz/v1/chat/completions "HTTP/1.1 429 Too Many Requests"
2026-09-14 21:53:22,290 ERROR judge job failed after retries: API request failed after retries: retryable HTTP 429: {"error":{"code":"model_cooldown","message":"All credentials for model gemini-3.7-flash-high are cooling down via provider antigravity","model":"gemini-3.7-flash-high","provider":"antigravity","reset_
2026-09-14 21:53:22,436 INFO HTTP Request: POST https://vps.lpzproxy.xyz/v1/chat/completions "HTTP/1.1 429 Too Many Requests"
2026-09-14 21:53:22,436 ERROR judge job failed after retries: API request failed after retries: retryable HTTP 429: {"error":{"code":"model_cooldown","message":"All credentials for model gemini-3.7-flash-high are cooling down via provider antigravity","model":"gemini-3.7-flash-high","provider":"antigravity","reset_
2026-09-14 21:53:22,550 INFO HTTP Request: POST https://vps.lpzproxy.xyz/v1/chat/completions "HTTP/1.1 429 Too Many Requests"
2026-09-14 21:53:22,688 INFO HTTP Request: POST https://vps.lpzproxy.xyz/v1/chat/completions "HTTP/1.1 429 Too Many Requests"
2026-09-14 21:53:22,724 INFO HTTP Request: POST https://vps.lpzproxy.xyz/v1/chat/completions "HTTP/1.1 429 Too Many Requests"
2026-09-14 21:53:22,725 ERROR judge job failed after retries: API request failed after retries: retryable HTTP 429: {"error":{"code":"model_cooldown","message":"All credentials for model gemini-3.7-flash-high are cooling down via provider antigravity","model":"gemini-3.7-flash-high","provider":"antigravity","reset_
2026-09-14 21:53:22,814 INFO HTTP Request: POST https://vps.lpzproxy.xyz/v1/chat/completions "HTTP/1.1 429 Too Many Requests"
2026-09-14 21:53:22,815 ERROR judge job failed after retries: API request failed after retries: retryable HTTP 429: {"error":{"code":"model_cooldown","message":"All credentials for model gemini-3.7-flash-high are cooling down via provider antigravity","model":"gemini-3.7-flash-high","provider":"antigravity","reset_
2026-09-14 21:53:22,817 INFO HTTP Request: POST https://vps.lpzproxy.xyz/v1/chat/completions "HTTP/1.1 429 Too Many Requests"
2026-09-14 21:53:22,818 ERROR judge job failed after retries: API request failed after retries: retryable HTTP 429: {"error":{"code":"model_cooldown","message":"All credentials for model gemini-3.7-flash-high are cooling down via provider antigravity","model":"gemini-3.7-flash-high","provider":"antigravity","reset_
2026-09-14 21:53:22,881 INFO HTTP Request: POST https://vps.lpzproxy.xyz/v1/chat/completions "HTTP/1.1 429 Too Many Requests"
2026-09-14 21:53:22,882 ERROR judge job failed after retries: API request failed after retries: retryable HTTP 429: {"error":{"code":"model_cooldown","message":"All credentials for model gemini-3.7-flash-high are cooling down via provider antigravity","model":"gemini-3.7-flash-high","provider":"antigravity","reset_
2026-09-14 21:53:22,884 INFO HTTP Request: POST https://vps.lpzproxy.xyz/v1/chat/completions "HTTP/1.1 429 Too Many Requests"
2026-09-14 21:53:22,885 ERROR judge job failed after retries: API request failed after retries: retryable HTTP 429: {"error":{"code":"model_cooldown","message":"All credentials for model gemini-3.7-flash-high are cooling down via provider antigravity","model":"gemini-3.7-flash-high","provider":"antigravity","reset_
2026-09-14 21:53:22,915 INFO HTTP Request: POST https://vps.lpzproxy.xyz/v1/chat/completions "HTTP/1.1 429 Too Many Requests"
2026-09-14 21:53:22,915 ERROR judge job failed after retries: API request failed after retries: retryable HTTP 429: {"error":{"code":"model_cooldown","message":"All credentials for model gemini-3.7-flash-high are cooling down via provider antigravity","model":"gemini-3.7-flash-high","provider":"antigravity","reset_
2026-09-14 21:53:22,967 INFO HTTP Request: POST https://vps.lpzproxy.xyz/v1/chat/completions "HTTP/1.1 429 Too Many Requests"
2026-09-14 21:53:22,968 ERROR judge job failed after retries: API request failed after retries: retryable HTTP 429: {"error":{"code":"model_cooldown","message":"All credentials for model gemini-3.7-flash-high are cooling down via provider antigravity","model":"gemini-3.7-flash-high","provider":"antigravity","reset_
2026-09-14 21:53:22,993 INFO HTTP Request: POST https://vps.lpzproxy.xyz/v1/chat/completions "HTTP/1.1 429 Too Many Requests"
2026-09-14 21:53:23,008 INFO HTTP Request: POST https://vps.lpzproxy.xyz/v1/chat/completions "HTTP/1.1 429 Too Many Requests"
2026-09-14 21:53:23,009 ERROR judge job failed after retries: API request failed after retries: retryable HTTP 429: {"error":{"code":"model_cooldown","message":"All credentials for model gemini-3.7-flash-high are cooling down via provider antigravity","model":"gemini-3.7-flash-high","provider":"antigravity","reset_
2026-09-14 21:53:23,029 INFO HTTP Request: POST https://vps.lpzproxy.xyz/v1/chat/completions "HTTP/1.1 429 Too Many Requests"
2026-09-14 21:53:23,029 ERROR judge job failed after retries: API request failed after retries: retryable HTTP 429: {"error":{"code":"model_cooldown","message":"All credentials for model gemini-3.7-flash-high are cooling down via provider antigravity","model":"gemini-3.7-flash-high","provider":"antigravity","reset_
2026-09-14 21:53:23,052 INFO HTTP Request: POST https://vps.lpzproxy.xyz/v1/chat/completions "HTTP/1.1 429 Too Many Requests"
2026-09-14 21:53:23,088 INFO HTTP Request: POST https://vps.lpzproxy.xyz/v1/chat/completions "HTTP/1.1 429 Too Many Requests"
2026-09-14 21:53:23,124 INFO HTTP Request: POST https://vps.lpzproxy.xyz/v1/chat/completions "HTTP/1.1 429 Too Many Requests"
2026-09-14 21:53:23,125 ERROR judge job failed after retries: API request failed after retries: retryable HTTP 429: {"error":{"code":"model_cooldown","message":"All credentials for model gemini-3.7-flash-high are cooling down via provider antigravity","model":"gemini-3.7-flash-high","provider":"antigravity","reset_
2026-09-14 21:53:23,236 INFO HTTP Request: POST https://vps.lpzproxy.xyz/v1/chat/completions "HTTP/1.1 429 Too Many Requests"
2026-09-14 21:53:23,305 INFO HTTP Request: POST https://vps.lpzproxy.xyz/v1/chat/completions "HTTP/1.1 429 Too Many Requests"
2026-09-14 21:53:23,305 ERROR judge job failed after retries: API request failed after retries: retryable HTTP 429: {"error":{"code":"model_cooldown","message":"All credentials for model gemini-3.7-flash-high are cooling down via provider antigravity","model":"gemini-3.7-flash-high","provider":"antigravity","reset_
2026-09-14 21:53:23,313 INFO HTTP Request: POST https://vps.lpzproxy.xyz/v1/chat/completions "HTTP/1.1 429 Too Many Requests"
2026-09-14 21:53:23,314 ERROR judge job failed after retries: API request failed after retries: retryable HTTP 429: {"error":{"code":"model_cooldown","message":"All credentials for model gemini-3.7-flash-high are cooling down via provider antigravity","model":"gemini-3.7-flash-high","provider":"antigravity","reset_
2026-09-14 21:53:23,328 INFO HTTP Request: POST https://vps.lpzproxy.xyz/v1/chat/completions "HTTP/1.1 429 Too Many Requests"
2026-09-14 21:53:23,328 ERROR judge job failed after retries: API request failed after retries: retryable HTTP 429: {"error":{"code":"model_cooldown","message":"All credentials for model gemini-3.7-flash-high are cooling down via provider antigravity","model":"gemini-3.7-flash-high","provider":"antigravity","reset_
2026-09-14 21:53:23,367 INFO HTTP Request: POST https://vps.lpzproxy.xyz/v1/chat/completions "HTTP/1.1 429 Too Many Requests"
2026-09-14 21:53:23,488 INFO HTTP Request: POST https://vps.lpzproxy.xyz/v1/chat/completions "HTTP/1.1 429 Too Many Requests"
2026-09-14 21:53:23,488 INFO HTTP Request: POST https://vps.lpzproxy.xyz/v1/chat/completions "HTTP/1.1 429 Too Many Requests"
2026-09-14 21:53:23,488 ERROR judge job failed after retries: API request failed after retries: retryable HTTP 429: {"error":{"code":"model_cooldown","message":"All credentials for model gemini-3.7-flash-high are cooling down via provider antigravity","model":"gemini-3.7-flash-high","provider":"antigravity","reset_
2026-09-14 21:53:23,489 ERROR judge job failed after retries: API request failed after retries: retryable HTTP 429: {"error":{"code":"model_cooldown","message":"All credentials for model gemini-3.7-flash-high are cooling down via provider antigravity","model":"gemini-3.7-flash-high","provider":"antigravity","reset_
2026-09-14 21:53:23,489 ERROR judge job failed after retries: API request failed after retries: retryable HTTP 429: {"error":{"code":"model_cooldown","message":"All credentials for model gemini-3.7-flash-high are cooling down via provider antigravity","model":"gemini-3.7-flash-high","provider":"antigravity","reset_
2026-09-14 21:53:23,490 INFO HTTP Request: POST https://vps.lpzproxy.xyz/v1/chat/completions "HTTP/1.1 429 Too Many Requests"
2026-09-14 21:53:23,583 INFO HTTP Request: POST https://vps.lpzproxy.xyz/v1/chat/completions "HTTP/1.1 429 Too Many Requests"
2026-09-14 21:53:23,695 INFO HTTP Request: POST https://vps.lpzproxy.xyz/v1/chat/completions "HTTP/1.1 429 Too Many Requests"
2026-09-14 21:53:23,709 INFO HTTP Request: POST https://vps.lpzproxy.xyz/v1/chat/completions "HTTP/1.1 429 Too Many Requests"
2026-09-14 21:53:23,868 INFO HTTP Request: POST https://vps.lpzproxy.xyz/v1/chat/completions "HTTP/1.1 429 Too Many Requests"
2026-09-14 21:53:23,869 ERROR judge job failed after retries: API request failed after retries: retryable HTTP 429: {"error":{"code":"model_cooldown","message":"All credentials for model gemini-3.7-flash-high are cooling down via provider antigravity","model":"gemini-3.7-flash-high","provider":"antigravity","reset_
2026-09-14 21:53:23,889 INFO HTTP Request: POST https://vps.lpzproxy.xyz/v1/chat/completions "HTTP/1.1 429 Too Many Requests"
2026-09-14 21:53:23,890 ERROR judge job failed after retries: API request failed after retries: retryable HTTP 429: {"error":{"code":"model_cooldown","message":"All credentials for model gemini-3.7-flash-high are cooling down via provider antigravity","model":"gemini-3.7-flash-high","provider":"antigravity","reset_
2026-09-14 21:53:23,923 INFO HTTP Request: POST https://vps.lpzproxy.xyz/v1/chat/completions "HTTP/1.1 429 Too Many Requests"
2026-09-14 21:53:23,969 INFO HTTP Request: POST https://vps.lpzproxy.xyz/v1/chat/completions "HTTP/1.1 429 Too Many Requests"
2026-09-14 21:53:23,969 INFO HTTP Request: POST https://vps.lpzproxy.xyz/v1/chat/completions "HTTP/1.1 429 Too Many Requests"
2026-09-14 21:53:23,970 ERROR judge job failed after retries: API request failed after retries: retryable HTTP 429: {"error":{"code":"model_cooldown","message":"All credentials for model gemini-3.7-flash-high are cooling down via provider antigravity","model":"gemini-3.7-flash-high","provider":"antigravity","reset_
2026-09-14 21:53:23,970 ERROR judge job failed after retries: API request failed after retries: retryable HTTP 429: {"error":{"code":"model_cooldown","message":"All credentials for model gemini-3.7-flash-high are cooling down via provider antigravity","model":"gemini-3.7-flash-high","provider":"antigravity","reset_
2026-09-14 21:53:23,972 INFO HTTP Request: POST https://vps.lpzproxy.xyz/v1/chat/completions "HTTP/1.1 429 Too Many Requests"
2026-09-14 21:53:23,973 ERROR judge job failed after retries: API request failed after retries: retryable HTTP 429: {"error":{"code":"model_cooldown","message":"All credentials for model gemini-3.7-flash-high are cooling down via provider antigravity","model":"gemini-3.7-flash-high","provider":"antigravity","reset_
2026-09-14 21:53:24,087 INFO HTTP Request: POST https://vps.lpzproxy.xyz/v1/chat/completions "HTTP/1.1 429 Too Many Requests"
2026-09-14 21:53:24,087 ERROR judge job failed after retries: API request failed after retries: retryable HTTP 429: {"error":{"code":"model_cooldown","message":"All credentials for model gemini-3.7-flash-high are cooling down via provider antigravity","model":"gemini-3.7-flash-high","provider":"antigravity","reset_
2026-09-14 21:53:24,139 INFO HTTP Request: POST https://vps.lpzproxy.xyz/v1/chat/completions "HTTP/1.1 429 Too Many Requests"
2026-09-14 21:53:24,139 ERROR judge job failed after retries: API request failed after retries: retryable HTTP 429: {"error":{"code":"model_cooldown","message":"All credentials for model gemini-3.7-flash-high are cooling down via provider antigravity","model":"gemini-3.7-flash-high","provider":"antigravity","reset_
2026-09-14 21:53:24,269 INFO HTTP Request: POST https://vps.lpzproxy.xyz/v1/chat/completions "HTTP/1.1 429 Too Many Requests"
2026-09-14 21:53:24,269 ERROR judge job failed after retries: API request failed after retries: retryable HTTP 429: {"error":{"code":"model_cooldown","message":"All credentials for model gemini-3.7-flash-high are cooling down via provider antigravity","model":"gemini-3.7-flash-high","provider":"antigravity","reset_
2026-09-14 21:53:24,300 INFO HTTP Request: POST https://vps.lpzproxy.xyz/v1/chat/completions "HTTP/1.1 429 Too Many Requests"
2026-09-14 21:53:24,321 INFO HTTP Request: POST https://vps.lpzproxy.xyz/v1/chat/completions "HTTP/1.1 429 Too Many Requests"
2026-09-14 21:53:24,322 INFO HTTP Request: POST https://vps.lpzproxy.xyz/v1/chat/completions "HTTP/1.1 429 Too Many Requests"
2026-09-14 21:53:24,380 INFO HTTP Request: POST https://vps.lpzproxy.xyz/v1/chat/completions "HTTP/1.1 429 Too Many Requests"
2026-09-14 21:53:24,436 INFO HTTP Request: POST https://vps.lpzproxy.xyz/v1/chat/completions "HTTP/1.1 429 Too Many Requests"
2026-09-14 21:53:24,454 INFO HTTP Request: POST https://vps.lpzproxy.xyz/v1/chat/completions "HTTP/1.1 429 Too Many Requests"
2026-09-14 21:53:24,495 INFO HTTP Request: POST https://vps.lpzproxy.xyz/v1/chat/completions "HTTP/1.1 429 Too Many Requests"
2026-09-14 21:53:24,496 ERROR judge job failed after retries: API request failed after retries: retryable HTTP 429: {"error":{"code":"model_cooldown","message":"All credentials for model gemini-3.7-flash-high are cooling down via provider antigravity","model":"gemini-3.7-flash-high","provider":"antigravity","reset_
2026-09-14 21:53:24,510 INFO HTTP Request: POST https://vps.lpzproxy.xyz/v1/chat/completions "HTTP/1.1 429 Too Many Requests"
2026-09-14 21:53:24,511 ERROR judge job failed after retries: API request failed after retries: retryable HTTP 429: {"error":{"code":"model_cooldown","message":"All credentials for model gemini-3.7-flash-high are cooling down via provider antigravity","model":"gemini-3.7-flash-high","provider":"antigravity","reset_
2026-09-14 21:53:24,531 INFO HTTP Request: POST https://vps.lpzproxy.xyz/v1/chat/completions "HTTP/1.1 429 Too Many Requests"
2026-09-14 21:53:24,641 INFO HTTP Request: POST https://vps.lpzproxy.xyz/v1/chat/completions "HTTP/1.1 429 Too Many Requests"
2026-09-14 21:53:24,669 INFO HTTP Request: POST https://vps.lpzproxy.xyz/v1/chat/completions "HTTP/1.1 429 Too Many Requests"
2026-09-14 21:53:24,687 INFO HTTP Request: POST https://vps.lpzproxy.xyz/v1/chat/completions "HTTP/1.1 429 Too Many Requests"
2026-09-14 21:53:24,687 ERROR judge job failed after retries: API request failed after retries: retryable HTTP 429: {"error":{"code":"model_cooldown","message":"All credentials for model gemini-3.7-flash-high are cooling down via provider antigravity","model":"gemini-3.7-flash-high","provider":"antigravity","reset_
2026-09-14 21:53:24,709 INFO HTTP Request: POST https://vps.lpzproxy.xyz/v1/chat/completions "HTTP/1.1 429 Too Many Requests"
2026-09-14 21:53:24,725 INFO HTTP Request: POST https://vps.lpzproxy.xyz/v1/chat/completions "HTTP/1.1 429 Too Many Requests"
2026-09-14 21:53:24,726 ERROR judge job failed after retries: API request failed after retries: retryable HTTP 429: {"error":{"code":"model_cooldown","message":"All credentials for model gemini-3.7-flash-high are cooling down via provider antigravity","model":"gemini-3.7-flash-high","provider":"antigravity","reset_
2026-09-14 21:53:24,739 INFO HTTP Request: POST https://vps.lpzproxy.xyz/v1/chat/completions "HTTP/1.1 429 Too Many Requests"
2026-09-14 21:53:24,741 INFO HTTP Request: POST https://vps.lpzproxy.xyz/v1/chat/completions "HTTP/1.1 429 Too Many Requests"
2026-09-14 21:53:24,743 INFO HTTP Request: POST https://vps.lpzproxy.xyz/v1/chat/completions "HTTP/1.1 429 Too Many Requests"
2026-09-14 21:53:24,896 INFO HTTP Request: POST https://vps.lpzproxy.xyz/v1/chat/completions "HTTP/1.1 429 Too Many Requests"
2026-09-14 21:53:24,906 INFO HTTP Request: POST https://vps.lpzproxy.xyz/v1/chat/completions "HTTP/1.1 429 Too Many Requests"
2026-09-14 21:53:24,916 INFO HTTP Request: POST https://vps.lpzproxy.xyz/v1/chat/completions "HTTP/1.1 429 Too Many Requests"
2026-09-14 21:53:24,966 INFO HTTP Request: POST https://vps.lpzproxy.xyz/v1/chat/completions "HTTP/1.1 429 Too Many Requests"
2026-09-14 21:53:24,975 INFO HTTP Request: POST https://vps.lpzproxy.xyz/v1/chat/completions "HTTP/1.1 429 Too Many Requests"
2026-09-14 21:53:24,983 INFO HTTP Request: POST https://vps.lpzproxy.xyz/v1/chat/completions "HTTP/1.1 429 Too Many Requests"
2026-09-14 21:53:25,123 INFO HTTP Request: POST https://vps.lpzproxy.xyz/v1/chat/completions "HTTP/1.1 429 Too Many Requests"
2026-09-14 21:53:25,168 INFO HTTP Request: POST https://vps.lpzproxy.xyz/v1/chat/completions "HTTP/1.1 429 Too Many Requests"
2026-09-14 21:53:25,169 ERROR judge job failed after retries: API request failed after retries: retryable HTTP 429: {"error":{"code":"model_cooldown","message":"All credentials for model gemini-3.7-flash-high are cooling down via provider antigravity","model":"gemini-3.7-flash-high","provider":"antigravity","reset_
2026-09-14 21:53:25,188 INFO HTTP Request: POST https://vps.lpzproxy.xyz/v1/chat/completions "HTTP/1.1 429 Too Many Requests"
2026-09-14 21:53:25,218 INFO HTTP Request: POST https://vps.lpzproxy.xyz/v1/chat/completions "HTTP/1.1 429 Too Many Requests"
2026-09-14 21:53:25,248 INFO HTTP Request: POST https://vps.lpzproxy.xyz/v1/chat/completions "HTTP/1.1 429 Too Many Requests"
2026-09-14 21:53:25,282 INFO HTTP Request: POST https://vps.lpzproxy.xyz/v1/chat/completions "HTTP/1.1 429 Too Many Requests"
2026-09-14 21:53:25,388 INFO HTTP Request: POST https://vps.lpzproxy.xyz/v1/chat/completions "HTTP/1.1 429 Too Many Requests"
2026-09-14 21:53:25,459 INFO HTTP Request: POST https://vps.lpzproxy.xyz/v1/chat/completions "HTTP/1.1 429 Too Many Requests"
2026-09-14 21:53:25,490 INFO HTTP Request: POST https://vps.lpzproxy.xyz/v1/chat/completions "HTTP/1.1 429 Too Many Requests"
2026-09-14 21:53:25,528 INFO HTTP Request: POST https://vps.lpzproxy.xyz/v1/chat/completions "HTTP/1.1 429 Too Many Requests"
2026-09-14 21:53:25,625 INFO HTTP Request: POST https://vps.lpzproxy.xyz/v1/chat/completions "HTTP/1.1 429 Too Many Requests"
2026-09-14 21:53:25,645 INFO HTTP Request: POST https://vps.lpzproxy.xyz/v1/chat/completions "HTTP/1.1 429 Too Many Requests"
2026-09-14 21:53:25,646 INFO HTTP Request: POST https://vps.lpzproxy.xyz/v1/chat/completions "HTTP/1.1 429 Too Many Requests"
2026-09-14 21:53:25,700 INFO HTTP Request: POST https://vps.lpzproxy.xyz/v1/chat/completions "HTTP/1.1 429 Too Many Requests"
2026-09-14 21:53:25,887 INFO HTTP Request: POST https://vps.lpzproxy.xyz/v1/chat/completions "HTTP/1.1 429 Too Many Requests"
2026-09-14 21:53:25,905 INFO HTTP Request: POST https://vps.lpzproxy.xyz/v1/chat/completions "HTTP/1.1 429 Too Many Requests"
2026-09-14 21:53:25,933 INFO HTTP Request: POST https://vps.lpzproxy.xyz/v1/chat/completions "HTTP/1.1 429 Too Many Requests"
2026-09-14 21:53:25,967 INFO HTTP Request: POST https://vps.lpzproxy.xyz/v1/chat/completions "HTTP/1.1 429 Too Many Requests"
2026-09-14 21:53:25,977 INFO HTTP Request: POST https://vps.lpzproxy.xyz/v1/chat/completions "HTTP/1.1 429 Too Many Requests"
2026-09-14 21:53:25,989 INFO HTTP Request: POST https://vps.lpzproxy.xyz/v1/chat/completions "HTTP/1.1 429 Too Many Requests"
2026-09-14 21:53:26,070 INFO HTTP Request: POST https://vps.lpzproxy.xyz/v1/chat/completions "HTTP/1.1 429 Too Many Requests"
2026-09-14 21:53:26,086 INFO HTTP Request: POST https://vps.lpzproxy.xyz/v1/chat/completions "HTTP/1.1 429 Too Many Requests"
2026-09-14 21:53:26,335 INFO HTTP Request: POST https://vps.lpzproxy.xyz/v1/chat/completions "HTTP/1.1 429 Too Many Requests"
2026-09-14 21:53:26,367 INFO HTTP Request: POST https://vps.lpzproxy.xyz/v1/chat/completions "HTTP/1.1 429 Too Many Requests"
2026-09-14 21:53:26,393 INFO HTTP Request: POST https://vps.lpzproxy.xyz/v1/chat/completions "HTTP/1.1 429 Too Many Requests"
2026-09-14 21:53:26,447 INFO HTTP Request: POST https://vps.lpzproxy.xyz/v1/chat/completions "HTTP/1.1 429 Too Many Requests"
2026-09-14 21:53:26,461 INFO HTTP Request: POST https://vps.lpzproxy.xyz/v1/chat/completions "HTTP/1.1 429 Too Many Requests"
2026-09-14 21:53:26,557 INFO HTTP Request: POST https://vps.lpzproxy.xyz/v1/chat/completions "HTTP/1.1 429 Too Many Requests"
2026-09-14 21:53:26,557 INFO HTTP Request: POST https://vps.lpzproxy.xyz/v1/chat/completions "HTTP/1.1 429 Too Many Requests"
2026-09-14 21:53:26,625 INFO HTTP Request: POST https://vps.lpzproxy.xyz/v1/chat/completions "HTTP/1.1 429 Too Many Requests"
2026-09-14 21:53:26,635 INFO HTTP Request: POST https://vps.lpzproxy.xyz/v1/chat/completions "HTTP/1.1 429 Too Many Requests"
2026-09-14 21:53:26,686 INFO HTTP Request: POST https://vps.lpzproxy.xyz/v1/chat/completions "HTTP/1.1 429 Too Many Requests"
2026-09-14 21:53:26,716 INFO HTTP Request: POST https://vps.lpzproxy.xyz/v1/chat/completions "HTTP/1.1 429 Too Many Requests"
2026-09-14 21:53:26,722 INFO HTTP Request: POST https://vps.lpzproxy.xyz/v1/chat/completions "HTTP/1.1 429 Too Many Requests"
2026-09-14 21:53:26,941 INFO HTTP Request: POST https://vps.lpzproxy.xyz/v1/chat/completions "HTTP/1.1 429 Too Many Requests"
2026-09-14 21:53:26,942 INFO HTTP Request: POST https://vps.lpzproxy.xyz/v1/chat/completions "HTTP/1.1 429 Too Many Requests"
2026-09-14 21:53:26,971 INFO HTTP Request: POST https://vps.lpzproxy.xyz/v1/chat/completions "HTTP/1.1 429 Too Many Requests"
2026-09-14 21:53:27,127 INFO HTTP Request: POST https://vps.lpzproxy.xyz/v1/chat/completions "HTTP/1.1 429 Too Many Requests"
2026-09-14 21:53:27,255 INFO HTTP Request: POST https://vps.lpzproxy.xyz/v1/chat/completions "HTTP/1.1 429 Too Many Requests"
2026-09-14 21:53:27,416 INFO HTTP Request: POST https://vps.lpzproxy.xyz/v1/chat/completions "HTTP/1.1 429 Too Many Requests"
2026-09-14 21:53:27,432 INFO HTTP Request: POST https://vps.lpzproxy.xyz/v1/chat/completions "HTTP/1.1 429 Too Many Requests"
2026-09-14 21:53:27,496 INFO HTTP Request: POST https://vps.lpzproxy.xyz/v1/chat/completions "HTTP/1.1 429 Too Many Requests"
2026-09-14 21:53:27,592 INFO HTTP Request: POST https://vps.lpzproxy.xyz/v1/chat/completions "HTTP/1.1 429 Too Many Requests"
2026-09-14 21:53:27,665 INFO HTTP Request: POST https://vps.lpzproxy.xyz/v1/chat/completions "HTTP/1.1 429 Too Many Requests"
2026-09-14 21:53:27,670 INFO HTTP Request: POST https://vps.lpzproxy.xyz/v1/chat/completions "HTTP/1.1 429 Too Many Requests"
2026-09-14 21:53:27,865 INFO HTTP Request: POST https://vps.lpzproxy.xyz/v1/chat/completions "HTTP/1.1 429 Too Many Requests"
2026-09-14 21:53:27,887 INFO HTTP Request: POST https://vps.lpzproxy.xyz/v1/chat/completions "HTTP/1.1 429 Too Many Requests"
2026-09-14 21:53:27,902 INFO HTTP Request: POST https://vps.lpzproxy.xyz/v1/chat/completions "HTTP/1.1 429 Too Many Requests"
2026-09-14 21:53:28,010 INFO HTTP Request: POST https://vps.lpzproxy.xyz/v1/chat/completions "HTTP/1.1 429 Too Many Requests"
2026-09-14 21:53:28,010 INFO HTTP Request: POST https://vps.lpzproxy.xyz/v1/chat/completions "HTTP/1.1 429 Too Many Requests"
2026-09-14 21:53:28,015 INFO HTTP Request: POST https://vps.lpzproxy.xyz/v1/chat/completions "HTTP/1.1 429 Too Many Requests"
2026-09-14 21:53:28,210 INFO HTTP Request: POST https://vps.lpzproxy.xyz/v1/chat/completions "HTTP/1.1 429 Too Many Requests"
2026-09-14 21:53:28,220 INFO HTTP Request: POST https://vps.lpzproxy.xyz/v1/chat/completions "HTTP/1.1 429 Too Many Requests"
2026-09-14 21:53:28,265 INFO HTTP Request: POST https://vps.lpzproxy.xyz/v1/chat/completions "HTTP/1.1 429 Too Many Requests"
2026-09-14 21:53:28,340 INFO HTTP Request: POST https://vps.lpzproxy.xyz/v1/chat/completions "HTTP/1.1 429 Too Many Requests"
2026-09-14 21:53:28,448 INFO HTTP Request: POST https://vps.lpzproxy.xyz/v1/chat/completions "HTTP/1.1 429 Too Many Requests"
2026-09-14 21:53:28,466 INFO HTTP Request: POST https://vps.lpzproxy.xyz/v1/chat/completions "HTTP/1.1 429 Too Many Requests"
2026-09-14 21:53:28,515 INFO HTTP Request: POST https://vps.lpzproxy.xyz/v1/chat/completions "HTTP/1.1 429 Too Many Requests"
2026-09-14 21:53:28,858 INFO HTTP Request: POST https://vps.lpzproxy.xyz/v1/chat/completions "HTTP/1.1 429 Too Many Requests"
2026-09-14 21:53:28,992 INFO HTTP Request: POST https://vps.lpzproxy.xyz/v1/chat/completions "HTTP/1.1 429 Too Many Requests"
2026-09-14 21:53:29,090 INFO HTTP Request: POST https://vps.lpzproxy.xyz/v1/chat/completions "HTTP/1.1 429 Too Many Requests"
2026-09-14 21:53:29,107 INFO HTTP Request: POST https://vps.lpzproxy.xyz/v1/chat/completions "HTTP/1.1 429 Too Many Requests"
2026-09-14 21:53:29,167 INFO HTTP Request: POST https://vps.lpzproxy.xyz/v1/chat/completions "HTTP/1.1 429 Too Many Requests"
2026-09-14 21:53:29,256 INFO HTTP Request: POST https://vps.lpzproxy.xyz/v1/chat/completions "HTTP/1.1 429 Too Many Requests"
2026-09-14 21:53:29,299 INFO HTTP Request: POST https://vps.lpzproxy.xyz/v1/chat/completions "HTTP/1.1 429 Too Many Requests"
2026-09-14 21:53:29,362 INFO HTTP Request: POST https://vps.lpzproxy.xyz/v1/chat/completions "HTTP/1.1 429 Too Many Requests"
2026-09-14 21:53:29,405 INFO HTTP Request: POST https://vps.lpzproxy.xyz/v1/chat/completions "HTTP/1.1 429 Too Many Requests"
2026-09-14 21:53:29,415 INFO HTTP Request: POST https://vps.lpzproxy.xyz/v1/chat/completions "HTTP/1.1 429 Too Many Requests"
2026-09-14 21:53:29,423 INFO HTTP Request: POST https://vps.lpzproxy.xyz/v1/chat/completions "HTTP/1.1 429 Too Many Requests"
2026-09-14 21:53:29,435 INFO HTTP Request: POST https://vps.lpzproxy.xyz/v1/chat/completions "HTTP/1.1 429 Too Many Requests"
2026-09-14 21:53:29,518 INFO HTTP Request: POST https://vps.lpzproxy.xyz/v1/chat/completions "HTTP/1.1 429 Too Many Requests"
2026-09-14 21:53:29,535 INFO HTTP Request: POST https://vps.lpzproxy.xyz/v1/chat/completions "HTTP/1.1 429 Too Many Requests"
2026-09-14 21:53:29,567 INFO HTTP Request: POST https://vps.lpzproxy.xyz/v1/chat/completions "HTTP/1.1 429 Too Many Requests"
2026-09-14 21:53:29,756 INFO HTTP Request: POST https://vps.lpzproxy.xyz/v1/chat/completions "HTTP/1.1 429 Too Many Requests"
2026-09-14 21:53:29,772 INFO HTTP Request: POST https://vps.lpzproxy.xyz/v1/chat/completions "HTTP/1.1 429 Too Many Requests"
2026-09-14 21:53:29,886 INFO HTTP Request: POST https://vps.lpzproxy.xyz/v1/chat/completions "HTTP/1.1 429 Too Many Requests"
2026-09-14 21:53:30,137 INFO HTTP Request: POST https://vps.lpzproxy.xyz/v1/chat/completions "HTTP/1.1 429 Too Many Requests"
2026-09-14 21:53:30,256 INFO HTTP Request: POST https://vps.lpzproxy.xyz/v1/chat/completions "HTTP/1.1 429 Too Many Requests"
2026-09-14 21:53:30,260 INFO HTTP Request: POST https://vps.lpzproxy.xyz/v1/chat/completions "HTTP/1.1 429 Too Many Requests"
2026-09-14 21:53:30,269 INFO HTTP Request: POST https://vps.lpzproxy.xyz/v1/chat/completions "HTTP/1.1 429 Too Many Requests"
2026-09-14 21:53:30,556 INFO HTTP Request: POST https://vps.lpzproxy.xyz/v1/chat/completions "HTTP/1.1 429 Too Many Requests"
2026-09-14 21:53:30,687 INFO HTTP Request: POST https://vps.lpzproxy.xyz/v1/chat/completions "HTTP/1.1 429 Too Many Requests"
2026-09-14 21:53:30,720 INFO HTTP Request: POST https://vps.lpzproxy.xyz/v1/chat/completions "HTTP/1.1 429 Too Many Requests"
2026-09-14 21:53:30,861 INFO HTTP Request: POST https://vps.lpzproxy.xyz/v1/chat/completions "HTTP/1.1 429 Too Many Requests"
2026-09-14 21:53:31,114 INFO HTTP Request: POST https://vps.lpzproxy.xyz/v1/chat/completions "HTTP/1.1 429 Too Many Requests"
2026-09-14 21:53:31,180 INFO HTTP Request: POST https://vps.lpzproxy.xyz/v1/chat/completions "HTTP/1.1 429 Too Many Requests"
2026-09-14 21:53:31,184 INFO HTTP Request: POST https://vps.lpzproxy.xyz/v1/chat/completions "HTTP/1.1 429 Too Many Requests"
2026-09-14 21:53:31,246 INFO HTTP Request: POST https://vps.lpzproxy.xyz/v1/chat/completions "HTTP/1.1 429 Too Many Requests"
2026-09-14 21:53:31,262 INFO HTTP Request: POST https://vps.lpzproxy.xyz/v1/chat/completions "HTTP/1.1 429 Too Many Requests"
2026-09-14 21:53:31,495 INFO HTTP Request: POST https://vps.lpzproxy.xyz/v1/chat/completions "HTTP/1.1 429 Too Many Requests"
2026-09-14 21:53:32,022 INFO HTTP Request: POST https://vps.lpzproxy.xyz/v1/chat/completions "HTTP/1.1 429 Too Many Requests"
2026-09-14 21:53:32,822 INFO HTTP Request: POST https://vps.lpzproxy.xyz/v1/chat/completions "HTTP/1.1 429 Too Many Requests"
2026-09-14 21:53:32,845 INFO HTTP Request: POST https://vps.lpzproxy.xyz/v1/chat/completions "HTTP/1.1 429 Too Many Requests"
2026-09-14 21:53:33,052 INFO HTTP Request: POST https://vps.lpzproxy.xyz/v1/chat/completions "HTTP/1.1 429 Too Many Requests"
2026-09-14 21:53:33,255 INFO HTTP Request: POST https://vps.lpzproxy.xyz/v1/chat/completions "HTTP/1.1 429 Too Many Requests"
2026-09-14 21:53:33,266 INFO HTTP Request: POST https://vps.lpzproxy.xyz/v1/chat/completions "HTTP/1.1 429 Too Many Requests"
2026-09-14 21:53:33,415 INFO HTTP Request: POST https://vps.lpzproxy.xyz/v1/chat/completions "HTTP/1.1 429 Too Many Requests"
2026-09-14 21:53:33,773 INFO HTTP Request: POST https://vps.lpzproxy.xyz/v1/chat/completions "HTTP/1.1 429 Too Many Requests"
2026-09-14 21:53:33,814 INFO HTTP Request: POST https://vps.lpzproxy.xyz/v1/chat/completions "HTTP/1.1 429 Too Many Requests"
2026-09-14 21:53:33,869 INFO HTTP Request: POST https://vps.lpzproxy.xyz/v1/chat/completions "HTTP/1.1 429 Too Many Requests"
2026-09-14 21:53:34,019 INFO HTTP Request: POST https://vps.lpzproxy.xyz/v1/chat/completions "HTTP/1.1 429 Too Many Requests"
2026-09-14 21:53:34,047 INFO HTTP Request: POST https://vps.lpzproxy.xyz/v1/chat/completions "HTTP/1.1 429 Too Many Requests"
2026-09-14 21:53:34,066 INFO HTTP Request: POST https://vps.lpzproxy.xyz/v1/chat/completions "HTTP/1.1 429 Too Many Requests"
2026-09-14 21:53:34,097 INFO HTTP Request: POST https://vps.lpzproxy.xyz/v1/chat/completions "HTTP/1.1 429 Too Many Requests"
2026-09-14 21:53:34,098 INFO HTTP Request: POST https://vps.lpzproxy.xyz/v1/chat/completions "HTTP/1.1 429 Too Many Requests"
2026-09-14 21:53:34,238 INFO HTTP Request: POST https://vps.lpzproxy.xyz/v1/chat/completions "HTTP/1.1 429 Too Many Requests"
2026-09-14 21:53:34,251 INFO HTTP Request: POST https://vps.lpzproxy.xyz/v1/chat/completions "HTTP/1.1 429 Too Many Requests"
2026-09-14 21:53:34,271 INFO HTTP Request: POST https://vps.lpzproxy.xyz/v1/chat/completions "HTTP/1.1 429 Too Many Requests"
2026-09-14 21:53:34,274 INFO HTTP Request: POST https://vps.lpzproxy.xyz/v1/chat/completions "HTTP/1.1 429 Too Many Requests"
2026-09-14 21:53:34,499 INFO HTTP Request: POST https://vps.lpzproxy.xyz/v1/chat/completions "HTTP/1.1 429 Too Many Requests"
2026-09-14 21:53:34,595 INFO HTTP Request: POST https://vps.lpzproxy.xyz/v1/chat/completions "HTTP/1.1 429 Too Many Requests"
2026-09-14 21:53:34,725 INFO HTTP Request: POST https://vps.lpzproxy.xyz/v1/chat/completions "HTTP/1.1 429 Too Many Requests"
2026-09-14 21:53:34,846 INFO HTTP Request: POST https://vps.lpzproxy.xyz/v1/chat/completions "HTTP/1.1 429 Too Many Requests"
2026-09-14 21:53:35,025 INFO HTTP Request: POST https://vps.lpzproxy.xyz/v1/chat/completions "HTTP/1.1 429 Too Many Requests"
2026-09-14 21:53:35,035 INFO HTTP Request: POST https://vps.lpzproxy.xyz/v1/chat/completions "HTTP/1.1 429 Too Many Requests"
2026-09-14 21:53:35,099 INFO HTTP Request: POST https://vps.lpzproxy.xyz/v1/chat/completions "HTTP/1.1 429 Too Many Requests"
2026-09-14 21:53:35,120 INFO HTTP Request: POST https://vps.lpzproxy.xyz/v1/chat/completions "HTTP/1.1 429 Too Many Requests"
2026-09-14 21:53:35,264 INFO HTTP Request: POST https://vps.lpzproxy.xyz/v1/chat/completions "HTTP/1.1 429 Too Many Requests"
2026-09-14 21:53:35,266 INFO HTTP Request: POST https://vps.lpzproxy.xyz/v1/chat/completions "HTTP/1.1 429 Too Many Requests"
2026-09-14 21:53:35,448 INFO HTTP Request: POST https://vps.lpzproxy.xyz/v1/chat/completions "HTTP/1.1 429 Too Many Requests"
2026-09-14 21:53:35,454 INFO HTTP Request: POST https://vps.lpzproxy.xyz/v1/chat/completions "HTTP/1.1 429 Too Many Requests"
2026-09-14 21:53:35,485 INFO HTTP Request: POST https://vps.lpzproxy.xyz/v1/chat/completions "HTTP/1.1 429 Too Many Requests"
2026-09-14 21:53:36,004 INFO HTTP Request: POST https://vps.lpzproxy.xyz/v1/chat/completions "HTTP/1.1 429 Too Many Requests"
2026-09-14 21:53:36,170 INFO HTTP Request: POST https://vps.lpzproxy.xyz/v1/chat/completions "HTTP/1.1 429 Too Many Requests"
2026-09-14 21:53:36,180 INFO HTTP Request: POST https://vps.lpzproxy.xyz/v1/chat/completions "HTTP/1.1 429 Too Many Requests"
2026-09-14 21:53:36,211 INFO HTTP Request: POST https://vps.lpzproxy.xyz/v1/chat/completions "HTTP/1.1 429 Too Many Requests"
2026-09-14 21:53:36,250 INFO HTTP Request: POST https://vps.lpzproxy.xyz/v1/chat/completions "HTTP/1.1 429 Too Many Requests"
2026-09-14 21:53:36,325 INFO HTTP Request: POST https://vps.lpzproxy.xyz/v1/chat/completions "HTTP/1.1 429 Too Many Requests"
2026-09-14 21:53:36,329 INFO HTTP Request: POST https://vps.lpzproxy.xyz/v1/chat/completions "HTTP/1.1 429 Too Many Requests"
2026-09-14 21:53:37,039 INFO HTTP Request: POST https://vps.lpzproxy.xyz/v1/chat/completions "HTTP/1.1 429 Too Many Requests"
2026-09-14 21:53:37,095 INFO HTTP Request: POST https://vps.lpzproxy.xyz/v1/chat/completions "HTTP/1.1 429 Too Many Requests"
2026-09-14 21:53:42,986 INFO HTTP Request: POST https://vps.lpzproxy.xyz/v1/chat/completions "HTTP/1.1 429 Too Many Requests"
2026-09-14 21:53:42,987 ERROR judge job failed after retries: API request failed after retries: retryable HTTP 429: {"error":{"code":"model_cooldown","message":"All credentials for model gemini-3.7-flash-high are cooling down via provider antigravity","model":"gemini-3.7-flash-high","provider":"antigravity","reset_
2026-09-14 21:53:43,026 INFO HTTP Request: POST https://vps.lpzproxy.xyz/v1/chat/completions "HTTP/1.1 429 Too Many Requests"
2026-09-14 21:53:43,026 ERROR judge job failed after retries: API request failed after retries: retryable HTTP 429: {"error":{"code":"model_cooldown","message":"All credentials for model gemini-3.7-flash-high are cooling down via provider antigravity","model":"gemini-3.7-flash-high","provider":"antigravity","reset_
2026-09-14 21:53:43,062 INFO HTTP Request: POST https://vps.lpzproxy.xyz/v1/chat/completions "HTTP/1.1 429 Too Many Requests"
2026-09-14 21:53:43,062 ERROR judge job failed after retries: API request failed after retries: retryable HTTP 429: {"error":{"code":"model_cooldown","message":"All credentials for model gemini-3.7-flash-high are cooling down via provider antigravity","model":"gemini-3.7-flash-high","provider":"antigravity","reset_
2026-09-14 21:53:43,144 INFO HTTP Request: POST https://vps.lpzproxy.xyz/v1/chat/completions "HTTP/1.1 429 Too Many Requests"
2026-09-14 21:53:43,144 ERROR judge job failed after retries: API request failed after retries: retryable HTTP 429: {"error":{"code":"model_cooldown","message":"All credentials for model gemini-3.7-flash-high are cooling down via provider antigravity","model":"gemini-3.7-flash-high","provider":"antigravity","reset_
2026-09-14 21:53:43,203 INFO HTTP Request: POST https://vps.lpzproxy.xyz/v1/chat/completions "HTTP/1.1 429 Too Many Requests"
2026-09-14 21:53:43,204 ERROR judge job failed after retries: API request failed after retries: retryable HTTP 429: {"error":{"code":"model_cooldown","message":"All credentials for model gemini-3.7-flash-high are cooling down via provider antigravity","model":"gemini-3.7-flash-high","provider":"antigravity","reset_
2026-09-14 21:53:43,246 INFO HTTP Request: POST https://vps.lpzproxy.xyz/v1/chat/completions "HTTP/1.1 429 Too Many Requests"
2026-09-14 21:53:43,246 ERROR judge job failed after retries: API request failed after retries: retryable HTTP 429: {"error":{"code":"model_cooldown","message":"All credentials for model gemini-3.7-flash-high are cooling down via provider antigravity","model":"gemini-3.7-flash-high","provider":"antigravity","reset_
2026-09-14 21:53:43,600 INFO HTTP Request: POST https://vps.lpzproxy.xyz/v1/chat/completions "HTTP/1.1 429 Too Many Requests"
2026-09-14 21:53:43,600 ERROR judge job failed after retries: API request failed after retries: retryable HTTP 429: {"error":{"code":"model_cooldown","message":"All credentials for model gemini-3.7-flash-high are cooling down via provider antigravity","model":"gemini-3.7-flash-high","provider":"antigravity","reset_
2026-09-14 21:53:43,645 INFO HTTP Request: POST https://vps.lpzproxy.xyz/v1/chat/completions "HTTP/1.1 429 Too Many Requests"
2026-09-14 21:53:43,645 ERROR judge job failed after retries: API request failed after retries: retryable HTTP 429: {"error":{"code":"model_cooldown","message":"All credentials for model gemini-3.7-flash-high are cooling down via provider antigravity","model":"gemini-3.7-flash-high","provider":"antigravity","reset_
2026-09-14 21:53:43,751 INFO HTTP Request: POST https://vps.lpzproxy.xyz/v1/chat/completions "HTTP/1.1 429 Too Many Requests"
2026-09-14 21:53:43,752 ERROR judge job failed after retries: API request failed after retries: retryable HTTP 429: {"error":{"code":"model_cooldown","message":"All credentials for model gemini-3.7-flash-high are cooling down via provider antigravity","model":"gemini-3.7-flash-high","provider":"antigravity","reset_
2026-09-14 21:53:43,865 INFO HTTP Request: POST https://vps.lpzproxy.xyz/v1/chat/completions "HTTP/1.1 429 Too Many Requests"
2026-09-14 21:53:43,865 ERROR judge job failed after retries: API request failed after retries: retryable HTTP 429: {"error":{"code":"model_cooldown","message":"All credentials for model gemini-3.7-flash-high are cooling down via provider antigravity","model":"gemini-3.7-flash-high","provider":"antigravity","reset_
2026-09-14 21:53:43,968 INFO HTTP Request: POST https://vps.lpzproxy.xyz/v1/chat/completions "HTTP/1.1 429 Too Many Requests"
2026-09-14 21:53:43,969 ERROR judge job failed after retries: API request failed after retries: retryable HTTP 429: {"error":{"code":"model_cooldown","message":"All credentials for model gemini-3.7-flash-high are cooling down via provider antigravity","model":"gemini-3.7-flash-high","provider":"antigravity","reset_
2026-09-14 21:53:44,232 INFO HTTP Request: POST https://vps.lpzproxy.xyz/v1/chat/completions "HTTP/1.1 429 Too Many Requests"
2026-09-14 21:53:44,233 ERROR judge job failed after retries: API request failed after retries: retryable HTTP 429: {"error":{"code":"model_cooldown","message":"All credentials for model gemini-3.7-flash-high are cooling down via provider antigravity","model":"gemini-3.7-flash-high","provider":"antigravity","reset_
2026-09-14 21:53:44,299 INFO HTTP Request: POST https://vps.lpzproxy.xyz/v1/chat/completions "HTTP/1.1 429 Too Many Requests"
2026-09-14 21:53:44,300 ERROR judge job failed after retries: API request failed after retries: retryable HTTP 429: {"error":{"code":"model_cooldown","message":"All credentials for model gemini-3.7-flash-high are cooling down via provider antigravity","model":"gemini-3.7-flash-high","provider":"antigravity","reset_
2026-09-14 21:53:44,322 INFO HTTP Request: POST https://vps.lpzproxy.xyz/v1/chat/completions "HTTP/1.1 429 Too Many Requests"
2026-09-14 21:53:44,323 ERROR judge job failed after retries: API request failed after retries: retryable HTTP 429: {"error":{"code":"model_cooldown","message":"All credentials for model gemini-3.7-flash-high are cooling down via provider antigravity","model":"gemini-3.7-flash-high","provider":"antigravity","reset_
2026-09-14 21:53:44,331 INFO HTTP Request: POST https://vps.lpzproxy.xyz/v1/chat/completions "HTTP/1.1 429 Too Many Requests"
2026-09-14 21:53:44,331 ERROR judge job failed after retries: API request failed after retries: retryable HTTP 429: {"error":{"code":"model_cooldown","message":"All credentials for model gemini-3.7-flash-high are cooling down via provider antigravity","model":"gemini-3.7-flash-high","provider":"antigravity","reset_
2026-09-14 21:53:44,365 INFO HTTP Request: POST https://vps.lpzproxy.xyz/v1/chat/completions "HTTP/1.1 429 Too Many Requests"
2026-09-14 21:53:44,366 ERROR judge job failed after retries: API request failed after retries: retryable HTTP 429: {"error":{"code":"model_cooldown","message":"All credentials for model gemini-3.7-flash-high are cooling down via provider antigravity","model":"gemini-3.7-flash-high","provider":"antigravity","reset_
2026-09-14 21:53:44,378 INFO HTTP Request: POST https://vps.lpzproxy.xyz/v1/chat/completions "HTTP/1.1 429 Too Many Requests"
2026-09-14 21:53:44,412 INFO HTTP Request: POST https://vps.lpzproxy.xyz/v1/chat/completions "HTTP/1.1 429 Too Many Requests"
2026-09-14 21:53:44,431 INFO HTTP Request: POST https://vps.lpzproxy.xyz/v1/chat/completions "HTTP/1.1 429 Too Many Requests"
2026-09-14 21:53:44,431 ERROR judge job failed after retries: API request failed after retries: retryable HTTP 429: {"error":{"code":"model_cooldown","message":"All credentials for model gemini-3.7-flash-high are cooling down via provider antigravity","model":"gemini-3.7-flash-high","provider":"antigravity","reset_
2026-09-14 21:53:44,433 INFO HTTP Request: POST https://vps.lpzproxy.xyz/v1/chat/completions "HTTP/1.1 429 Too Many Requests"
2026-09-14 21:53:44,433 ERROR judge job failed after retries: API request failed after retries: retryable HTTP 429: {"error":{"code":"model_cooldown","message":"All credentials for model gemini-3.7-flash-high are cooling down via provider antigravity","model":"gemini-3.7-flash-high","provider":"antigravity","reset_
2026-09-14 21:53:44,451 INFO HTTP Request: POST https://vps.lpzproxy.xyz/v1/chat/completions "HTTP/1.1 429 Too Many Requests"
2026-09-14 21:53:44,535 INFO HTTP Request: POST https://vps.lpzproxy.xyz/v1/chat/completions "HTTP/1.1 429 Too Many Requests"
2026-09-14 21:53:44,564 INFO HTTP Request: POST https://vps.lpzproxy.xyz/v1/chat/completions "HTTP/1.1 429 Too Many Requests"
2026-09-14 21:53:44,565 ERROR judge job failed after retries: API request failed after retries: retryable HTTP 429: {"error":{"code":"model_cooldown","message":"All credentials for model gemini-3.7-flash-high are cooling down via provider antigravity","model":"gemini-3.7-flash-high","provider":"antigravity","reset_
2026-09-14 21:53:44,579 INFO HTTP Request: POST https://vps.lpzproxy.xyz/v1/chat/completions "HTTP/1.1 429 Too Many Requests"
2026-09-14 21:53:44,580 INFO HTTP Request: POST https://vps.lpzproxy.xyz/v1/chat/completions "HTTP/1.1 429 Too Many Requests"
2026-09-14 21:53:44,581 ERROR judge job failed after retries: API request failed after retries: retryable HTTP 429: {"error":{"code":"model_cooldown","message":"All credentials for model gemini-3.7-flash-high are cooling down via provider antigravity","model":"gemini-3.7-flash-high","provider":"antigravity","reset_
2026-09-14 21:53:44,622 INFO HTTP Request: POST https://vps.lpzproxy.xyz/v1/chat/completions "HTTP/1.1 429 Too Many Requests"
2026-09-14 21:53:44,622 ERROR judge job failed after retries: API request failed after retries: retryable HTTP 429: {"error":{"code":"model_cooldown","message":"All credentials for model gemini-3.7-flash-high are cooling down via provider antigravity","model":"gemini-3.7-flash-high","provider":"antigravity","reset_
2026-09-14 21:53:44,686 INFO HTTP Request: POST https://vps.lpzproxy.xyz/v1/chat/completions "HTTP/1.1 429 Too Many Requests"
2026-09-14 21:53:44,735 INFO HTTP Request: POST https://vps.lpzproxy.xyz/v1/chat/completions "HTTP/1.1 429 Too Many Requests"
2026-09-14 21:53:44,735 ERROR judge job failed after retries: API request failed after retries: retryable HTTP 429: {"error":{"code":"model_cooldown","message":"All credentials for model gemini-3.7-flash-high are cooling down via provider antigravity","model":"gemini-3.7-flash-high","provider":"antigravity","reset_
2026-09-14 21:53:44,849 INFO HTTP Request: POST https://vps.lpzproxy.xyz/v1/chat/completions "HTTP/1.1 429 Too Many Requests"
2026-09-14 21:53:44,849 ERROR judge job failed after retries: API request failed after retries: retryable HTTP 429: {"error":{"code":"model_cooldown","message":"All credentials for model gemini-3.7-flash-high are cooling down via provider antigravity","model":"gemini-3.7-flash-high","provider":"antigravity","reset_
2026-09-14 21:53:44,866 INFO HTTP Request: POST https://vps.lpzproxy.xyz/v1/chat/completions "HTTP/1.1 429 Too Many Requests"
2026-09-14 21:53:44,866 ERROR judge job failed after retries: API request failed after retries: retryable HTTP 429: {"error":{"code":"model_cooldown","message":"All credentials for model gemini-3.7-flash-high are cooling down via provider antigravity","model":"gemini-3.7-flash-high","provider":"antigravity","reset_
2026-09-14 21:53:44,869 INFO HTTP Request: POST https://vps.lpzproxy.xyz/v1/chat/completions "HTTP/1.1 429 Too Many Requests"
2026-09-14 21:53:44,870 ERROR judge job failed after retries: API request failed after retries: retryable HTTP 429: {"error":{"code":"model_cooldown","message":"All credentials for model gemini-3.7-flash-high are cooling down via provider antigravity","model":"gemini-3.7-flash-high","provider":"antigravity","reset_
2026-09-14 21:53:44,896 INFO HTTP Request: POST https://vps.lpzproxy.xyz/v1/chat/completions "HTTP/1.1 429 Too Many Requests"
2026-09-14 21:53:44,896 INFO HTTP Request: POST https://vps.lpzproxy.xyz/v1/chat/completions "HTTP/1.1 429 Too Many Requests"
2026-09-14 21:53:44,897 ERROR judge job failed after retries: API request failed after retries: retryable HTTP 429: {"error":{"code":"model_cooldown","message":"All credentials for model gemini-3.7-flash-high are cooling down via provider antigravity","model":"gemini-3.7-flash-high","provider":"antigravity","reset_
2026-09-14 21:53:44,897 ERROR judge job failed after retries: API request failed after retries: retryable HTTP 429: {"error":{"code":"model_cooldown","message":"All credentials for model gemini-3.7-flash-high are cooling down via provider antigravity","model":"gemini-3.7-flash-high","provider":"antigravity","reset_
2026-09-14 21:53:44,955 INFO HTTP Request: POST https://vps.lpzproxy.xyz/v1/chat/completions "HTTP/1.1 429 Too Many Requests"
2026-09-14 21:53:44,956 ERROR judge job failed after retries: API request failed after retries: retryable HTTP 429: {"error":{"code":"model_cooldown","message":"All credentials for model gemini-3.7-flash-high are cooling down via provider antigravity","model":"gemini-3.7-flash-high","provider":"antigravity","reset_
2026-09-14 21:53:45,011 INFO HTTP Request: POST https://vps.lpzproxy.xyz/v1/chat/completions "HTTP/1.1 429 Too Many Requests"
2026-09-14 21:53:45,012 INFO HTTP Request: POST https://vps.lpzproxy.xyz/v1/chat/completions "HTTP/1.1 429 Too Many Requests"
2026-09-14 21:53:45,194 INFO HTTP Request: POST https://vps.lpzproxy.xyz/v1/chat/completions "HTTP/1.1 429 Too Many Requests"
2026-09-14 21:53:45,195 ERROR judge job failed after retries: API request failed after retries: retryable HTTP 429: {"error":{"code":"model_cooldown","message":"All credentials for model gemini-3.7-flash-high are cooling down via provider antigravity","model":"gemini-3.7-flash-high","provider":"antigravity","reset_
2026-09-14 21:53:45,202 INFO HTTP Request: POST https://vps.lpzproxy.xyz/v1/chat/completions "HTTP/1.1 429 Too Many Requests"
2026-09-14 21:53:45,234 INFO HTTP Request: POST https://vps.lpzproxy.xyz/v1/chat/completions "HTTP/1.1 429 Too Many Requests"
2026-09-14 21:53:45,248 INFO HTTP Request: POST https://vps.lpzproxy.xyz/v1/chat/completions "HTTP/1.1 429 Too Many Requests"
2026-09-14 21:53:45,249 ERROR judge job failed after retries: API request failed after retries: retryable HTTP 429: {"error":{"code":"model_cooldown","message":"All credentials for model gemini-3.7-flash-high are cooling down via provider antigravity","model":"gemini-3.7-flash-high","provider":"antigravity","reset_
2026-09-14 21:53:45,282 INFO HTTP Request: POST https://vps.lpzproxy.xyz/v1/chat/completions "HTTP/1.1 429 Too Many Requests"
2026-09-14 21:53:45,283 ERROR judge job failed after retries: API request failed after retries: retryable HTTP 429: {"error":{"code":"model_cooldown","message":"All credentials for model gemini-3.7-flash-high are cooling down via provider antigravity","model":"gemini-3.7-flash-high","provider":"antigravity","reset_
2026-09-14 21:53:45,356 INFO HTTP Request: POST https://vps.lpzproxy.xyz/v1/chat/completions "HTTP/1.1 429 Too Many Requests"
2026-09-14 21:53:45,526 INFO HTTP Request: POST https://vps.lpzproxy.xyz/v1/chat/completions "HTTP/1.1 429 Too Many Requests"
2026-09-14 21:53:45,526 ERROR judge job failed after retries: API request failed after retries: retryable HTTP 429: {"error":{"code":"model_cooldown","message":"All credentials for model gemini-3.7-flash-high are cooling down via provider antigravity","model":"gemini-3.7-flash-high","provider":"antigravity","reset_
2026-09-14 21:53:45,649 INFO HTTP Request: POST https://vps.lpzproxy.xyz/v1/chat/completions "HTTP/1.1 429 Too Many Requests"
2026-09-14 21:53:45,680 INFO HTTP Request: POST https://vps.lpzproxy.xyz/v1/chat/completions "HTTP/1.1 429 Too Many Requests"
2026-09-14 21:53:45,681 ERROR judge job failed after retries: API request failed after retries: retryable HTTP 429: {"error":{"code":"model_cooldown","message":"All credentials for model gemini-3.7-flash-high are cooling down via provider antigravity","model":"gemini-3.7-flash-high","provider":"antigravity","reset_
2026-09-14 21:53:45,690 INFO HTTP Request: POST https://vps.lpzproxy.xyz/v1/chat/completions "HTTP/1.1 429 Too Many Requests"
2026-09-14 21:53:45,692 INFO HTTP Request: POST https://vps.lpzproxy.xyz/v1/chat/completions "HTTP/1.1 429 Too Many Requests"
2026-09-14 21:53:45,727 INFO HTTP Request: POST https://vps.lpzproxy.xyz/v1/chat/completions "HTTP/1.1 429 Too Many Requests"
2026-09-14 21:53:45,776 INFO HTTP Request: POST https://vps.lpzproxy.xyz/v1/chat/completions "HTTP/1.1 429 Too Many Requests"
2026-09-14 21:53:45,821 INFO HTTP Request: POST https://vps.lpzproxy.xyz/v1/chat/completions "HTTP/1.1 429 Too Many Requests"
2026-09-14 21:53:45,838 INFO HTTP Request: POST https://vps.lpzproxy.xyz/v1/chat/completions "HTTP/1.1 429 Too Many Requests"
2026-09-14 21:53:45,972 INFO HTTP Request: POST https://vps.lpzproxy.xyz/v1/chat/completions "HTTP/1.1 429 Too Many Requests"
2026-09-14 21:53:46,001 INFO HTTP Request: POST https://vps.lpzproxy.xyz/v1/chat/completions "HTTP/1.1 429 Too Many Requests"
2026-09-14 21:53:46,004 INFO HTTP Request: POST https://vps.lpzproxy.xyz/v1/chat/completions "HTTP/1.1 429 Too Many Requests"
2026-09-14 21:53:46,008 INFO HTTP Request: POST https://vps.lpzproxy.xyz/v1/chat/completions "HTTP/1.1 429 Too Many Requests"
2026-09-14 21:53:46,008 ERROR judge job failed after retries: API request failed after retries: retryable HTTP 429: {"error":{"code":"model_cooldown","message":"All credentials for model gemini-3.7-flash-high are cooling down via provider antigravity","model":"gemini-3.7-flash-high","provider":"antigravity","reset_
2026-09-14 21:53:46,049 INFO HTTP Request: POST https://vps.lpzproxy.xyz/v1/chat/completions "HTTP/1.1 429 Too Many Requests"
2026-09-14 21:53:46,067 INFO HTTP Request: POST https://vps.lpzproxy.xyz/v1/chat/completions "HTTP/1.1 429 Too Many Requests"
2026-09-14 21:53:46,068 ERROR judge job failed after retries: API request failed after retries: retryable HTTP 429: {"error":{"code":"model_cooldown","message":"All credentials for model gemini-3.7-flash-high are cooling down via provider antigravity","model":"gemini-3.7-flash-high","provider":"antigravity","reset_
2026-09-14 21:53:46,076 INFO HTTP Request: POST https://vps.lpzproxy.xyz/v1/chat/completions "HTTP/1.1 429 Too Many Requests"
2026-09-14 21:53:46,131 INFO HTTP Request: POST https://vps.lpzproxy.xyz/v1/chat/completions "HTTP/1.1 429 Too Many Requests"
2026-09-14 21:53:46,225 INFO HTTP Request: POST https://vps.lpzproxy.xyz/v1/chat/completions "HTTP/1.1 429 Too Many Requests"
2026-09-14 21:53:46,226 ERROR judge job failed after retries: API request failed after retries: retryable HTTP 429: {"error":{"code":"model_cooldown","message":"All credentials for model gemini-3.7-flash-high are cooling down via provider antigravity","model":"gemini-3.7-flash-high","provider":"antigravity","reset_
2026-09-14 21:53:46,229 INFO HTTP Request: POST https://vps.lpzproxy.xyz/v1/chat/completions "HTTP/1.1 429 Too Many Requests"
2026-09-14 21:53:46,229 ERROR judge job failed after retries: API request failed after retries: retryable HTTP 429: {"error":{"code":"model_cooldown","message":"All credentials for model gemini-3.7-flash-high are cooling down via provider antigravity","model":"gemini-3.7-flash-high","provider":"antigravity","reset_
2026-09-14 21:53:46,235 INFO HTTP Request: POST https://vps.lpzproxy.xyz/v1/chat/completions "HTTP/1.1 429 Too Many Requests"
2026-09-14 21:53:46,259 INFO HTTP Request: POST https://vps.lpzproxy.xyz/v1/chat/completions "HTTP/1.1 429 Too Many Requests"
2026-09-14 21:53:46,272 INFO HTTP Request: POST https://vps.lpzproxy.xyz/v1/chat/completions "HTTP/1.1 429 Too Many Requests"
2026-09-14 21:53:46,300 INFO HTTP Request: POST https://vps.lpzproxy.xyz/v1/chat/completions "HTTP/1.1 429 Too Many Requests"
2026-09-14 21:53:46,314 INFO HTTP Request: POST https://vps.lpzproxy.xyz/v1/chat/completions "HTTP/1.1 429 Too Many Requests"
2026-09-14 21:53:46,348 INFO HTTP Request: POST https://vps.lpzproxy.xyz/v1/chat/completions "HTTP/1.1 429 Too Many Requests"
2026-09-14 21:53:46,350 INFO HTTP Request: POST https://vps.lpzproxy.xyz/v1/chat/completions "HTTP/1.1 429 Too Many Requests"
2026-09-14 21:53:46,351 ERROR judge job failed after retries: API request failed after retries: retryable HTTP 429: {"error":{"code":"model_cooldown","message":"All credentials for model gemini-3.7-flash-high are cooling down via provider antigravity","model":"gemini-3.7-flash-high","provider":"antigravity","reset_
2026-09-14 21:53:46,526 INFO HTTP Request: POST https://vps.lpzproxy.xyz/v1/chat/completions "HTTP/1.1 429 Too Many Requests"
2026-09-14 21:53:46,526 ERROR judge job failed after retries: API request failed after retries: retryable HTTP 429: {"error":{"code":"model_cooldown","message":"All credentials for model gemini-3.7-flash-high are cooling down via provider antigravity","model":"gemini-3.7-flash-high","provider":"antigravity","reset_
2026-09-14 21:53:46,546 INFO HTTP Request: POST https://vps.lpzproxy.xyz/v1/chat/completions "HTTP/1.1 429 Too Many Requests"
2026-09-14 21:53:46,551 INFO HTTP Request: POST https://vps.lpzproxy.xyz/v1/chat/completions "HTTP/1.1 429 Too Many Requests"
2026-09-14 21:53:46,586 INFO HTTP Request: POST https://vps.lpzproxy.xyz/v1/chat/completions "HTTP/1.1 429 Too Many Requests"
2026-09-14 21:53:46,587 INFO HTTP Request: POST https://vps.lpzproxy.xyz/v1/chat/completions "HTTP/1.1 429 Too Many Requests"
2026-09-14 21:53:46,627 INFO HTTP Request: POST https://vps.lpzproxy.xyz/v1/chat/completions "HTTP/1.1 429 Too Many Requests"
2026-09-14 21:53:46,686 INFO HTTP Request: POST https://vps.lpzproxy.xyz/v1/chat/completions "HTTP/1.1 429 Too Many Requests"
2026-09-14 21:53:46,688 INFO HTTP Request: POST https://vps.lpzproxy.xyz/v1/chat/completions "HTTP/1.1 429 Too Many Requests"
2026-09-14 21:53:46,714 INFO HTTP Request: POST https://vps.lpzproxy.xyz/v1/chat/completions "HTTP/1.1 429 Too Many Requests"
2026-09-14 21:53:46,925 INFO HTTP Request: POST https://vps.lpzproxy.xyz/v1/chat/completions "HTTP/1.1 429 Too Many Requests"
2026-09-14 21:53:46,931 INFO HTTP Request: POST https://vps.lpzproxy.xyz/v1/chat/completions "HTTP/1.1 429 Too Many Requests"
2026-09-14 21:53:46,944 INFO HTTP Request: POST https://vps.lpzproxy.xyz/v1/chat/completions "HTTP/1.1 429 Too Many Requests"
2026-09-14 21:53:47,041 INFO HTTP Request: POST https://vps.lpzproxy.xyz/v1/chat/completions "HTTP/1.1 429 Too Many Requests"
2026-09-14 21:53:47,042 ERROR judge job failed after retries: API request failed after retries: retryable HTTP 429: {"error":{"code":"model_cooldown","message":"All credentials for model gemini-3.7-flash-high are cooling down via provider antigravity","model":"gemini-3.7-flash-high","provider":"antigravity","reset_
2026-09-14 21:53:47,090 INFO HTTP Request: POST https://vps.lpzproxy.xyz/v1/chat/completions "HTTP/1.1 429 Too Many Requests"
2026-09-14 21:53:47,134 INFO HTTP Request: POST https://vps.lpzproxy.xyz/v1/chat/completions "HTTP/1.1 429 Too Many Requests"
2026-09-14 21:53:47,406 INFO HTTP Request: POST https://vps.lpzproxy.xyz/v1/chat/completions "HTTP/1.1 429 Too Many Requests"
2026-09-14 21:53:47,460 INFO HTTP Request: POST https://vps.lpzproxy.xyz/v1/chat/completions "HTTP/1.1 429 Too Many Requests"
2026-09-14 21:53:47,474 INFO HTTP Request: POST https://vps.lpzproxy.xyz/v1/chat/completions "HTTP/1.1 429 Too Many Requests"
2026-09-14 21:53:47,535 INFO HTTP Request: POST https://vps.lpzproxy.xyz/v1/chat/completions "HTTP/1.1 429 Too Many Requests"
2026-09-14 21:53:47,535 INFO HTTP Request: POST https://vps.lpzproxy.xyz/v1/chat/completions "HTTP/1.1 429 Too Many Requests"
2026-09-14 21:53:47,545 INFO HTTP Request: POST https://vps.lpzproxy.xyz/v1/chat/completions "HTTP/1.1 429 Too Many Requests"
2026-09-14 21:53:47,596 INFO HTTP Request: POST https://vps.lpzproxy.xyz/v1/chat/completions "HTTP/1.1 429 Too Many Requests"
2026-09-14 21:53:47,605 INFO HTTP Request: POST https://vps.lpzproxy.xyz/v1/chat/completions "HTTP/1.1 429 Too Many Requests"
2026-09-14 21:53:47,673 INFO HTTP Request: POST https://vps.lpzproxy.xyz/v1/chat/completions "HTTP/1.1 429 Too Many Requests"
2026-09-14 21:53:47,730 INFO HTTP Request: POST https://vps.lpzproxy.xyz/v1/chat/completions "HTTP/1.1 429 Too Many Requests"
2026-09-14 21:53:47,759 INFO HTTP Request: POST https://vps.lpzproxy.xyz/v1/chat/completions "HTTP/1.1 429 Too Many Requests"
2026-09-14 21:53:47,852 INFO HTTP Request: POST https://vps.lpzproxy.xyz/v1/chat/completions "HTTP/1.1 429 Too Many Requests"
2026-09-14 21:53:47,935 INFO HTTP Request: POST https://vps.lpzproxy.xyz/v1/chat/completions "HTTP/1.1 429 Too Many Requests"
2026-09-14 21:53:47,979 INFO HTTP Request: POST https://vps.lpzproxy.xyz/v1/chat/completions "HTTP/1.1 429 Too Many Requests"
2026-09-14 21:53:48,029 INFO HTTP Request: POST https://vps.lpzproxy.xyz/v1/chat/completions "HTTP/1.1 429 Too Many Requests"
2026-09-14 21:53:48,131 INFO HTTP Request: POST https://vps.lpzproxy.xyz/v1/chat/completions "HTTP/1.1 429 Too Many Requests"
2026-09-14 21:53:48,152 INFO HTTP Request: POST https://vps.lpzproxy.xyz/v1/chat/completions "HTTP/1.1 429 Too Many Requests"
2026-09-14 21:53:48,206 INFO HTTP Request: POST https://vps.lpzproxy.xyz/v1/chat/completions "HTTP/1.1 429 Too Many Requests"
2026-09-14 21:53:48,234 INFO HTTP Request: POST https://vps.lpzproxy.xyz/v1/chat/completions "HTTP/1.1 429 Too Many Requests"
2026-09-14 21:53:48,299 INFO HTTP Request: POST https://vps.lpzproxy.xyz/v1/chat/completions "HTTP/1.1 429 Too Many Requests"
2026-09-14 21:53:48,342 INFO HTTP Request: POST https://vps.lpzproxy.xyz/v1/chat/completions "HTTP/1.1 429 Too Many Requests"
2026-09-14 21:53:48,366 INFO HTTP Request: POST https://vps.lpzproxy.xyz/v1/chat/completions "HTTP/1.1 429 Too Many Requests"
2026-09-14 21:53:48,370 INFO HTTP Request: POST https://vps.lpzproxy.xyz/v1/chat/completions "HTTP/1.1 429 Too Many Requests"
2026-09-14 21:53:48,446 INFO HTTP Request: POST https://vps.lpzproxy.xyz/v1/chat/completions "HTTP/1.1 429 Too Many Requests"
2026-09-14 21:53:48,461 INFO HTTP Request: POST https://vps.lpzproxy.xyz/v1/chat/completions "HTTP/1.1 429 Too Many Requests"
2026-09-14 21:53:48,499 INFO HTTP Request: POST https://vps.lpzproxy.xyz/v1/chat/completions "HTTP/1.1 429 Too Many Requests"
2026-09-14 21:53:48,629 INFO HTTP Request: POST https://vps.lpzproxy.xyz/v1/chat/completions "HTTP/1.1 429 Too Many Requests"
2026-09-14 21:53:48,710 INFO HTTP Request: POST https://vps.lpzproxy.xyz/v1/chat/completions "HTTP/1.1 429 Too Many Requests"
2026-09-14 21:53:48,896 INFO HTTP Request: POST https://vps.lpzproxy.xyz/v1/chat/completions "HTTP/1.1 429 Too Many Requests"
2026-09-14 21:53:49,041 INFO HTTP Request: POST https://vps.lpzproxy.xyz/v1/chat/completions "HTTP/1.1 429 Too Many Requests"
2026-09-14 21:53:49,150 INFO HTTP Request: POST https://vps.lpzproxy.xyz/v1/chat/completions "HTTP/1.1 429 Too Many Requests"
2026-09-14 21:53:49,232 INFO HTTP Request: POST https://vps.lpzproxy.xyz/v1/chat/completions "HTTP/1.1 429 Too Many Requests"
2026-09-14 21:53:49,279 INFO HTTP Request: POST https://vps.lpzproxy.xyz/v1/chat/completions "HTTP/1.1 429 Too Many Requests"
2026-09-14 21:53:49,284 INFO HTTP Request: POST https://vps.lpzproxy.xyz/v1/chat/completions "HTTP/1.1 429 Too Many Requests"
2026-09-14 21:53:49,344 INFO HTTP Request: POST https://vps.lpzproxy.xyz/v1/chat/completions "HTTP/1.1 429 Too Many Requests"
2026-09-14 21:53:49,359 INFO HTTP Request: POST https://vps.lpzproxy.xyz/v1/chat/completions "HTTP/1.1 429 Too Many Requests"
2026-09-14 21:53:49,377 INFO HTTP Request: POST https://vps.lpzproxy.xyz/v1/chat/completions "HTTP/1.1 429 Too Many Requests"
2026-09-14 21:53:49,542 INFO HTTP Request: POST https://vps.lpzproxy.xyz/v1/chat/completions "HTTP/1.1 429 Too Many Requests"
2026-09-14 21:53:49,648 INFO HTTP Request: POST https://vps.lpzproxy.xyz/v1/chat/completions "HTTP/1.1 429 Too Many Requests"
2026-09-14 21:53:49,811 INFO HTTP Request: POST https://vps.lpzproxy.xyz/v1/chat/completions "HTTP/1.1 429 Too Many Requests"
2026-09-14 21:53:49,869 INFO HTTP Request: POST https://vps.lpzproxy.xyz/v1/chat/completions "HTTP/1.1 429 Too Many Requests"
2026-09-14 21:53:49,886 INFO HTTP Request: POST https://vps.lpzproxy.xyz/v1/chat/completions "HTTP/1.1 429 Too Many Requests"
2026-09-14 21:53:49,924 INFO HTTP Request: POST https://vps.lpzproxy.xyz/v1/chat/completions "HTTP/1.1 429 Too Many Requests"
2026-09-14 21:53:50,080 INFO HTTP Request: POST https://vps.lpzproxy.xyz/v1/chat/completions "HTTP/1.1 429 Too Many Requests"
2026-09-14 21:53:50,187 INFO HTTP Request: POST https://vps.lpzproxy.xyz/v1/chat/completions "HTTP/1.1 429 Too Many Requests"
2026-09-14 21:53:50,209 INFO HTTP Request: POST https://vps.lpzproxy.xyz/v1/chat/completions "HTTP/1.1 429 Too Many Requests"
2026-09-14 21:53:50,214 INFO HTTP Request: POST https://vps.lpzproxy.xyz/v1/chat/completions "HTTP/1.1 429 Too Many Requests"
2026-09-14 21:53:50,218 INFO HTTP Request: POST https://vps.lpzproxy.xyz/v1/chat/completions "HTTP/1.1 429 Too Many Requests"
2026-09-14 21:53:50,255 INFO HTTP Request: POST https://vps.lpzproxy.xyz/v1/chat/completions "HTTP/1.1 429 Too Many Requests"
2026-09-14 21:53:50,351 INFO HTTP Request: POST https://vps.lpzproxy.xyz/v1/chat/completions "HTTP/1.1 429 Too Many Requests"
2026-09-14 21:53:50,475 INFO HTTP Request: POST https://vps.lpzproxy.xyz/v1/chat/completions "HTTP/1.1 429 Too Many Requests"
2026-09-14 21:53:50,568 INFO HTTP Request: POST https://vps.lpzproxy.xyz/v1/chat/completions "HTTP/1.1 429 Too Many Requests"
2026-09-14 21:53:50,634 INFO HTTP Request: POST https://vps.lpzproxy.xyz/v1/chat/completions "HTTP/1.1 429 Too Many Requests"
2026-09-14 21:53:50,656 INFO HTTP Request: POST https://vps.lpzproxy.xyz/v1/chat/completions "HTTP/1.1 429 Too Many Requests"
2026-09-14 21:53:51,057 INFO HTTP Request: POST https://vps.lpzproxy.xyz/v1/chat/completions "HTTP/1.1 429 Too Many Requests"
2026-09-14 21:53:51,099 INFO HTTP Request: POST https://vps.lpzproxy.xyz/v1/chat/completions "HTTP/1.1 429 Too Many Requests"
2026-09-14 21:53:51,182 INFO HTTP Request: POST https://vps.lpzproxy.xyz/v1/chat/completions "HTTP/1.1 429 Too Many Requests"
2026-09-14 21:53:51,227 INFO HTTP Request: POST https://vps.lpzproxy.xyz/v1/chat/completions "HTTP/1.1 429 Too Many Requests"
2026-09-14 21:53:51,270 INFO HTTP Request: POST https://vps.lpzproxy.xyz/v1/chat/completions "HTTP/1.1 429 Too Many Requests"
2026-09-14 21:53:51,379 INFO HTTP Request: POST https://vps.lpzproxy.xyz/v1/chat/completions "HTTP/1.1 429 Too Many Requests"
2026-09-14 21:53:51,446 INFO HTTP Request: POST https://vps.lpzproxy.xyz/v1/chat/completions "HTTP/1.1 429 Too Many Requests"
2026-09-14 21:53:51,514 INFO HTTP Request: POST https://vps.lpzproxy.xyz/v1/chat/completions "HTTP/1.1 429 Too Many Requests"
2026-09-14 21:53:51,547 INFO HTTP Request: POST https://vps.lpzproxy.xyz/v1/chat/completions "HTTP/1.1 429 Too Many Requests"
2026-09-14 21:53:51,621 INFO HTTP Request: POST https://vps.lpzproxy.xyz/v1/chat/completions "HTTP/1.1 429 Too Many Requests"
2026-09-14 21:53:51,699 INFO HTTP Request: POST https://vps.lpzproxy.xyz/v1/chat/completions "HTTP/1.1 429 Too Many Requests"
2026-09-14 21:53:51,749 INFO HTTP Request: POST https://vps.lpzproxy.xyz/v1/chat/completions "HTTP/1.1 429 Too Many Requests"
2026-09-14 21:53:51,764 INFO HTTP Request: POST https://vps.lpzproxy.xyz/v1/chat/completions "HTTP/1.1 429 Too Many Requests"
2026-09-14 21:53:51,770 INFO HTTP Request: POST https://vps.lpzproxy.xyz/v1/chat/completions "HTTP/1.1 429 Too Many Requests"
2026-09-14 21:53:51,827 INFO HTTP Request: POST https://vps.lpzproxy.xyz/v1/chat/completions "HTTP/1.1 429 Too Many Requests"
2026-09-14 21:53:51,924 INFO HTTP Request: POST https://vps.lpzproxy.xyz/v1/chat/completions "HTTP/1.1 429 Too Many Requests"
2026-09-14 21:53:52,131 INFO HTTP Request: POST https://vps.lpzproxy.xyz/v1/chat/completions "HTTP/1.1 429 Too Many Requests"
2026-09-14 21:53:52,334 INFO HTTP Request: POST https://vps.lpzproxy.xyz/v1/chat/completions "HTTP/1.1 429 Too Many Requests"
2026-09-14 21:53:52,605 INFO HTTP Request: POST https://vps.lpzproxy.xyz/v1/chat/completions "HTTP/1.1 429 Too Many Requests"
2026-09-14 21:53:52,734 INFO HTTP Request: POST https://vps.lpzproxy.xyz/v1/chat/completions "HTTP/1.1 429 Too Many Requests"
2026-09-14 21:53:53,057 INFO HTTP Request: POST https://vps.lpzproxy.xyz/v1/chat/completions "HTTP/1.1 429 Too Many Requests"
2026-09-14 21:53:53,217 INFO HTTP Request: POST https://vps.lpzproxy.xyz/v1/chat/completions "HTTP/1.1 429 Too Many Requests"
2026-09-14 21:53:53,299 INFO HTTP Request: POST https://vps.lpzproxy.xyz/v1/chat/completions "HTTP/1.1 429 Too Many Requests"
2026-09-14 21:53:53,804 INFO HTTP Request: POST https://vps.lpzproxy.xyz/v1/chat/completions "HTTP/1.1 429 Too Many Requests"
2026-09-14 21:53:54,055 INFO HTTP Request: POST https://vps.lpzproxy.xyz/v1/chat/completions "HTTP/1.1 429 Too Many Requests"
2026-09-14 21:53:54,072 INFO HTTP Request: POST https://vps.lpzproxy.xyz/v1/chat/completions "HTTP/1.1 429 Too Many Requests"
2026-09-14 21:53:54,210 INFO HTTP Request: POST https://vps.lpzproxy.xyz/v1/chat/completions "HTTP/1.1 429 Too Many Requests"
2026-09-14 21:53:54,659 INFO HTTP Request: POST https://vps.lpzproxy.xyz/v1/chat/completions "HTTP/1.1 429 Too Many Requests"
2026-09-14 21:53:54,789 INFO HTTP Request: POST https://vps.lpzproxy.xyz/v1/chat/completions "HTTP/1.1 429 Too Many Requests"
2026-09-14 21:53:55,026 INFO HTTP Request: POST https://vps.lpzproxy.xyz/v1/chat/completions "HTTP/1.1 429 Too Many Requests"
2026-09-14 21:53:55,096 INFO HTTP Request: POST https://vps.lpzproxy.xyz/v1/chat/completions "HTTP/1.1 429 Too Many Requests"
2026-09-14 21:53:55,229 INFO HTTP Request: POST https://vps.lpzproxy.xyz/v1/chat/completions "HTTP/1.1 429 Too Many Requests"
2026-09-14 21:53:55,310 INFO HTTP Request: POST https://vps.lpzproxy.xyz/v1/chat/completions "HTTP/1.1 429 Too Many Requests"
2026-09-14 21:53:55,336 INFO HTTP Request: POST https://vps.lpzproxy.xyz/v1/chat/completions "HTTP/1.1 429 Too Many Requests"
2026-09-14 21:53:55,344 INFO HTTP Request: POST https://vps.lpzproxy.xyz/v1/chat/completions "HTTP/1.1 429 Too Many Requests"
2026-09-14 21:53:55,353 INFO HTTP Request: POST https://vps.lpzproxy.xyz/v1/chat/completions "HTTP/1.1 429 Too Many Requests"
2026-09-14 21:53:55,367 INFO HTTP Request: POST https://vps.lpzproxy.xyz/v1/chat/completions "HTTP/1.1 429 Too Many Requests"
2026-09-14 21:53:55,421 INFO HTTP Request: POST https://vps.lpzproxy.xyz/v1/chat/completions "HTTP/1.1 429 Too Many Requests"
2026-09-14 21:53:55,503 INFO HTTP Request: POST https://vps.lpzproxy.xyz/v1/chat/completions "HTTP/1.1 429 Too Many Requests"
2026-09-14 21:53:55,532 INFO HTTP Request: POST https://vps.lpzproxy.xyz/v1/chat/completions "HTTP/1.1 429 Too Many Requests"
2026-09-14 21:53:55,778 INFO HTTP Request: POST https://vps.lpzproxy.xyz/v1/chat/completions "HTTP/1.1 429 Too Many Requests"
2026-09-14 21:53:56,078 INFO HTTP Request: POST https://vps.lpzproxy.xyz/v1/chat/completions "HTTP/1.1 429 Too Many Requests"
2026-09-14 21:53:56,131 INFO HTTP Request: POST https://vps.lpzproxy.xyz/v1/chat/completions "HTTP/1.1 429 Too Many Requests"
2026-09-14 21:53:56,141 INFO HTTP Request: POST https://vps.lpzproxy.xyz/v1/chat/completions "HTTP/1.1 429 Too Many Requests"
2026-09-14 21:53:56,232 INFO HTTP Request: POST https://vps.lpzproxy.xyz/v1/chat/completions "HTTP/1.1 429 Too Many Requests"
2026-09-14 21:53:56,284 INFO HTTP Request: POST https://vps.lpzproxy.xyz/v1/chat/completions "HTTP/1.1 429 Too Many Requests"
2026-09-14 21:53:56,301 INFO HTTP Request: POST https://vps.lpzproxy.xyz/v1/chat/completions "HTTP/1.1 429 Too Many Requests"
2026-09-14 21:53:56,438 INFO HTTP Request: POST https://vps.lpzproxy.xyz/v1/chat/completions "HTTP/1.1 429 Too Many Requests"
2026-09-14 21:53:56,451 INFO HTTP Request: POST https://vps.lpzproxy.xyz/v1/chat/completions "HTTP/1.1 429 Too Many Requests"
2026-09-14 21:53:56,457 INFO HTTP Request: POST https://vps.lpzproxy.xyz/v1/chat/completions "HTTP/1.1 429 Too Many Requests"
2026-09-14 21:53:56,464 INFO HTTP Request: POST https://vps.lpzproxy.xyz/v1/chat/completions "HTTP/1.1 429 Too Many Requests"
2026-09-14 21:53:56,628 INFO HTTP Request: POST https://vps.lpzproxy.xyz/v1/chat/completions "HTTP/1.1 429 Too Many Requests"
2026-09-14 21:53:56,740 INFO HTTP Request: POST https://vps.lpzproxy.xyz/v1/chat/completions "HTTP/1.1 429 Too Many Requests"
2026-09-14 21:53:57,037 INFO HTTP Request: POST https://vps.lpzproxy.xyz/v1/chat/completions "HTTP/1.1 429 Too Many Requests"
2026-09-14 21:53:57,090 INFO HTTP Request: POST https://vps.lpzproxy.xyz/v1/chat/completions "HTTP/1.1 429 Too Many Requests"
2026-09-14 21:53:57,121 INFO HTTP Request: POST https://vps.lpzproxy.xyz/v1/chat/completions "HTTP/1.1 429 Too Many Requests"
2026-09-14 21:53:57,430 INFO HTTP Request: POST https://vps.lpzproxy.xyz/v1/chat/completions "HTTP/1.1 429 Too Many Requests"
2026-09-14 21:53:57,524 INFO HTTP Request: POST https://vps.lpzproxy.xyz/v1/chat/completions "HTTP/1.1 429 Too Many Requests"
2026-09-14 21:53:57,601 INFO HTTP Request: POST https://vps.lpzproxy.xyz/v1/chat/completions "HTTP/1.1 429 Too Many Requests"
2026-09-14 21:53:57,923 INFO HTTP Request: POST https://vps.lpzproxy.xyz/v1/chat/completions "HTTP/1.1 429 Too Many Requests"
2026-09-14 21:53:58,032 INFO HTTP Request: POST https://vps.lpzproxy.xyz/v1/chat/completions "HTTP/1.1 429 Too Many Requests"
2026-09-14 21:53:58,034 INFO HTTP Request: POST https://vps.lpzproxy.xyz/v1/chat/completions "HTTP/1.1 429 Too Many Requests"
2026-09-14 21:53:58,438 INFO HTTP Request: POST https://vps.lpzproxy.xyz/v1/chat/completions "HTTP/1.1 429 Too Many Requests"
2026-09-14 21:54:03,615 INFO HTTP Request: POST https://vps.lpzproxy.xyz/v1/chat/completions "HTTP/1.1 429 Too Many Requests"
2026-09-14 21:54:03,619 ERROR judge job failed after retries: API request failed after retries: retryable HTTP 429: {"error":{"code":"model_cooldown","message":"All credentials for model gemini-3.7-flash-high are cooling down via provider antigravity","model":"gemini-3.7-flash-high","provider":"antigravity","reset_
2026-09-14 21:54:04,241 INFO HTTP Request: POST https://vps.lpzproxy.xyz/v1/chat/completions "HTTP/1.1 429 Too Many Requests"
2026-09-14 21:54:04,241 ERROR judge job failed after retries: API request failed after retries: retryable HTTP 429: {"error":{"code":"model_cooldown","message":"All credentials for model gemini-3.7-flash-high are cooling down via provider antigravity","model":"gemini-3.7-flash-high","provider":"antigravity","reset_
2026-09-14 21:54:04,269 INFO HTTP Request: POST https://vps.lpzproxy.xyz/v1/chat/completions "HTTP/1.1 429 Too Many Requests"
2026-09-14 21:54:04,269 ERROR judge job failed after retries: API request failed after retries: retryable HTTP 429: {"error":{"code":"model_cooldown","message":"All credentials for model gemini-3.7-flash-high are cooling down via provider antigravity","model":"gemini-3.7-flash-high","provider":"antigravity","reset_
2026-09-14 21:54:04,381 INFO HTTP Request: POST https://vps.lpzproxy.xyz/v1/chat/completions "HTTP/1.1 429 Too Many Requests"
2026-09-14 21:54:04,382 ERROR judge job failed after retries: API request failed after retries: retryable HTTP 429: {"error":{"code":"model_cooldown","message":"All credentials for model gemini-3.7-flash-high are cooling down via provider antigravity","model":"gemini-3.7-flash-high","provider":"antigravity","reset_
2026-09-14 21:54:04,501 INFO HTTP Request: POST https://vps.lpzproxy.xyz/v1/chat/completions "HTTP/1.1 429 Too Many Requests"
2026-09-14 21:54:04,501 ERROR judge job failed after retries: API request failed after retries: retryable HTTP 429: {"error":{"code":"model_cooldown","message":"All credentials for model gemini-3.7-flash-high are cooling down via provider antigravity","model":"gemini-3.7-flash-high","provider":"antigravity","reset_
2026-09-14 21:54:04,827 INFO HTTP Request: POST https://vps.lpzproxy.xyz/v1/chat/completions "HTTP/1.1 429 Too Many Requests"
2026-09-14 21:54:04,828 ERROR judge job failed after retries: API request failed after retries: retryable HTTP 429: {"error":{"code":"model_cooldown","message":"All credentials for model gemini-3.7-flash-high are cooling down via provider antigravity","model":"gemini-3.7-flash-high","provider":"antigravity","reset_
2026-09-14 21:54:04,901 INFO HTTP Request: POST https://vps.lpzproxy.xyz/v1/chat/completions "HTTP/1.1 429 Too Many Requests"
2026-09-14 21:54:04,904 ERROR judge job failed after retries: API request failed after retries: retryable HTTP 429: {"error":{"code":"model_cooldown","message":"All credentials for model gemini-3.7-flash-high are cooling down via provider antigravity","model":"gemini-3.7-flash-high","provider":"antigravity","reset_
2026-09-14 21:54:04,953 INFO HTTP Request: POST https://vps.lpzproxy.xyz/v1/chat/completions "HTTP/1.1 429 Too Many Requests"
2026-09-14 21:54:04,954 ERROR judge job failed after retries: API request failed after retries: retryable HTTP 429: {"error":{"code":"model_cooldown","message":"All credentials for model gemini-3.7-flash-high are cooling down via provider antigravity","model":"gemini-3.7-flash-high","provider":"antigravity","reset_
2026-09-14 21:54:04,979 INFO HTTP Request: POST https://vps.lpzproxy.xyz/v1/chat/completions "HTTP/1.1 429 Too Many Requests"
2026-09-14 21:54:04,979 ERROR judge job failed after retries: API request failed after retries: retryable HTTP 429: {"error":{"code":"model_cooldown","message":"All credentials for model gemini-3.7-flash-high are cooling down via provider antigravity","model":"gemini-3.7-flash-high","provider":"antigravity","reset_
2026-09-14 21:54:04,984 INFO HTTP Request: POST https://vps.lpzproxy.xyz/v1/chat/completions "HTTP/1.1 429 Too Many Requests"
2026-09-14 21:54:04,985 ERROR judge job failed after retries: API request failed after retries: retryable HTTP 429: {"error":{"code":"model_cooldown","message":"All credentials for model gemini-3.7-flash-high are cooling down via provider antigravity","model":"gemini-3.7-flash-high","provider":"antigravity","reset_
2026-09-14 21:54:04,987 INFO HTTP Request: POST https://vps.lpzproxy.xyz/v1/chat/completions "HTTP/1.1 429 Too Many Requests"
2026-09-14 21:54:05,004 INFO HTTP Request: POST https://vps.lpzproxy.xyz/v1/chat/completions "HTTP/1.1 429 Too Many Requests"
2026-09-14 21:54:05,004 ERROR judge job failed after retries: API request failed after retries: retryable HTTP 429: {"error":{"code":"model_cooldown","message":"All credentials for model gemini-3.7-flash-high are cooling down via provider antigravity","model":"gemini-3.7-flash-high","provider":"antigravity","reset_
2026-09-14 21:54:05,185 INFO HTTP Request: POST https://vps.lpzproxy.xyz/v1/chat/completions "HTTP/1.1 429 Too Many Requests"
2026-09-14 21:54:05,186 ERROR judge job failed after retries: API request failed after retries: retryable HTTP 429: {"error":{"code":"model_cooldown","message":"All credentials for model gemini-3.7-flash-high are cooling down via provider antigravity","model":"gemini-3.7-flash-high","provider":"antigravity","reset_
2026-09-14 21:54:05,288 INFO HTTP Request: POST https://vps.lpzproxy.xyz/v1/chat/completions "HTTP/1.1 429 Too Many Requests"
2026-09-14 21:54:05,289 ERROR judge job failed after retries: API request failed after retries: retryable HTTP 429: {"error":{"code":"model_cooldown","message":"All credentials for model gemini-3.7-flash-high are cooling down via provider antigravity","model":"gemini-3.7-flash-high","provider":"antigravity","reset_
2026-09-14 21:54:05,351 INFO HTTP Request: POST https://vps.lpzproxy.xyz/v1/chat/completions "HTTP/1.1 429 Too Many Requests"
2026-09-14 21:54:05,352 ERROR judge job failed after retries: API request failed after retries: retryable HTTP 429: {"error":{"code":"model_cooldown","message":"All credentials for model gemini-3.7-flash-high are cooling down via provider antigravity","model":"gemini-3.7-flash-high","provider":"antigravity","reset_
2026-09-14 21:54:05,389 INFO HTTP Request: POST https://vps.lpzproxy.xyz/v1/chat/completions "HTTP/1.1 429 Too Many Requests"
2026-09-14 21:54:05,390 ERROR judge job failed after retries: API request failed after retries: retryable HTTP 429: {"error":{"code":"model_cooldown","message":"All credentials for model gemini-3.7-flash-high are cooling down via provider antigravity","model":"gemini-3.7-flash-high","provider":"antigravity","reset_
2026-09-14 21:54:05,527 INFO HTTP Request: POST https://vps.lpzproxy.xyz/v1/chat/completions "HTTP/1.1 429 Too Many Requests"
2026-09-14 21:54:05,528 ERROR judge job failed after retries: API request failed after retries: retryable HTTP 429: {"error":{"code":"model_cooldown","message":"All credentials for model gemini-3.7-flash-high are cooling down via provider antigravity","model":"gemini-3.7-flash-high","provider":"antigravity","reset_
2026-09-14 21:54:05,655 INFO HTTP Request: POST https://vps.lpzproxy.xyz/v1/chat/completions "HTTP/1.1 429 Too Many Requests"
2026-09-14 21:54:05,662 INFO HTTP Request: POST https://vps.lpzproxy.xyz/v1/chat/completions "HTTP/1.1 429 Too Many Requests"
2026-09-14 21:54:05,663 ERROR judge job failed after retries: API request failed after retries: retryable HTTP 429: {"error":{"code":"model_cooldown","message":"All credentials for model gemini-3.7-flash-high are cooling down via provider antigravity","model":"gemini-3.7-flash-high","provider":"antigravity","reset_
2026-09-14 21:54:05,687 INFO HTTP Request: POST https://vps.lpzproxy.xyz/v1/chat/completions "HTTP/1.1 429 Too Many Requests"
2026-09-14 21:54:05,789 INFO HTTP Request: POST https://vps.lpzproxy.xyz/v1/chat/completions "HTTP/1.1 429 Too Many Requests"
2026-09-14 21:54:05,790 ERROR judge job failed after retries: API request failed after retries: retryable HTTP 429: {"error":{"code":"model_cooldown","message":"All credentials for model gemini-3.7-flash-high are cooling down via provider antigravity","model":"gemini-3.7-flash-high","provider":"antigravity","reset_
2026-09-14 21:54:05,805 INFO HTTP Request: POST https://vps.lpzproxy.xyz/v1/chat/completions "HTTP/1.1 429 Too Many Requests"
2026-09-14 21:54:05,910 INFO HTTP Request: POST https://vps.lpzproxy.xyz/v1/chat/completions "HTTP/1.1 429 Too Many Requests"
2026-09-14 21:54:05,911 ERROR judge job failed after retries: API request failed after retries: retryable HTTP 429: {"error":{"code":"model_cooldown","message":"All credentials for model gemini-3.7-flash-high are cooling down via provider antigravity","model":"gemini-3.7-flash-high","provider":"antigravity","reset_
2026-09-14 21:54:05,942 INFO HTTP Request: POST https://vps.lpzproxy.xyz/v1/chat/completions "HTTP/1.1 429 Too Many Requests"
2026-09-14 21:54:05,942 INFO HTTP Request: POST https://vps.lpzproxy.xyz/v1/chat/completions "HTTP/1.1 429 Too Many Requests"
2026-09-14 21:54:05,943 ERROR judge job failed after retries: API request failed after retries: retryable HTTP 429: {"error":{"code":"model_cooldown","message":"All credentials for model gemini-3.7-flash-high are cooling down via provider antigravity","model":"gemini-3.7-flash-high","provider":"antigravity","reset_
2026-09-14 21:54:05,986 INFO HTTP Request: POST https://vps.lpzproxy.xyz/v1/chat/completions "HTTP/1.1 429 Too Many Requests"
2026-09-14 21:54:05,986 ERROR judge job failed after retries: API request failed after retries: retryable HTTP 429: {"error":{"code":"model_cooldown","message":"All credentials for model gemini-3.7-flash-high are cooling down via provider antigravity","model":"gemini-3.7-flash-high","provider":"antigravity","reset_
2026-09-14 21:54:06,149 INFO HTTP Request: POST https://vps.lpzproxy.xyz/v1/chat/completions "HTTP/1.1 429 Too Many Requests"
2026-09-14 21:54:06,149 ERROR judge job failed after retries: API request failed after retries: retryable HTTP 429: {"error":{"code":"model_cooldown","message":"All credentials for model gemini-3.7-flash-high are cooling down via provider antigravity","model":"gemini-3.7-flash-high","provider":"antigravity","reset_
2026-09-14 21:54:06,256 INFO HTTP Request: POST https://vps.lpzproxy.xyz/v1/chat/completions "HTTP/1.1 429 Too Many Requests"
2026-09-14 21:54:06,293 INFO HTTP Request: POST https://vps.lpzproxy.xyz/v1/chat/completions "HTTP/1.1 429 Too Many Requests"
2026-09-14 21:54:06,293 INFO HTTP Request: POST https://vps.lpzproxy.xyz/v1/chat/completions "HTTP/1.1 429 Too Many Requests"
2026-09-14 21:54:06,294 ERROR judge job failed after retries: API request failed after retries: retryable HTTP 429: {"error":{"code":"model_cooldown","message":"All credentials for model gemini-3.7-flash-high are cooling down via provider antigravity","model":"gemini-3.7-flash-high","provider":"antigravity","reset_
2026-09-14 21:54:06,294 ERROR judge job failed after retries: API request failed after retries: retryable HTTP 429: {"error":{"code":"model_cooldown","message":"All credentials for model gemini-3.7-flash-high are cooling down via provider antigravity","model":"gemini-3.7-flash-high","provider":"antigravity","reset_
2026-09-14 21:54:06,302 INFO HTTP Request: POST https://vps.lpzproxy.xyz/v1/chat/completions "HTTP/1.1 429 Too Many Requests"
2026-09-14 21:54:06,344 INFO HTTP Request: POST https://vps.lpzproxy.xyz/v1/chat/completions "HTTP/1.1 429 Too Many Requests"
2026-09-14 21:54:06,367 INFO HTTP Request: POST https://vps.lpzproxy.xyz/v1/chat/completions "HTTP/1.1 429 Too Many Requests"
2026-09-14 21:54:06,367 ERROR judge job failed after retries: API request failed after retries: retryable HTTP 429: {"error":{"code":"model_cooldown","message":"All credentials for model gemini-3.7-flash-high are cooling down via provider antigravity","model":"gemini-3.7-flash-high","provider":"antigravity","reset_
2026-09-14 21:54:06,397 INFO HTTP Request: POST https://vps.lpzproxy.xyz/v1/chat/completions "HTTP/1.1 429 Too Many Requests"
2026-09-14 21:54:06,398 ERROR judge job failed after retries: API request failed after retries: retryable HTTP 429: {"error":{"code":"model_cooldown","message":"All credentials for model gemini-3.7-flash-high are cooling down via provider antigravity","model":"gemini-3.7-flash-high","provider":"antigravity","reset_
2026-09-14 21:54:06,411 INFO HTTP Request: POST https://vps.lpzproxy.xyz/v1/chat/completions "HTTP/1.1 429 Too Many Requests"
2026-09-14 21:54:06,414 INFO HTTP Request: POST https://vps.lpzproxy.xyz/v1/chat/completions "HTTP/1.1 429 Too Many Requests"
2026-09-14 21:54:06,428 INFO HTTP Request: POST https://vps.lpzproxy.xyz/v1/chat/completions "HTTP/1.1 429 Too Many Requests"
2026-09-14 21:54:06,569 INFO HTTP Request: POST https://vps.lpzproxy.xyz/v1/chat/completions "HTTP/1.1 429 Too Many Requests"
2026-09-14 21:54:06,579 INFO HTTP Request: POST https://vps.lpzproxy.xyz/v1/chat/completions "HTTP/1.1 429 Too Many Requests"
2026-09-14 21:54:06,580 ERROR judge job failed after retries: API request failed after retries: retryable HTTP 429: {"error":{"code":"model_cooldown","message":"All credentials for model gemini-3.7-flash-high are cooling down via provider antigravity","model":"gemini-3.7-flash-high","provider":"antigravity","reset_
2026-09-14 21:54:06,623 INFO HTTP Request: POST https://vps.lpzproxy.xyz/v1/chat/completions "HTTP/1.1 429 Too Many Requests"
2026-09-14 21:54:06,623 ERROR judge job failed after retries: API request failed after retries: retryable HTTP 429: {"error":{"code":"model_cooldown","message":"All credentials for model gemini-3.7-flash-high are cooling down via provider antigravity","model":"gemini-3.7-flash-high","provider":"antigravity","reset_
2026-09-14 21:54:06,651 INFO HTTP Request: POST https://vps.lpzproxy.xyz/v1/chat/completions "HTTP/1.1 429 Too Many Requests"
2026-09-14 21:54:06,651 ERROR judge job failed after retries: API request failed after retries: retryable HTTP 429: {"error":{"code":"model_cooldown","message":"All credentials for model gemini-3.7-flash-high are cooling down via provider antigravity","model":"gemini-3.7-flash-high","provider":"antigravity","reset_
2026-09-14 21:54:06,667 INFO HTTP Request: POST https://vps.lpzproxy.xyz/v1/chat/completions "HTTP/1.1 429 Too Many Requests"
2026-09-14 21:54:06,764 INFO HTTP Request: POST https://vps.lpzproxy.xyz/v1/chat/completions "HTTP/1.1 429 Too Many Requests"
2026-09-14 21:54:06,765 ERROR judge job failed after retries: API request failed after retries: retryable HTTP 429: {"error":{"code":"model_cooldown","message":"All credentials for model gemini-3.7-flash-high are cooling down via provider antigravity","model":"gemini-3.7-flash-high","provider":"antigravity","reset_
2026-09-14 21:54:06,859 INFO HTTP Request: POST https://vps.lpzproxy.xyz/v1/chat/completions "HTTP/1.1 429 Too Many Requests"
2026-09-14 21:54:06,866 INFO HTTP Request: POST https://vps.lpzproxy.xyz/v1/chat/completions "HTTP/1.1 429 Too Many Requests"
2026-09-14 21:54:06,884 INFO HTTP Request: POST https://vps.lpzproxy.xyz/v1/chat/completions "HTTP/1.1 429 Too Many Requests"
2026-09-14 21:54:06,904 INFO HTTP Request: POST https://vps.lpzproxy.xyz/v1/chat/completions "HTTP/1.1 429 Too Many Requests"
2026-09-14 21:54:06,905 ERROR judge job failed after retries: API request failed after retries: retryable HTTP 429: {"error":{"code":"model_cooldown","message":"All credentials for model gemini-3.7-flash-high are cooling down via provider antigravity","model":"gemini-3.7-flash-high","provider":"antigravity","reset_
2026-09-14 21:54:06,958 INFO HTTP Request: POST https://vps.lpzproxy.xyz/v1/chat/completions "HTTP/1.1 429 Too Many Requests"
2026-09-14 21:54:06,958 ERROR judge job failed after retries: API request failed after retries: retryable HTTP 429: {"error":{"code":"model_cooldown","message":"All credentials for model gemini-3.7-flash-high are cooling down via provider antigravity","model":"gemini-3.7-flash-high","provider":"antigravity","reset_
2026-09-14 21:54:06,965 INFO HTTP Request: POST https://vps.lpzproxy.xyz/v1/chat/completions "HTTP/1.1 429 Too Many Requests"
2026-09-14 21:54:06,965 ERROR judge job failed after retries: API request failed after retries: retryable HTTP 429: {"error":{"code":"model_cooldown","message":"All credentials for model gemini-3.7-flash-high are cooling down via provider antigravity","model":"gemini-3.7-flash-high","provider":"antigravity","reset_
2026-09-14 21:54:07,051 INFO HTTP Request: POST https://vps.lpzproxy.xyz/v1/chat/completions "HTTP/1.1 429 Too Many Requests"
2026-09-14 21:54:07,087 INFO HTTP Request: POST https://vps.lpzproxy.xyz/v1/chat/completions "HTTP/1.1 429 Too Many Requests"
2026-09-14 21:54:07,087 ERROR judge job failed after retries: API request failed after retries: retryable HTTP 429: {"error":{"code":"model_cooldown","message":"All credentials for model gemini-3.7-flash-high are cooling down via provider antigravity","model":"gemini-3.7-flash-high","provider":"antigravity","reset_
2026-09-14 21:54:07,191 INFO HTTP Request: POST https://vps.lpzproxy.xyz/v1/chat/completions "HTTP/1.1 429 Too Many Requests"
2026-09-14 21:54:07,252 INFO HTTP Request: POST https://vps.lpzproxy.xyz/v1/chat/completions "HTTP/1.1 429 Too Many Requests"
2026-09-14 21:54:07,298 INFO HTTP Request: POST https://vps.lpzproxy.xyz/v1/chat/completions "HTTP/1.1 429 Too Many Requests"
2026-09-14 21:54:07,365 INFO HTTP Request: POST https://vps.lpzproxy.xyz/v1/chat/completions "HTTP/1.1 429 Too Many Requests"
2026-09-14 21:54:07,370 INFO HTTP Request: POST https://vps.lpzproxy.xyz/v1/chat/completions "HTTP/1.1 429 Too Many Requests"
2026-09-14 21:54:07,370 INFO HTTP Request: POST https://vps.lpzproxy.xyz/v1/chat/completions "HTTP/1.1 429 Too Many Requests"
2026-09-14 21:54:07,371 ERROR judge job failed after retries: API request failed after retries: retryable HTTP 429: {"error":{"code":"model_cooldown","message":"All credentials for model gemini-3.7-flash-high are cooling down via provider antigravity","model":"gemini-3.7-flash-high","provider":"antigravity","reset_
2026-09-14 21:54:07,431 INFO HTTP Request: POST https://vps.lpzproxy.xyz/v1/chat/completions "HTTP/1.1 429 Too Many Requests"
2026-09-14 21:54:07,574 INFO HTTP Request: POST https://vps.lpzproxy.xyz/v1/chat/completions "HTTP/1.1 429 Too Many Requests"
2026-09-14 21:54:07,682 INFO HTTP Request: POST https://vps.lpzproxy.xyz/v1/chat/completions "HTTP/1.1 429 Too Many Requests"
2026-09-14 21:54:07,690 INFO HTTP Request: POST https://vps.lpzproxy.xyz/v1/chat/completions "HTTP/1.1 429 Too Many Requests"
2026-09-14 21:54:07,691 ERROR judge job failed after retries: API request failed after retries: retryable HTTP 429: {"error":{"code":"model_cooldown","message":"All credentials for model gemini-3.7-flash-high are cooling down via provider antigravity","model":"gemini-3.7-flash-high","provider":"antigravity","reset_
2026-09-14 21:54:07,698 INFO HTTP Request: POST https://vps.lpzproxy.xyz/v1/chat/completions "HTTP/1.1 429 Too Many Requests"
2026-09-14 21:54:07,759 INFO HTTP Request: POST https://vps.lpzproxy.xyz/v1/chat/completions "HTTP/1.1 429 Too Many Requests"
2026-09-14 21:54:07,760 ERROR judge job failed after retries: API request failed after retries: retryable HTTP 429: {"error":{"code":"model_cooldown","message":"All credentials for model gemini-3.7-flash-high are cooling down via provider antigravity","model":"gemini-3.7-flash-high","provider":"antigravity","reset_
2026-09-14 21:54:07,780 INFO HTTP Request: POST https://vps.lpzproxy.xyz/v1/chat/completions "HTTP/1.1 429 Too Many Requests"
2026-09-14 21:54:07,806 INFO HTTP Request: POST https://vps.lpzproxy.xyz/v1/chat/completions "HTTP/1.1 429 Too Many Requests"
2026-09-14 21:54:07,806 ERROR judge job failed after retries: API request failed after retries: retryable HTTP 429: {"error":{"code":"model_cooldown","message":"All credentials for model gemini-3.7-flash-high are cooling down via provider antigravity","model":"gemini-3.7-flash-high","provider":"antigravity","reset_
2026-09-14 21:54:07,813 INFO HTTP Request: POST https://vps.lpzproxy.xyz/v1/chat/completions "HTTP/1.1 429 Too Many Requests"
2026-09-14 21:54:07,860 INFO HTTP Request: POST https://vps.lpzproxy.xyz/v1/chat/completions "HTTP/1.1 429 Too Many Requests"
2026-09-14 21:54:07,913 INFO HTTP Request: POST https://vps.lpzproxy.xyz/v1/chat/completions "HTTP/1.1 429 Too Many Requests"
2026-09-14 21:54:07,914 ERROR judge job failed after retries: API request failed after retries: retryable HTTP 429: {"error":{"code":"model_cooldown","message":"All credentials for model gemini-3.7-flash-high are cooling down via provider antigravity","model":"gemini-3.7-flash-high","provider":"antigravity","reset_
2026-09-14 21:54:07,928 INFO HTTP Request: POST https://vps.lpzproxy.xyz/v1/chat/completions "HTTP/1.1 429 Too Many Requests"
2026-09-14 21:54:07,965 INFO HTTP Request: POST https://vps.lpzproxy.xyz/v1/chat/completions "HTTP/1.1 429 Too Many Requests"
2026-09-14 21:54:07,983 INFO HTTP Request: POST https://vps.lpzproxy.xyz/v1/chat/completions "HTTP/1.1 429 Too Many Requests"
2026-09-14 21:54:07,998 INFO HTTP Request: POST https://vps.lpzproxy.xyz/v1/chat/completions "HTTP/1.1 429 Too Many Requests"
2026-09-14 21:54:08,015 INFO HTTP Request: POST https://vps.lpzproxy.xyz/v1/chat/completions "HTTP/1.1 429 Too Many Requests"
2026-09-14 21:54:08,016 INFO HTTP Request: POST https://vps.lpzproxy.xyz/v1/chat/completions "HTTP/1.1 429 Too Many Requests"
2026-09-14 21:54:08,049 INFO HTTP Request: POST https://vps.lpzproxy.xyz/v1/chat/completions "HTTP/1.1 429 Too Many Requests"
2026-09-14 21:54:08,265 INFO HTTP Request: POST https://vps.lpzproxy.xyz/v1/chat/completions "HTTP/1.1 429 Too Many Requests"
2026-09-14 21:54:08,393 INFO HTTP Request: POST https://vps.lpzproxy.xyz/v1/chat/completions "HTTP/1.1 429 Too Many Requests"
2026-09-14 21:54:08,417 INFO HTTP Request: POST https://vps.lpzproxy.xyz/v1/chat/completions "HTTP/1.1 429 Too Many Requests"
2026-09-14 21:54:08,495 INFO HTTP Request: POST https://vps.lpzproxy.xyz/v1/chat/completions "HTTP/1.1 429 Too Many Requests"
2026-09-14 21:54:08,536 INFO HTTP Request: POST https://vps.lpzproxy.xyz/v1/chat/completions "HTTP/1.1 429 Too Many Requests"
2026-09-14 21:54:08,550 INFO HTTP Request: POST https://vps.lpzproxy.xyz/v1/chat/completions "HTTP/1.1 429 Too Many Requests"
2026-09-14 21:54:08,578 INFO HTTP Request: POST https://vps.lpzproxy.xyz/v1/chat/completions "HTTP/1.1 429 Too Many Requests"
2026-09-14 21:54:08,580 INFO HTTP Request: POST https://vps.lpzproxy.xyz/v1/chat/completions "HTTP/1.1 429 Too Many Requests"
2026-09-14 21:54:08,584 INFO HTTP Request: POST https://vps.lpzproxy.xyz/v1/chat/completions "HTTP/1.1 429 Too Many Requests"
2026-09-14 21:54:08,592 INFO HTTP Request: POST https://vps.lpzproxy.xyz/v1/chat/completions "HTTP/1.1 429 Too Many Requests"
2026-09-14 21:54:08,607 INFO HTTP Request: POST https://vps.lpzproxy.xyz/v1/chat/completions "HTTP/1.1 429 Too Many Requests"
2026-09-14 21:54:08,669 INFO HTTP Request: POST https://vps.lpzproxy.xyz/v1/chat/completions "HTTP/1.1 429 Too Many Requests"
2026-09-14 21:54:08,692 INFO HTTP Request: POST https://vps.lpzproxy.xyz/v1/chat/completions "HTTP/1.1 429 Too Many Requests"
2026-09-14 21:54:08,693 ERROR judge job failed after retries: API request failed after retries: retryable HTTP 429: {"error":{"code":"model_cooldown","message":"All credentials for model gemini-3.7-flash-high are cooling down via provider antigravity","model":"gemini-3.7-flash-high","provider":"antigravity","reset_
2026-09-14 21:54:08,764 INFO HTTP Request: POST https://vps.lpzproxy.xyz/v1/chat/completions "HTTP/1.1 429 Too Many Requests"
2026-09-14 21:54:09,005 INFO HTTP Request: POST https://vps.lpzproxy.xyz/v1/chat/completions "HTTP/1.1 429 Too Many Requests"
2026-09-14 21:54:09,040 INFO HTTP Request: POST https://vps.lpzproxy.xyz/v1/chat/completions "HTTP/1.1 429 Too Many Requests"
2026-09-14 21:54:09,093 INFO HTTP Request: POST https://vps.lpzproxy.xyz/v1/chat/completions "HTTP/1.1 429 Too Many Requests"
2026-09-14 21:54:09,121 INFO HTTP Request: POST https://vps.lpzproxy.xyz/v1/chat/completions "HTTP/1.1 429 Too Many Requests"
2026-09-14 21:54:09,183 INFO HTTP Request: POST https://vps.lpzproxy.xyz/v1/chat/completions "HTTP/1.1 429 Too Many Requests"
2026-09-14 21:54:09,194 INFO HTTP Request: POST https://vps.lpzproxy.xyz/v1/chat/completions "HTTP/1.1 429 Too Many Requests"
2026-09-14 21:54:09,217 INFO HTTP Request: POST https://vps.lpzproxy.xyz/v1/chat/completions "HTTP/1.1 429 Too Many Requests"
2026-09-14 21:54:09,271 INFO HTTP Request: POST https://vps.lpzproxy.xyz/v1/chat/completions "HTTP/1.1 429 Too Many Requests"
2026-09-14 21:54:09,300 INFO HTTP Request: POST https://vps.lpzproxy.xyz/v1/chat/completions "HTTP/1.1 429 Too Many Requests"
2026-09-14 21:54:09,302 INFO HTTP Request: POST https://vps.lpzproxy.xyz/v1/chat/completions "HTTP/1.1 429 Too Many Requests"
2026-09-14 21:54:09,423 INFO HTTP Request: POST https://vps.lpzproxy.xyz/v1/chat/completions "HTTP/1.1 429 Too Many Requests"
2026-09-14 21:54:09,428 INFO HTTP Request: POST https://vps.lpzproxy.xyz/v1/chat/completions "HTTP/1.1 429 Too Many Requests"
2026-09-14 21:54:09,628 INFO HTTP Request: POST https://vps.lpzproxy.xyz/v1/chat/completions "HTTP/1.1 429 Too Many Requests"
2026-09-14 21:54:09,645 INFO HTTP Request: POST https://vps.lpzproxy.xyz/v1/chat/completions "HTTP/1.1 429 Too Many Requests"
2026-09-14 21:54:09,804 INFO HTTP Request: POST https://vps.lpzproxy.xyz/v1/chat/completions "HTTP/1.1 429 Too Many Requests"
2026-09-14 21:54:09,853 INFO HTTP Request: POST https://vps.lpzproxy.xyz/v1/chat/completions "HTTP/1.1 429 Too Many Requests"
2026-09-14 21:54:09,947 INFO HTTP Request: POST https://vps.lpzproxy.xyz/v1/chat/completions "HTTP/1.1 429 Too Many Requests"
2026-09-14 21:54:10,085 INFO HTTP Request: POST https://vps.lpzproxy.xyz/v1/chat/completions "HTTP/1.1 429 Too Many Requests"
2026-09-14 21:54:10,106 INFO HTTP Request: POST https://vps.lpzproxy.xyz/v1/chat/completions "HTTP/1.1 429 Too Many Requests"
2026-09-14 21:54:10,249 INFO HTTP Request: POST https://vps.lpzproxy.xyz/v1/chat/completions "HTTP/1.1 429 Too Many Requests"
2026-09-14 21:54:10,253 INFO HTTP Request: POST https://vps.lpzproxy.xyz/v1/chat/completions "HTTP/1.1 429 Too Many Requests"
2026-09-14 21:54:10,286 INFO HTTP Request: POST https://vps.lpzproxy.xyz/v1/chat/completions "HTTP/1.1 429 Too Many Requests"
2026-09-14 21:54:10,513 INFO HTTP Request: POST https://vps.lpzproxy.xyz/v1/chat/completions "HTTP/1.1 429 Too Many Requests"
2026-09-14 21:54:10,606 INFO HTTP Request: POST https://vps.lpzproxy.xyz/v1/chat/completions "HTTP/1.1 429 Too Many Requests"
2026-09-14 21:54:10,628 INFO HTTP Request: POST https://vps.lpzproxy.xyz/v1/chat/completions "HTTP/1.1 429 Too Many Requests"
2026-09-14 21:54:10,650 INFO HTTP Request: POST https://vps.lpzproxy.xyz/v1/chat/completions "HTTP/1.1 429 Too Many Requests"
2026-09-14 21:54:10,690 INFO HTTP Request: POST https://vps.lpzproxy.xyz/v1/chat/completions "HTTP/1.1 429 Too Many Requests"
2026-09-14 21:54:10,690 INFO HTTP Request: POST https://vps.lpzproxy.xyz/v1/chat/completions "HTTP/1.1 429 Too Many Requests"
2026-09-14 21:54:10,731 INFO HTTP Request: POST https://vps.lpzproxy.xyz/v1/chat/completions "HTTP/1.1 429 Too Many Requests"
2026-09-14 21:54:10,791 INFO HTTP Request: POST https://vps.lpzproxy.xyz/v1/chat/completions "HTTP/1.1 429 Too Many Requests"
2026-09-14 21:54:11,086 INFO HTTP Request: POST https://vps.lpzproxy.xyz/v1/chat/completions "HTTP/1.1 429 Too Many Requests"
2026-09-14 21:54:11,113 INFO HTTP Request: POST https://vps.lpzproxy.xyz/v1/chat/completions "HTTP/1.1 429 Too Many Requests"
2026-09-14 21:54:11,200 INFO HTTP Request: POST https://vps.lpzproxy.xyz/v1/chat/completions "HTTP/1.1 429 Too Many Requests"
2026-09-14 21:54:11,214 INFO HTTP Request: POST https://vps.lpzproxy.xyz/v1/chat/completions "HTTP/1.1 429 Too Many Requests"
2026-09-14 21:54:11,248 INFO HTTP Request: POST https://vps.lpzproxy.xyz/v1/chat/completions "HTTP/1.1 429 Too Many Requests"
2026-09-14 21:54:11,253 INFO HTTP Request: POST https://vps.lpzproxy.xyz/v1/chat/completions "HTTP/1.1 429 Too Many Requests"
2026-09-14 21:54:11,311 INFO HTTP Request: POST https://vps.lpzproxy.xyz/v1/chat/completions "HTTP/1.1 429 Too Many Requests"
2026-09-14 21:54:11,328 INFO HTTP Request: POST https://vps.lpzproxy.xyz/v1/chat/completions "HTTP/1.1 429 Too Many Requests"
2026-09-14 21:54:11,453 INFO HTTP Request: POST https://vps.lpzproxy.xyz/v1/chat/completions "HTTP/1.1 429 Too Many Requests"
2026-09-14 21:54:11,564 INFO HTTP Request: POST https://vps.lpzproxy.xyz/v1/chat/completions "HTTP/1.1 429 Too Many Requests"
2026-09-14 21:54:11,705 INFO HTTP Request: POST https://vps.lpzproxy.xyz/v1/chat/completions "HTTP/1.1 429 Too Many Requests"
2026-09-14 21:54:11,734 INFO HTTP Request: POST https://vps.lpzproxy.xyz/v1/chat/completions "HTTP/1.1 429 Too Many Requests"
2026-09-14 21:54:11,816 INFO HTTP Request: POST https://vps.lpzproxy.xyz/v1/chat/completions "HTTP/1.1 429 Too Many Requests"
2026-09-14 21:54:11,865 INFO HTTP Request: POST https://vps.lpzproxy.xyz/v1/chat/completions "HTTP/1.1 429 Too Many Requests"
2026-09-14 21:54:11,896 INFO HTTP Request: POST https://vps.lpzproxy.xyz/v1/chat/completions "HTTP/1.1 429 Too Many Requests"
2026-09-14 21:54:12,020 INFO HTTP Request: POST https://vps.lpzproxy.xyz/v1/chat/completions "HTTP/1.1 429 Too Many Requests"
2026-09-14 21:54:12,021 INFO HTTP Request: POST https://vps.lpzproxy.xyz/v1/chat/completions "HTTP/1.1 429 Too Many Requests"
2026-09-14 21:54:12,023 INFO HTTP Request: POST https://vps.lpzproxy.xyz/v1/chat/completions "HTTP/1.1 429 Too Many Requests"
2026-09-14 21:54:12,045 INFO HTTP Request: POST https://vps.lpzproxy.xyz/v1/chat/completions "HTTP/1.1 429 Too Many Requests"
2026-09-14 21:54:12,094 INFO HTTP Request: POST https://vps.lpzproxy.xyz/v1/chat/completions "HTTP/1.1 429 Too Many Requests"
2026-09-14 21:54:12,390 INFO HTTP Request: POST https://vps.lpzproxy.xyz/v1/chat/completions "HTTP/1.1 429 Too Many Requests"
2026-09-14 21:54:12,395 INFO HTTP Request: POST https://vps.lpzproxy.xyz/v1/chat/completions "HTTP/1.1 429 Too Many Requests"
2026-09-14 21:54:12,554 INFO HTTP Request: POST https://vps.lpzproxy.xyz/v1/chat/completions "HTTP/1.1 429 Too Many Requests"
2026-09-14 21:54:12,589 INFO HTTP Request: POST https://vps.lpzproxy.xyz/v1/chat/completions "HTTP/1.1 429 Too Many Requests"
2026-09-14 21:54:12,909 INFO HTTP Request: POST https://vps.lpzproxy.xyz/v1/chat/completions "HTTP/1.1 429 Too Many Requests"
2026-09-14 21:54:12,931 INFO HTTP Request: POST https://vps.lpzproxy.xyz/v1/chat/completions "HTTP/1.1 429 Too Many Requests"
2026-09-14 21:54:12,948 INFO HTTP Request: POST https://vps.lpzproxy.xyz/v1/chat/completions "HTTP/1.1 429 Too Many Requests"
2026-09-14 21:54:12,960 INFO HTTP Request: POST https://vps.lpzproxy.xyz/v1/chat/completions "HTTP/1.1 429 Too Many Requests"
2026-09-14 21:54:12,984 INFO HTTP Request: POST https://vps.lpzproxy.xyz/v1/chat/completions "HTTP/1.1 429 Too Many Requests"
2026-09-14 21:54:13,090 INFO HTTP Request: POST https://vps.lpzproxy.xyz/v1/chat/completions "HTTP/1.1 429 Too Many Requests"
2026-09-14 21:54:13,184 INFO HTTP Request: POST https://vps.lpzproxy.xyz/v1/chat/completions "HTTP/1.1 429 Too Many Requests"
2026-09-14 21:54:13,273 INFO HTTP Request: POST https://vps.lpzproxy.xyz/v1/chat/completions "HTTP/1.1 429 Too Many Requests"
2026-09-14 21:54:13,573 INFO HTTP Request: POST https://vps.lpzproxy.xyz/v1/chat/completions "HTTP/1.1 429 Too Many Requests"
2026-09-14 21:54:13,673 INFO HTTP Request: POST https://vps.lpzproxy.xyz/v1/chat/completions "HTTP/1.1 429 Too Many Requests"
2026-09-14 21:54:14,009 INFO HTTP Request: POST https://vps.lpzproxy.xyz/v1/chat/completions "HTTP/1.1 429 Too Many Requests"
2026-09-14 21:54:14,125 INFO HTTP Request: POST https://vps.lpzproxy.xyz/v1/chat/completions "HTTP/1.1 429 Too Many Requests"
2026-09-14 21:54:14,153 INFO HTTP Request: POST https://vps.lpzproxy.xyz/v1/chat/completions "HTTP/1.1 429 Too Many Requests"
2026-09-14 21:54:14,364 INFO HTTP Request: POST https://vps.lpzproxy.xyz/v1/chat/completions "HTTP/1.1 429 Too Many Requests"
2026-09-14 21:54:14,727 INFO HTTP Request: POST https://vps.lpzproxy.xyz/v1/chat/completions "HTTP/1.1 429 Too Many Requests"
2026-09-14 21:54:14,727 INFO HTTP Request: POST https://vps.lpzproxy.xyz/v1/chat/completions "HTTP/1.1 429 Too Many Requests"
2026-09-14 21:54:14,732 INFO HTTP Request: POST https://vps.lpzproxy.xyz/v1/chat/completions "HTTP/1.1 429 Too Many Requests"
2026-09-14 21:54:15,769 INFO HTTP Request: POST https://vps.lpzproxy.xyz/v1/chat/completions "HTTP/1.1 429 Too Many Requests"
2026-09-14 21:54:15,828 INFO HTTP Request: POST https://vps.lpzproxy.xyz/v1/chat/completions "HTTP/1.1 429 Too Many Requests"
2026-09-14 21:54:15,898 INFO HTTP Request: POST https://vps.lpzproxy.xyz/v1/chat/completions "HTTP/1.1 429 Too Many Requests"
2026-09-14 21:54:15,963 INFO HTTP Request: POST https://vps.lpzproxy.xyz/v1/chat/completions "HTTP/1.1 429 Too Many Requests"
2026-09-14 21:54:16,023 INFO HTTP Request: POST https://vps.lpzproxy.xyz/v1/chat/completions "HTTP/1.1 429 Too Many Requests"
2026-09-14 21:54:16,080 INFO HTTP Request: POST https://vps.lpzproxy.xyz/v1/chat/completions "HTTP/1.1 429 Too Many Requests"
2026-09-14 21:54:16,083 INFO HTTP Request: POST https://vps.lpzproxy.xyz/v1/chat/completions "HTTP/1.1 429 Too Many Requests"
2026-09-14 21:54:16,288 INFO HTTP Request: POST https://vps.lpzproxy.xyz/v1/chat/completions "HTTP/1.1 429 Too Many Requests"
2026-09-14 21:54:16,488 INFO HTTP Request: POST https://vps.lpzproxy.xyz/v1/chat/completions "HTTP/1.1 429 Too Many Requests"
2026-09-14 21:54:16,611 INFO HTTP Request: POST https://vps.lpzproxy.xyz/v1/chat/completions "HTTP/1.1 429 Too Many Requests"
2026-09-14 21:54:16,646 INFO HTTP Request: POST https://vps.lpzproxy.xyz/v1/chat/completions "HTTP/1.1 429 Too Many Requests"
2026-09-14 21:54:16,692 INFO HTTP Request: POST https://vps.lpzproxy.xyz/v1/chat/completions "HTTP/1.1 429 Too Many Requests"
2026-09-14 21:54:16,709 INFO HTTP Request: POST https://vps.lpzproxy.xyz/v1/chat/completions "HTTP/1.1 429 Too Many Requests"
2026-09-14 21:54:16,743 INFO HTTP Request: POST https://vps.lpzproxy.xyz/v1/chat/completions "HTTP/1.1 429 Too Many Requests"
2026-09-14 21:54:17,123 INFO HTTP Request: POST https://vps.lpzproxy.xyz/v1/chat/completions "HTTP/1.1 429 Too Many Requests"
2026-09-14 21:54:17,129 INFO HTTP Request: POST https://vps.lpzproxy.xyz/v1/chat/completions "HTTP/1.1 429 Too Many Requests"
2026-09-14 21:54:17,138 INFO HTTP Request: POST https://vps.lpzproxy.xyz/v1/chat/completions "HTTP/1.1 429 Too Many Requests"
2026-09-14 21:54:17,166 INFO HTTP Request: POST https://vps.lpzproxy.xyz/v1/chat/completions "HTTP/1.1 429 Too Many Requests"
2026-09-14 21:54:17,196 INFO HTTP Request: POST https://vps.lpzproxy.xyz/v1/chat/completions "HTTP/1.1 429 Too Many Requests"
2026-09-14 21:54:17,213 INFO HTTP Request: POST https://vps.lpzproxy.xyz/v1/chat/completions "HTTP/1.1 429 Too Many Requests"
2026-09-14 21:54:17,281 INFO HTTP Request: POST https://vps.lpzproxy.xyz/v1/chat/completions "HTTP/1.1 429 Too Many Requests"
2026-09-14 21:54:17,469 INFO HTTP Request: POST https://vps.lpzproxy.xyz/v1/chat/completions "HTTP/1.1 429 Too Many Requests"
2026-09-14 21:54:17,503 INFO HTTP Request: POST https://vps.lpzproxy.xyz/v1/chat/completions "HTTP/1.1 429 Too Many Requests"
2026-09-14 21:54:17,505 INFO HTTP Request: POST https://vps.lpzproxy.xyz/v1/chat/completions "HTTP/1.1 429 Too Many Requests"
2026-09-14 21:54:17,818 INFO HTTP Request: POST https://vps.lpzproxy.xyz/v1/chat/completions "HTTP/1.1 429 Too Many Requests"
2026-09-14 21:54:17,904 INFO HTTP Request: POST https://vps.lpzproxy.xyz/v1/chat/completions "HTTP/1.1 429 Too Many Requests"
2026-09-14 21:54:17,923 INFO HTTP Request: POST https://vps.lpzproxy.xyz/v1/chat/completions "HTTP/1.1 429 Too Many Requests"
2026-09-14 21:54:18,063 INFO HTTP Request: POST https://vps.lpzproxy.xyz/v1/chat/completions "HTTP/1.1 429 Too Many Requests"
2026-09-14 21:54:18,463 INFO HTTP Request: POST https://vps.lpzproxy.xyz/v1/chat/completions "HTTP/1.1 429 Too Many Requests"
2026-09-14 21:54:18,489 INFO HTTP Request: POST https://vps.lpzproxy.xyz/v1/chat/completions "HTTP/1.1 429 Too Many Requests"
2026-09-14 21:54:18,727 INFO HTTP Request: POST https://vps.lpzproxy.xyz/v1/chat/completions "HTTP/1.1 429 Too Many Requests"
2026-09-14 21:54:18,749 INFO HTTP Request: POST https://vps.lpzproxy.xyz/v1/chat/completions "HTTP/1.1 429 Too Many Requests"
2026-09-14 21:54:18,854 INFO HTTP Request: POST https://vps.lpzproxy.xyz/v1/chat/completions "HTTP/1.1 429 Too Many Requests"
2026-09-14 21:54:19,205 INFO HTTP Request: POST https://vps.lpzproxy.xyz/v1/chat/completions "HTTP/1.1 429 Too Many Requests"
2026-09-14 21:54:19,327 INFO HTTP Request: POST https://vps.lpzproxy.xyz/v1/chat/completions "HTTP/1.1 429 Too Many Requests"
2026-09-14 21:54:19,384 INFO HTTP Request: POST https://vps.lpzproxy.xyz/v1/chat/completions "HTTP/1.1 429 Too Many Requests"
2026-09-14 21:54:19,644 INFO HTTP Request: POST https://vps.lpzproxy.xyz/v1/chat/completions "HTTP/1.1 429 Too Many Requests"
2026-09-14 21:54:19,925 INFO HTTP Request: POST https://vps.lpzproxy.xyz/v1/chat/completions "HTTP/1.1 429 Too Many Requests"
2026-09-14 21:54:19,927 INFO HTTP Request: POST https://vps.lpzproxy.xyz/v1/chat/completions "HTTP/1.1 429 Too Many Requests"
2026-09-14 21:54:20,002 INFO HTTP Request: POST https://vps.lpzproxy.xyz/v1/chat/completions "HTTP/1.1 429 Too Many Requests"
2026-09-14 21:54:25,299 INFO HTTP Request: POST https://vps.lpzproxy.xyz/v1/chat/completions "HTTP/1.1 429 Too Many Requests"
2026-09-14 21:54:25,300 ERROR judge job failed after retries: API request failed after retries: retryable HTTP 429: {"error":{"code":"model_cooldown","message":"All credentials for model gemini-3.7-flash-high are cooling down via provider antigravity","model":"gemini-3.7-flash-high","provider":"antigravity","reset_
2026-09-14 21:54:25,547 INFO HTTP Request: POST https://vps.lpzproxy.xyz/v1/chat/completions "HTTP/1.1 429 Too Many Requests"
2026-09-14 21:54:25,548 ERROR judge job failed after retries: API request failed after retries: retryable HTTP 429: {"error":{"code":"model_cooldown","message":"All credentials for model gemini-3.7-flash-high are cooling down via provider antigravity","model":"gemini-3.7-flash-high","provider":"antigravity","reset_
2026-09-14 21:54:25,653 INFO HTTP Request: POST https://vps.lpzproxy.xyz/v1/chat/completions "HTTP/1.1 429 Too Many Requests"
2026-09-14 21:54:25,653 ERROR judge job failed after retries: API request failed after retries: retryable HTTP 429: {"error":{"code":"model_cooldown","message":"All credentials for model gemini-3.7-flash-high are cooling down via provider antigravity","model":"gemini-3.7-flash-high","provider":"antigravity","reset_
2026-09-14 21:54:25,884 INFO HTTP Request: POST https://vps.lpzproxy.xyz/v1/chat/completions "HTTP/1.1 429 Too Many Requests"
2026-09-14 21:54:25,884 ERROR judge job failed after retries: API request failed after retries: retryable HTTP 429: {"error":{"code":"model_cooldown","message":"All credentials for model gemini-3.7-flash-high are cooling down via provider antigravity","model":"gemini-3.7-flash-high","provider":"antigravity","reset_
2026-09-14 21:54:25,922 INFO HTTP Request: POST https://vps.lpzproxy.xyz/v1/chat/completions "HTTP/1.1 429 Too Many Requests"
2026-09-14 21:54:25,923 ERROR judge job failed after retries: API request failed after retries: retryable HTTP 429: {"error":{"code":"model_cooldown","message":"All credentials for model gemini-3.7-flash-high are cooling down via provider antigravity","model":"gemini-3.7-flash-high","provider":"antigravity","reset_
2026-09-14 21:54:26,017 INFO HTTP Request: POST https://vps.lpzproxy.xyz/v1/chat/completions "HTTP/1.1 429 Too Many Requests"
2026-09-14 21:54:26,018 ERROR judge job failed after retries: API request failed after retries: retryable HTTP 429: {"error":{"code":"model_cooldown","message":"All credentials for model gemini-3.7-flash-high are cooling down via provider antigravity","model":"gemini-3.7-flash-high","provider":"antigravity","reset_
2026-09-14 21:54:26,051 INFO HTTP Request: POST https://vps.lpzproxy.xyz/v1/chat/completions "HTTP/1.1 429 Too Many Requests"
2026-09-14 21:54:26,051 ERROR judge job failed after retries: API request failed after retries: retryable HTTP 429: {"error":{"code":"model_cooldown","message":"All credentials for model gemini-3.7-flash-high are cooling down via provider antigravity","model":"gemini-3.7-flash-high","provider":"antigravity","reset_
2026-09-14 21:54:26,147 INFO HTTP Request: POST https://vps.lpzproxy.xyz/v1/chat/completions "HTTP/1.1 429 Too Many Requests"
2026-09-14 21:54:26,148 ERROR judge job failed after retries: API request failed after retries: retryable HTTP 429: {"error":{"code":"model_cooldown","message":"All credentials for model gemini-3.7-flash-high are cooling down via provider antigravity","model":"gemini-3.7-flash-high","provider":"antigravity","reset_
2026-09-14 21:54:26,159 INFO HTTP Request: POST https://vps.lpzproxy.xyz/v1/chat/completions "HTTP/1.1 429 Too Many Requests"
2026-09-14 21:54:26,159 ERROR judge job failed after retries: API request failed after retries: retryable HTTP 429: {"error":{"code":"model_cooldown","message":"All credentials for model gemini-3.7-flash-high are cooling down via provider antigravity","model":"gemini-3.7-flash-high","provider":"antigravity","reset_
2026-09-14 21:54:26,474 INFO HTTP Request: POST https://vps.lpzproxy.xyz/v1/chat/completions "HTTP/1.1 429 Too Many Requests"
2026-09-14 21:54:26,474 ERROR judge job failed after retries: API request failed after retries: retryable HTTP 429: {"error":{"code":"model_cooldown","message":"All credentials for model gemini-3.7-flash-high are cooling down via provider antigravity","model":"gemini-3.7-flash-high","provider":"antigravity","reset_
2026-09-14 21:54:26,739 INFO HTTP Request: POST https://vps.lpzproxy.xyz/v1/chat/completions "HTTP/1.1 429 Too Many Requests"
2026-09-14 21:54:26,767 INFO HTTP Request: POST https://vps.lpzproxy.xyz/v1/chat/completions "HTTP/1.1 429 Too Many Requests"
2026-09-14 21:54:26,767 ERROR judge job failed after retries: API request failed after retries: retryable HTTP 429: {"error":{"code":"model_cooldown","message":"All credentials for model gemini-3.7-flash-high are cooling down via provider antigravity","model":"gemini-3.7-flash-high","provider":"antigravity","reset_
2026-09-14 21:54:26,813 INFO HTTP Request: POST https://vps.lpzproxy.xyz/v1/chat/completions "HTTP/1.1 429 Too Many Requests"
2026-09-14 21:54:26,813 ERROR judge job failed after retries: API request failed after retries: retryable HTTP 429: {"error":{"code":"model_cooldown","message":"All credentials for model gemini-3.7-flash-high are cooling down via provider antigravity","model":"gemini-3.7-flash-high","provider":"antigravity","reset_
2026-09-14 21:54:26,908 INFO HTTP Request: POST https://vps.lpzproxy.xyz/v1/chat/completions "HTTP/1.1 429 Too Many Requests"
2026-09-14 21:54:26,909 ERROR judge job failed after retries: API request failed after retries: retryable HTTP 429: {"error":{"code":"model_cooldown","message":"All credentials for model gemini-3.7-flash-high are cooling down via provider antigravity","model":"gemini-3.7-flash-high","provider":"antigravity","reset_
2026-09-14 21:54:26,910 INFO HTTP Request: POST https://vps.lpzproxy.xyz/v1/chat/completions "HTTP/1.1 429 Too Many Requests"
2026-09-14 21:54:26,910 ERROR judge job failed after retries: API request failed after retries: retryable HTTP 429: {"error":{"code":"model_cooldown","message":"All credentials for model gemini-3.7-flash-high are cooling down via provider antigravity","model":"gemini-3.7-flash-high","provider":"antigravity","reset_
2026-09-14 21:54:26,926 INFO HTTP Request: POST https://vps.lpzproxy.xyz/v1/chat/completions "HTTP/1.1 429 Too Many Requests"
2026-09-14 21:54:26,927 ERROR judge job failed after retries: API request failed after retries: retryable HTTP 429: {"error":{"code":"model_cooldown","message":"All credentials for model gemini-3.7-flash-high are cooling down via provider antigravity","model":"gemini-3.7-flash-high","provider":"antigravity","reset_
2026-09-14 21:54:26,967 INFO HTTP Request: POST https://vps.lpzproxy.xyz/v1/chat/completions "HTTP/1.1 429 Too Many Requests"
2026-09-14 21:54:26,993 INFO HTTP Request: POST https://vps.lpzproxy.xyz/v1/chat/completions "HTTP/1.1 429 Too Many Requests"
2026-09-14 21:54:26,994 ERROR judge job failed after retries: API request failed after retries: retryable HTTP 429: {"error":{"code":"model_cooldown","message":"All credentials for model gemini-3.7-flash-high are cooling down via provider antigravity","model":"gemini-3.7-flash-high","provider":"antigravity","reset_
2026-09-14 21:54:27,026 INFO HTTP Request: POST https://vps.lpzproxy.xyz/v1/chat/completions "HTTP/1.1 429 Too Many Requests"
2026-09-14 21:54:27,030 INFO HTTP Request: POST https://vps.lpzproxy.xyz/v1/chat/completions "HTTP/1.1 429 Too Many Requests"
2026-09-14 21:54:27,031 ERROR judge job failed after retries: API request failed after retries: retryable HTTP 429: {"error":{"code":"model_cooldown","message":"All credentials for model gemini-3.7-flash-high are cooling down via provider antigravity","model":"gemini-3.7-flash-high","provider":"antigravity","reset_
2026-09-14 21:54:27,053 INFO HTTP Request: POST https://vps.lpzproxy.xyz/v1/chat/completions "HTTP/1.1 429 Too Many Requests"
2026-09-14 21:54:27,053 ERROR judge job failed after retries: API request failed after retries: retryable HTTP 429: {"error":{"code":"model_cooldown","message":"All credentials for model gemini-3.7-flash-high are cooling down via provider antigravity","model":"gemini-3.7-flash-high","provider":"antigravity","reset_
2026-09-14 21:54:27,068 INFO HTTP Request: POST https://vps.lpzproxy.xyz/v1/chat/completions "HTTP/1.1 429 Too Many Requests"
2026-09-14 21:54:27,068 ERROR judge job failed after retries: API request failed after retries: retryable HTTP 429: {"error":{"code":"model_cooldown","message":"All credentials for model gemini-3.7-flash-high are cooling down via provider antigravity","model":"gemini-3.7-flash-high","provider":"antigravity","reset_
2026-09-14 21:54:27,116 INFO HTTP Request: POST https://vps.lpzproxy.xyz/v1/chat/completions "HTTP/1.1 429 Too Many Requests"
2026-09-14 21:54:27,116 ERROR judge job failed after retries: API request failed after retries: retryable HTTP 429: {"error":{"code":"model_cooldown","message":"All credentials for model gemini-3.7-flash-high are cooling down via provider antigravity","model":"gemini-3.7-flash-high","provider":"antigravity","reset_
2026-09-14 21:54:27,211 INFO HTTP Request: POST https://vps.lpzproxy.xyz/v1/chat/completions "HTTP/1.1 429 Too Many Requests"
2026-09-14 21:54:27,213 ERROR judge job failed after retries: API request failed after retries: retryable HTTP 429: {"error":{"code":"model_cooldown","message":"All credentials for model gemini-3.7-flash-high are cooling down via provider antigravity","model":"gemini-3.7-flash-high","provider":"antigravity","reset_
2026-09-14 21:54:27,230 INFO HTTP Request: POST https://vps.lpzproxy.xyz/v1/chat/completions "HTTP/1.1 429 Too Many Requests"
2026-09-14 21:54:27,230 ERROR judge job failed after retries: API request failed after retries: retryable HTTP 429: {"error":{"code":"model_cooldown","message":"All credentials for model gemini-3.7-flash-high are cooling down via provider antigravity","model":"gemini-3.7-flash-high","provider":"antigravity","reset_
2026-09-14 21:54:27,266 INFO HTTP Request: POST https://vps.lpzproxy.xyz/v1/chat/completions "HTTP/1.1 429 Too Many Requests"
2026-09-14 21:54:27,302 INFO HTTP Request: POST https://vps.lpzproxy.xyz/v1/chat/completions "HTTP/1.1 429 Too Many Requests"
2026-09-14 21:54:27,302 ERROR judge job failed after retries: API request failed after retries: retryable HTTP 429: {"error":{"code":"model_cooldown","message":"All credentials for model gemini-3.7-flash-high are cooling down via provider antigravity","model":"gemini-3.7-flash-high","provider":"antigravity","reset_
2026-09-14 21:54:27,440 INFO HTTP Request: POST https://vps.lpzproxy.xyz/v1/chat/completions "HTTP/1.1 429 Too Many Requests"
2026-09-14 21:54:27,443 INFO HTTP Request: POST https://vps.lpzproxy.xyz/v1/chat/completions "HTTP/1.1 429 Too Many Requests"
2026-09-14 21:54:27,445 INFO HTTP Request: POST https://vps.lpzproxy.xyz/v1/chat/completions "HTTP/1.1 429 Too Many Requests"
2026-09-14 21:54:27,456 INFO HTTP Request: POST https://vps.lpzproxy.xyz/v1/chat/completions "HTTP/1.1 429 Too Many Requests"
2026-09-14 21:54:27,457 ERROR judge job failed after retries: API request failed after retries: retryable HTTP 429: {"error":{"code":"model_cooldown","message":"All credentials for model gemini-3.7-flash-high are cooling down via provider antigravity","model":"gemini-3.7-flash-high","provider":"antigravity","reset_
2026-09-14 21:54:27,553 INFO HTTP Request: POST https://vps.lpzproxy.xyz/v1/chat/completions "HTTP/1.1 429 Too Many Requests"
2026-09-14 21:54:27,564 INFO HTTP Request: POST https://vps.lpzproxy.xyz/v1/chat/completions "HTTP/1.1 429 Too Many Requests"
2026-09-14 21:54:27,643 INFO HTTP Request: POST https://vps.lpzproxy.xyz/v1/chat/completions "HTTP/1.1 429 Too Many Requests"
2026-09-14 21:54:27,644 ERROR judge job failed after retries: API request failed after retries: retryable HTTP 429: {"error":{"code":"model_cooldown","message":"All credentials for model gemini-3.7-flash-high are cooling down via provider antigravity","model":"gemini-3.7-flash-high","provider":"antigravity","reset_
2026-09-14 21:54:27,691 INFO HTTP Request: POST https://vps.lpzproxy.xyz/v1/chat/completions "HTTP/1.1 429 Too Many Requests"
2026-09-14 21:54:27,692 ERROR judge job failed after retries: API request failed after retries: retryable HTTP 429: {"error":{"code":"model_cooldown","message":"All credentials for model gemini-3.7-flash-high are cooling down via provider antigravity","model":"gemini-3.7-flash-high","provider":"antigravity","reset_
2026-09-14 21:54:27,803 INFO HTTP Request: POST https://vps.lpzproxy.xyz/v1/chat/completions "HTTP/1.1 429 Too Many Requests"
2026-09-14 21:54:27,804 ERROR judge job failed after retries: API request failed after retries: retryable HTTP 429: {"error":{"code":"model_cooldown","message":"All credentials for model gemini-3.7-flash-high are cooling down via provider antigravity","model":"gemini-3.7-flash-high","provider":"antigravity","reset_
2026-09-14 21:54:27,860 INFO HTTP Request: POST https://vps.lpzproxy.xyz/v1/chat/completions "HTTP/1.1 429 Too Many Requests"
2026-09-14 21:54:27,910 INFO HTTP Request: POST https://vps.lpzproxy.xyz/v1/chat/completions "HTTP/1.1 429 Too Many Requests"
2026-09-14 21:54:27,911 ERROR judge job failed after retries: API request failed after retries: retryable HTTP 429: {"error":{"code":"model_cooldown","message":"All credentials for model gemini-3.7-flash-high are cooling down via provider antigravity","model":"gemini-3.7-flash-high","provider":"antigravity","reset_
2026-09-14 21:54:28,137 INFO HTTP Request: POST https://vps.lpzproxy.xyz/v1/chat/completions "HTTP/1.1 429 Too Many Requests"
2026-09-14 21:54:28,137 ERROR judge job failed after retries: API request failed after retries: retryable HTTP 429: {"error":{"code":"model_cooldown","message":"All credentials for model gemini-3.7-flash-high are cooling down via provider antigravity","model":"gemini-3.7-flash-high","provider":"antigravity","reset_
2026-09-14 21:54:28,139 INFO HTTP Request: POST https://vps.lpzproxy.xyz/v1/chat/completions "HTTP/1.1 429 Too Many Requests"
2026-09-14 21:54:28,139 ERROR judge job failed after retries: API request failed after retries: retryable HTTP 429: {"error":{"code":"model_cooldown","message":"All credentials for model gemini-3.7-flash-high are cooling down via provider antigravity","model":"gemini-3.7-flash-high","provider":"antigravity","reset_
2026-09-14 21:54:28,142 INFO HTTP Request: POST https://vps.lpzproxy.xyz/v1/chat/completions "HTTP/1.1 429 Too Many Requests"
2026-09-14 21:54:28,192 INFO HTTP Request: POST https://vps.lpzproxy.xyz/v1/chat/completions "HTTP/1.1 429 Too Many Requests"
2026-09-14 21:54:28,309 INFO HTTP Request: POST https://vps.lpzproxy.xyz/v1/chat/completions "HTTP/1.1 429 Too Many Requests"
2026-09-14 21:54:28,310 ERROR judge job failed after retries: API request failed after retries: retryable HTTP 429: {"error":{"code":"model_cooldown","message":"All credentials for model gemini-3.7-flash-high are cooling down via provider antigravity","model":"gemini-3.7-flash-high","provider":"antigravity","reset_
2026-09-14 21:54:28,311 INFO HTTP Request: POST https://vps.lpzproxy.xyz/v1/chat/completions "HTTP/1.1 429 Too Many Requests"
2026-09-14 21:54:28,316 INFO HTTP Request: POST https://vps.lpzproxy.xyz/v1/chat/completions "HTTP/1.1 429 Too Many Requests"
2026-09-14 21:54:28,320 INFO HTTP Request: POST https://vps.lpzproxy.xyz/v1/chat/completions "HTTP/1.1 429 Too Many Requests"
2026-09-14 21:54:28,407 INFO HTTP Request: POST https://vps.lpzproxy.xyz/v1/chat/completions "HTTP/1.1 429 Too Many Requests"
2026-09-14 21:54:28,408 INFO HTTP Request: POST https://vps.lpzproxy.xyz/v1/chat/completions "HTTP/1.1 429 Too Many Requests"
2026-09-14 21:54:28,444 INFO HTTP Request: POST https://vps.lpzproxy.xyz/v1/chat/completions "HTTP/1.1 429 Too Many Requests"
2026-09-14 21:54:28,456 INFO HTTP Request: POST https://vps.lpzproxy.xyz/v1/chat/completions "HTTP/1.1 429 Too Many Requests"
2026-09-14 21:54:28,487 INFO HTTP Request: POST https://vps.lpzproxy.xyz/v1/chat/completions "HTTP/1.1 429 Too Many Requests"
2026-09-14 21:54:28,488 ERROR judge job failed after retries: API request failed after retries: retryable HTTP 429: {"error":{"code":"model_cooldown","message":"All credentials for model gemini-3.7-flash-high are cooling down via provider antigravity","model":"gemini-3.7-flash-high","provider":"antigravity","reset_
2026-09-14 21:54:28,533 INFO HTTP Request: POST https://vps.lpzproxy.xyz/v1/chat/completions "HTTP/1.1 429 Too Many Requests"
2026-09-14 21:54:28,563 INFO HTTP Request: POST https://vps.lpzproxy.xyz/v1/chat/completions "HTTP/1.1 429 Too Many Requests"
2026-09-14 21:54:28,632 INFO HTTP Request: POST https://vps.lpzproxy.xyz/v1/chat/completions "HTTP/1.1 429 Too Many Requests"
2026-09-14 21:54:28,685 INFO HTTP Request: POST https://vps.lpzproxy.xyz/v1/chat/completions "HTTP/1.1 429 Too Many Requests"
2026-09-14 21:54:28,685 ERROR judge job failed after retries: API request failed after retries: retryable HTTP 429: {"error":{"code":"model_cooldown","message":"All credentials for model gemini-3.7-flash-high are cooling down via provider antigravity","model":"gemini-3.7-flash-high","provider":"antigravity","reset_
2026-09-14 21:54:28,699 INFO HTTP Request: POST https://vps.lpzproxy.xyz/v1/chat/completions "HTTP/1.1 429 Too Many Requests"
2026-09-14 21:54:28,725 INFO HTTP Request: POST https://vps.lpzproxy.xyz/v1/chat/completions "HTTP/1.1 429 Too Many Requests"
2026-09-14 21:54:28,726 ERROR judge job failed after retries: API request failed after retries: retryable HTTP 429: {"error":{"code":"model_cooldown","message":"All credentials for model gemini-3.7-flash-high are cooling down via provider antigravity","model":"gemini-3.7-flash-high","provider":"antigravity","reset_
2026-09-14 21:54:28,762 INFO HTTP Request: POST https://vps.lpzproxy.xyz/v1/chat/completions "HTTP/1.1 429 Too Many Requests"
2026-09-14 21:54:28,849 INFO HTTP Request: POST https://vps.lpzproxy.xyz/v1/chat/completions "HTTP/1.1 429 Too Many Requests"
2026-09-14 21:54:28,963 INFO HTTP Request: POST https://vps.lpzproxy.xyz/v1/chat/completions "HTTP/1.1 429 Too Many Requests"
2026-09-14 21:54:28,963 ERROR judge job failed after retries: API request failed after retries: retryable HTTP 429: {"error":{"code":"model_cooldown","message":"All credentials for model gemini-3.7-flash-high are cooling down via provider antigravity","model":"gemini-3.7-flash-high","provider":"antigravity","reset_
2026-09-14 21:54:29,007 INFO HTTP Request: POST https://vps.lpzproxy.xyz/v1/chat/completions "HTTP/1.1 429 Too Many Requests"
2026-09-14 21:54:29,083 INFO HTTP Request: POST https://vps.lpzproxy.xyz/v1/chat/completions "HTTP/1.1 429 Too Many Requests"
2026-09-14 21:54:29,190 INFO HTTP Request: POST https://vps.lpzproxy.xyz/v1/chat/completions "HTTP/1.1 429 Too Many Requests"
2026-09-14 21:54:29,246 INFO HTTP Request: POST https://vps.lpzproxy.xyz/v1/chat/completions "HTTP/1.1 429 Too Many Requests"
2026-09-14 21:54:29,283 INFO HTTP Request: POST https://vps.lpzproxy.xyz/v1/chat/completions "HTTP/1.1 429 Too Many Requests"
2026-09-14 21:54:29,292 INFO HTTP Request: POST https://vps.lpzproxy.xyz/v1/chat/completions "HTTP/1.1 429 Too Many Requests"
2026-09-14 21:54:29,299 INFO HTTP Request: POST https://vps.lpzproxy.xyz/v1/chat/completions "HTTP/1.1 429 Too Many Requests"
2026-09-14 21:54:29,368 INFO HTTP Request: POST https://vps.lpzproxy.xyz/v1/chat/completions "HTTP/1.1 429 Too Many Requests"
2026-09-14 21:54:29,428 INFO HTTP Request: POST https://vps.lpzproxy.xyz/v1/chat/completions "HTTP/1.1 429 Too Many Requests"
2026-09-14 21:54:29,428 ERROR judge job failed after retries: API request failed after retries: retryable HTTP 429: {"error":{"code":"model_cooldown","message":"All credentials for model gemini-3.7-flash-high are cooling down via provider antigravity","model":"gemini-3.7-flash-high","provider":"antigravity","reset_
2026-09-14 21:54:29,544 INFO HTTP Request: POST https://vps.lpzproxy.xyz/v1/chat/completions "HTTP/1.1 429 Too Many Requests"
2026-09-14 21:54:29,549 INFO HTTP Request: POST https://vps.lpzproxy.xyz/v1/chat/completions "HTTP/1.1 429 Too Many Requests"
2026-09-14 21:54:29,549 INFO HTTP Request: POST https://vps.lpzproxy.xyz/v1/chat/completions "HTTP/1.1 429 Too Many Requests"
2026-09-14 21:54:29,626 INFO HTTP Request: POST https://vps.lpzproxy.xyz/v1/chat/completions "HTTP/1.1 429 Too Many Requests"
2026-09-14 21:54:29,670 INFO HTTP Request: POST https://vps.lpzproxy.xyz/v1/chat/completions "HTTP/1.1 429 Too Many Requests"
2026-09-14 21:54:29,671 ERROR judge job failed after retries: API request failed after retries: retryable HTTP 429: {"error":{"code":"model_cooldown","message":"All credentials for model gemini-3.7-flash-high are cooling down via provider antigravity","model":"gemini-3.7-flash-high","provider":"antigravity","reset_
2026-09-14 21:54:29,723 INFO HTTP Request: POST https://vps.lpzproxy.xyz/v1/chat/completions "HTTP/1.1 429 Too Many Requests"
2026-09-14 21:54:29,767 INFO HTTP Request: POST https://vps.lpzproxy.xyz/v1/chat/completions "HTTP/1.1 429 Too Many Requests"
2026-09-14 21:54:29,774 INFO HTTP Request: POST https://vps.lpzproxy.xyz/v1/chat/completions "HTTP/1.1 429 Too Many Requests"
2026-09-14 21:54:29,804 INFO HTTP Request: POST https://vps.lpzproxy.xyz/v1/chat/completions "HTTP/1.1 429 Too Many Requests"
2026-09-14 21:54:29,883 INFO HTTP Request: POST https://vps.lpzproxy.xyz/v1/chat/completions "HTTP/1.1 429 Too Many Requests"
2026-09-14 21:54:29,899 INFO HTTP Request: POST https://vps.lpzproxy.xyz/v1/chat/completions "HTTP/1.1 429 Too Many Requests"
2026-09-14 21:54:29,935 INFO HTTP Request: POST https://vps.lpzproxy.xyz/v1/chat/completions "HTTP/1.1 429 Too Many Requests"
2026-09-14 21:54:29,938 INFO HTTP Request: POST https://vps.lpzproxy.xyz/v1/chat/completions "HTTP/1.1 429 Too Many Requests"
2026-09-14 21:54:29,939 ERROR judge job failed after retries: API request failed after retries: retryable HTTP 429: {"error":{"code":"model_cooldown","message":"All credentials for model gemini-3.7-flash-high are cooling down via provider antigravity","model":"gemini-3.7-flash-high","provider":"antigravity","reset_
2026-09-14 21:54:29,972 INFO HTTP Request: POST https://vps.lpzproxy.xyz/v1/chat/completions "HTTP/1.1 429 Too Many Requests"
2026-09-14 21:54:29,973 ERROR judge job failed after retries: API request failed after retries: retryable HTTP 429: {"error":{"code":"model_cooldown","message":"All credentials for model gemini-3.7-flash-high are cooling down via provider antigravity","model":"gemini-3.7-flash-high","provider":"antigravity","reset_
2026-09-14 21:54:30,022 INFO HTTP Request: POST https://vps.lpzproxy.xyz/v1/chat/completions "HTTP/1.1 429 Too Many Requests"
2026-09-14 21:54:30,023 ERROR judge job failed after retries: API request failed after retries: retryable HTTP 429: {"error":{"code":"model_cooldown","message":"All credentials for model gemini-3.7-flash-high are cooling down via provider antigravity","model":"gemini-3.7-flash-high","provider":"antigravity","reset_
2026-09-14 21:54:30,024 INFO HTTP Request: POST https://vps.lpzproxy.xyz/v1/chat/completions "HTTP/1.1 429 Too Many Requests"
2026-09-14 21:54:30,092 INFO HTTP Request: POST https://vps.lpzproxy.xyz/v1/chat/completions "HTTP/1.1 429 Too Many Requests"
2026-09-14 21:54:30,123 INFO HTTP Request: POST https://vps.lpzproxy.xyz/v1/chat/completions "HTTP/1.1 429 Too Many Requests"
2026-09-14 21:54:30,147 INFO HTTP Request: POST https://vps.lpzproxy.xyz/v1/chat/completions "HTTP/1.1 429 Too Many Requests"
2026-09-14 21:54:30,285 INFO HTTP Request: POST https://vps.lpzproxy.xyz/v1/chat/completions "HTTP/1.1 429 Too Many Requests"
2026-09-14 21:54:30,333 INFO HTTP Request: POST https://vps.lpzproxy.xyz/v1/chat/completions "HTTP/1.1 429 Too Many Requests"
2026-09-14 21:54:30,351 INFO HTTP Request: POST https://vps.lpzproxy.xyz/v1/chat/completions "HTTP/1.1 429 Too Many Requests"
2026-09-14 21:54:30,444 INFO HTTP Request: POST https://vps.lpzproxy.xyz/v1/chat/completions "HTTP/1.1 429 Too Many Requests"
2026-09-14 21:54:30,487 INFO HTTP Request: POST https://vps.lpzproxy.xyz/v1/chat/completions "HTTP/1.1 429 Too Many Requests"
2026-09-14 21:54:30,591 INFO HTTP Request: POST https://vps.lpzproxy.xyz/v1/chat/completions "HTTP/1.1 429 Too Many Requests"
2026-09-14 21:54:30,662 INFO HTTP Request: POST https://vps.lpzproxy.xyz/v1/chat/completions "HTTP/1.1 429 Too Many Requests"
2026-09-14 21:54:30,699 INFO HTTP Request: POST https://vps.lpzproxy.xyz/v1/chat/completions "HTTP/1.1 429 Too Many Requests"
2026-09-14 21:54:30,717 INFO HTTP Request: POST https://vps.lpzproxy.xyz/v1/chat/completions "HTTP/1.1 429 Too Many Requests"
2026-09-14 21:54:30,799 INFO HTTP Request: POST https://vps.lpzproxy.xyz/v1/chat/completions "HTTP/1.1 429 Too Many Requests"
2026-09-14 21:54:30,842 INFO HTTP Request: POST https://vps.lpzproxy.xyz/v1/chat/completions "HTTP/1.1 429 Too Many Requests"
2026-09-14 21:54:30,869 INFO HTTP Request: POST https://vps.lpzproxy.xyz/v1/chat/completions "HTTP/1.1 429 Too Many Requests"
2026-09-14 21:54:30,880 INFO HTTP Request: POST https://vps.lpzproxy.xyz/v1/chat/completions "HTTP/1.1 429 Too Many Requests"
2026-09-14 21:54:31,042 INFO HTTP Request: POST https://vps.lpzproxy.xyz/v1/chat/completions "HTTP/1.1 429 Too Many Requests"
2026-09-14 21:54:31,118 INFO HTTP Request: POST https://vps.lpzproxy.xyz/v1/chat/completions "HTTP/1.1 429 Too Many Requests"
2026-09-14 21:54:31,138 INFO HTTP Request: POST https://vps.lpzproxy.xyz/v1/chat/completions "HTTP/1.1 429 Too Many Requests"
2026-09-14 21:54:31,199 INFO HTTP Request: POST https://vps.lpzproxy.xyz/v1/chat/completions "HTTP/1.1 429 Too Many Requests"
2026-09-14 21:54:31,299 INFO HTTP Request: POST https://vps.lpzproxy.xyz/v1/chat/completions "HTTP/1.1 429 Too Many Requests"
2026-09-14 21:54:31,329 INFO HTTP Request: POST https://vps.lpzproxy.xyz/v1/chat/completions "HTTP/1.1 429 Too Many Requests"
2026-09-14 21:54:31,339 INFO HTTP Request: POST https://vps.lpzproxy.xyz/v1/chat/completions "HTTP/1.1 429 Too Many Requests"
2026-09-14 21:54:31,418 INFO HTTP Request: POST https://vps.lpzproxy.xyz/v1/chat/completions "HTTP/1.1 429 Too Many Requests"
2026-09-14 21:54:31,455 INFO HTTP Request: POST https://vps.lpzproxy.xyz/v1/chat/completions "HTTP/1.1 429 Too Many Requests"
2026-09-14 21:54:31,583 INFO HTTP Request: POST https://vps.lpzproxy.xyz/v1/chat/completions "HTTP/1.1 429 Too Many Requests"
2026-09-14 21:54:31,686 INFO HTTP Request: POST https://vps.lpzproxy.xyz/v1/chat/completions "HTTP/1.1 429 Too Many Requests"
2026-09-14 21:54:31,827 INFO HTTP Request: POST https://vps.lpzproxy.xyz/v1/chat/completions "HTTP/1.1 429 Too Many Requests"
2026-09-14 21:54:31,884 INFO HTTP Request: POST https://vps.lpzproxy.xyz/v1/chat/completions "HTTP/1.1 429 Too Many Requests"
2026-09-14 21:54:32,029 INFO HTTP Request: POST https://vps.lpzproxy.xyz/v1/chat/completions "HTTP/1.1 429 Too Many Requests"
2026-09-14 21:54:32,052 INFO HTTP Request: POST https://vps.lpzproxy.xyz/v1/chat/completions "HTTP/1.1 429 Too Many Requests"
2026-09-14 21:54:32,238 INFO HTTP Request: POST https://vps.lpzproxy.xyz/v1/chat/completions "HTTP/1.1 429 Too Many Requests"
2026-09-14 21:54:32,284 INFO HTTP Request: POST https://vps.lpzproxy.xyz/v1/chat/completions "HTTP/1.1 429 Too Many Requests"
2026-09-14 21:54:32,363 INFO HTTP Request: POST https://vps.lpzproxy.xyz/v1/chat/completions "HTTP/1.1 429 Too Many Requests"
2026-09-14 21:54:32,363 INFO HTTP Request: POST https://vps.lpzproxy.xyz/v1/chat/completions "HTTP/1.1 429 Too Many Requests"
2026-09-14 21:54:32,368 INFO HTTP Request: POST https://vps.lpzproxy.xyz/v1/chat/completions "HTTP/1.1 429 Too Many Requests"
2026-09-14 21:54:32,378 INFO HTTP Request: POST https://vps.lpzproxy.xyz/v1/chat/completions "HTTP/1.1 429 Too Many Requests"
2026-09-14 21:54:32,616 INFO HTTP Request: POST https://vps.lpzproxy.xyz/v1/chat/completions "HTTP/1.1 429 Too Many Requests"
2026-09-14 21:54:32,643 INFO HTTP Request: POST https://vps.lpzproxy.xyz/v1/chat/completions "HTTP/1.1 429 Too Many Requests"
2026-09-14 21:54:32,832 INFO HTTP Request: POST https://vps.lpzproxy.xyz/v1/chat/completions "HTTP/1.1 429 Too Many Requests"
2026-09-14 21:54:32,952 INFO HTTP Request: POST https://vps.lpzproxy.xyz/v1/chat/completions "HTTP/1.1 429 Too Many Requests"
2026-09-14 21:54:33,063 INFO HTTP Request: POST https://vps.lpzproxy.xyz/v1/chat/completions "HTTP/1.1 429 Too Many Requests"
2026-09-14 21:54:33,141 INFO HTTP Request: POST https://vps.lpzproxy.xyz/v1/chat/completions "HTTP/1.1 429 Too Many Requests"
2026-09-14 21:54:33,163 INFO HTTP Request: POST https://vps.lpzproxy.xyz/v1/chat/completions "HTTP/1.1 429 Too Many Requests"
2026-09-14 21:54:33,188 INFO HTTP Request: POST https://vps.lpzproxy.xyz/v1/chat/completions "HTTP/1.1 429 Too Many Requests"
2026-09-14 21:54:33,208 INFO HTTP Request: POST https://vps.lpzproxy.xyz/v1/chat/completions "HTTP/1.1 429 Too Many Requests"
2026-09-14 21:54:33,214 INFO HTTP Request: POST https://vps.lpzproxy.xyz/v1/chat/completions "HTTP/1.1 429 Too Many Requests"
2026-09-14 21:54:33,226 INFO HTTP Request: POST https://vps.lpzproxy.xyz/v1/chat/completions "HTTP/1.1 429 Too Many Requests"
2026-09-14 21:54:33,299 INFO HTTP Request: POST https://vps.lpzproxy.xyz/v1/chat/completions "HTTP/1.1 429 Too Many Requests"
2026-09-14 21:54:33,379 INFO HTTP Request: POST https://vps.lpzproxy.xyz/v1/chat/completions "HTTP/1.1 429 Too Many Requests"
2026-09-14 21:54:33,402 INFO HTTP Request: POST https://vps.lpzproxy.xyz/v1/chat/completions "HTTP/1.1 429 Too Many Requests"
2026-09-14 21:54:33,407 INFO HTTP Request: POST https://vps.lpzproxy.xyz/v1/chat/completions "HTTP/1.1 429 Too Many Requests"
2026-09-14 21:54:33,430 INFO HTTP Request: POST https://vps.lpzproxy.xyz/v1/chat/completions "HTTP/1.1 429 Too Many Requests"
2026-09-14 21:54:33,440 INFO HTTP Request: POST https://vps.lpzproxy.xyz/v1/chat/completions "HTTP/1.1 429 Too Many Requests"
2026-09-14 21:54:33,568 INFO HTTP Request: POST https://vps.lpzproxy.xyz/v1/chat/completions "HTTP/1.1 429 Too Many Requests"
2026-09-14 21:54:33,600 INFO HTTP Request: POST https://vps.lpzproxy.xyz/v1/chat/completions "HTTP/1.1 429 Too Many Requests"
2026-09-14 21:54:33,673 INFO HTTP Request: POST https://vps.lpzproxy.xyz/v1/chat/completions "HTTP/1.1 429 Too Many Requests"
2026-09-14 21:54:33,723 INFO HTTP Request: POST https://vps.lpzproxy.xyz/v1/chat/completions "HTTP/1.1 429 Too Many Requests"
2026-09-14 21:54:33,784 INFO HTTP Request: POST https://vps.lpzproxy.xyz/v1/chat/completions "HTTP/1.1 429 Too Many Requests"
2026-09-14 21:54:33,842 INFO HTTP Request: POST https://vps.lpzproxy.xyz/v1/chat/completions "HTTP/1.1 429 Too Many Requests"
2026-09-14 21:54:33,898 INFO HTTP Request: POST https://vps.lpzproxy.xyz/v1/chat/completions "HTTP/1.1 429 Too Many Requests"
2026-09-14 21:54:34,086 INFO HTTP Request: POST https://vps.lpzproxy.xyz/v1/chat/completions "HTTP/1.1 429 Too Many Requests"
2026-09-14 21:54:34,099 INFO HTTP Request: POST https://vps.lpzproxy.xyz/v1/chat/completions "HTTP/1.1 429 Too Many Requests"
2026-09-14 21:54:34,560 INFO HTTP Request: POST https://vps.lpzproxy.xyz/v1/chat/completions "HTTP/1.1 429 Too Many Requests"
2026-09-14 21:54:34,724 INFO HTTP Request: POST https://vps.lpzproxy.xyz/v1/chat/completions "HTTP/1.1 429 Too Many Requests"
2026-09-14 21:54:34,974 INFO HTTP Request: POST https://vps.lpzproxy.xyz/v1/chat/completions "HTTP/1.1 429 Too Many Requests"
2026-09-14 21:54:35,359 INFO HTTP Request: POST https://vps.lpzproxy.xyz/v1/chat/completions "HTTP/1.1 429 Too Many Requests"
2026-09-14 21:54:35,544 INFO HTTP Request: POST https://vps.lpzproxy.xyz/v1/chat/completions "HTTP/1.1 429 Too Many Requests"
2026-09-14 21:54:35,563 INFO HTTP Request: POST https://vps.lpzproxy.xyz/v1/chat/completions "HTTP/1.1 429 Too Many Requests"
2026-09-14 21:54:35,593 INFO HTTP Request: POST https://vps.lpzproxy.xyz/v1/chat/completions "HTTP/1.1 429 Too Many Requests"
2026-09-14 21:54:35,916 INFO HTTP Request: POST https://vps.lpzproxy.xyz/v1/chat/completions "HTTP/1.1 429 Too Many Requests"
2026-09-14 21:54:36,473 INFO HTTP Request: POST https://vps.lpzproxy.xyz/v1/chat/completions "HTTP/1.1 429 Too Many Requests"
2026-09-14 21:54:36,475 INFO HTTP Request: POST https://vps.lpzproxy.xyz/v1/chat/completions "HTTP/1.1 429 Too Many Requests"
2026-09-14 21:54:36,529 INFO HTTP Request: POST https://vps.lpzproxy.xyz/v1/chat/completions "HTTP/1.1 429 Too Many Requests"
2026-09-14 21:54:36,813 INFO HTTP Request: POST https://vps.lpzproxy.xyz/v1/chat/completions "HTTP/1.1 429 Too Many Requests"
2026-09-14 21:54:36,815 INFO HTTP Request: POST https://vps.lpzproxy.xyz/v1/chat/completions "HTTP/1.1 429 Too Many Requests"
2026-09-14 21:54:37,040 INFO HTTP Request: POST https://vps.lpzproxy.xyz/v1/chat/completions "HTTP/1.1 429 Too Many Requests"
2026-09-14 21:54:37,176 INFO HTTP Request: POST https://vps.lpzproxy.xyz/v1/chat/completions "HTTP/1.1 429 Too Many Requests"
2026-09-14 21:54:37,541 INFO HTTP Request: POST https://vps.lpzproxy.xyz/v1/chat/completions "HTTP/1.1 429 Too Many Requests"
2026-09-14 21:54:37,563 INFO HTTP Request: POST https://vps.lpzproxy.xyz/v1/chat/completions "HTTP/1.1 429 Too Many Requests"
2026-09-14 21:54:37,627 INFO HTTP Request: POST https://vps.lpzproxy.xyz/v1/chat/completions "HTTP/1.1 429 Too Many Requests"
2026-09-14 21:54:37,862 INFO HTTP Request: POST https://vps.lpzproxy.xyz/v1/chat/completions "HTTP/1.1 429 Too Many Requests"
2026-09-14 21:54:37,927 INFO HTTP Request: POST https://vps.lpzproxy.xyz/v1/chat/completions "HTTP/1.1 429 Too Many Requests"
2026-09-14 21:54:37,989 INFO HTTP Request: POST https://vps.lpzproxy.xyz/v1/chat/completions "HTTP/1.1 429 Too Many Requests"
2026-09-14 21:54:37,992 INFO HTTP Request: POST https://vps.lpzproxy.xyz/v1/chat/completions "HTTP/1.1 429 Too Many Requests"
2026-09-14 21:54:38,066 INFO HTTP Request: POST https://vps.lpzproxy.xyz/v1/chat/completions "HTTP/1.1 429 Too Many Requests"
2026-09-14 21:54:38,205 INFO HTTP Request: POST https://vps.lpzproxy.xyz/v1/chat/completions "HTTP/1.1 429 Too Many Requests"
2026-09-14 21:54:38,310 INFO HTTP Request: POST https://vps.lpzproxy.xyz/v1/chat/completions "HTTP/1.1 429 Too Many Requests"
2026-09-14 21:54:38,387 INFO HTTP Request: POST https://vps.lpzproxy.xyz/v1/chat/completions "HTTP/1.1 429 Too Many Requests"
2026-09-14 21:54:38,388 INFO HTTP Request: POST https://vps.lpzproxy.xyz/v1/chat/completions "HTTP/1.1 429 Too Many Requests"
2026-09-14 21:54:38,389 INFO HTTP Request: POST https://vps.lpzproxy.xyz/v1/chat/completions "HTTP/1.1 429 Too Many Requests"
2026-09-14 21:54:38,397 INFO HTTP Request: POST https://vps.lpzproxy.xyz/v1/chat/completions "HTTP/1.1 429 Too Many Requests"
2026-09-14 21:54:38,477 INFO HTTP Request: POST https://vps.lpzproxy.xyz/v1/chat/completions "HTTP/1.1 429 Too Many Requests"
2026-09-14 21:54:38,512 INFO HTTP Request: POST https://vps.lpzproxy.xyz/v1/chat/completions "HTTP/1.1 429 Too Many Requests"
2026-09-14 21:54:38,587 INFO HTTP Request: POST https://vps.lpzproxy.xyz/v1/chat/completions "HTTP/1.1 429 Too Many Requests"
2026-09-14 21:54:38,589 INFO HTTP Request: POST https://vps.lpzproxy.xyz/v1/chat/completions "HTTP/1.1 429 Too Many Requests"
2026-09-14 21:54:38,602 INFO HTTP Request: POST https://vps.lpzproxy.xyz/v1/chat/completions "HTTP/1.1 429 Too Many Requests"
2026-09-14 21:54:38,627 INFO HTTP Request: POST https://vps.lpzproxy.xyz/v1/chat/completions "HTTP/1.1 429 Too Many Requests"
2026-09-14 21:54:38,665 INFO HTTP Request: POST https://vps.lpzproxy.xyz/v1/chat/completions "HTTP/1.1 429 Too Many Requests"
2026-09-14 21:54:38,798 INFO HTTP Request: POST https://vps.lpzproxy.xyz/v1/chat/completions "HTTP/1.1 429 Too Many Requests"
2026-09-14 21:54:38,873 INFO HTTP Request: POST https://vps.lpzproxy.xyz/v1/chat/completions "HTTP/1.1 429 Too Many Requests"
2026-09-14 21:54:39,269 INFO HTTP Request: POST https://vps.lpzproxy.xyz/v1/chat/completions "HTTP/1.1 429 Too Many Requests"
2026-09-14 21:54:39,344 INFO HTTP Request: POST https://vps.lpzproxy.xyz/v1/chat/completions "HTTP/1.1 429 Too Many Requests"
2026-09-14 21:54:39,687 INFO HTTP Request: POST https://vps.lpzproxy.xyz/v1/chat/completions "HTTP/1.1 429 Too Many Requests"
2026-09-14 21:54:39,987 INFO HTTP Request: POST https://vps.lpzproxy.xyz/v1/chat/completions "HTTP/1.1 429 Too Many Requests"
2026-09-14 21:54:40,246 INFO HTTP Request: POST https://vps.lpzproxy.xyz/v1/chat/completions "HTTP/1.1 429 Too Many Requests"
2026-09-14 21:54:40,270 INFO HTTP Request: POST https://vps.lpzproxy.xyz/v1/chat/completions "HTTP/1.1 429 Too Many Requests"
2026-09-14 21:54:40,452 INFO HTTP Request: POST https://vps.lpzproxy.xyz/v1/chat/completions "HTTP/1.1 429 Too Many Requests"
2026-09-14 21:54:40,508 INFO HTTP Request: POST https://vps.lpzproxy.xyz/v1/chat/completions "HTTP/1.1 429 Too Many Requests"
2026-09-14 21:54:40,787 INFO HTTP Request: POST https://vps.lpzproxy.xyz/v1/chat/completions "HTTP/1.1 429 Too Many Requests"
2026-09-14 21:54:40,880 INFO HTTP Request: POST https://vps.lpzproxy.xyz/v1/chat/completions "HTTP/1.1 429 Too Many Requests"
2026-09-14 21:54:41,308 INFO HTTP Request: POST https://vps.lpzproxy.xyz/v1/chat/completions "HTTP/1.1 429 Too Many Requests"
2026-09-14 21:54:41,451 INFO HTTP Request: POST https://vps.lpzproxy.xyz/v1/chat/completions "HTTP/1.1 429 Too Many Requests"
2026-09-14 21:54:41,736 INFO HTTP Request: POST https://vps.lpzproxy.xyz/v1/chat/completions "HTTP/1.1 429 Too Many Requests"
2026-09-14 21:54:41,870 INFO HTTP Request: POST https://vps.lpzproxy.xyz/v1/chat/completions "HTTP/1.1 429 Too Many Requests"
2026-09-14 21:54:46,578 INFO HTTP Request: POST https://vps.lpzproxy.xyz/v1/chat/completions "HTTP/1.1 429 Too Many Requests"
2026-09-14 21:54:46,579 ERROR judge job failed after retries: API request failed after retries: retryable HTTP 429: {"error":{"code":"model_cooldown","message":"All credentials for model gemini-3.7-flash-high are cooling down via provider antigravity","model":"gemini-3.7-flash-high","provider":"antigravity","reset_
2026-09-14 21:54:46,640 INFO HTTP Request: POST https://vps.lpzproxy.xyz/v1/chat/completions "HTTP/1.1 429 Too Many Requests"
2026-09-14 21:54:46,640 ERROR judge job failed after retries: API request failed after retries: retryable HTTP 429: {"error":{"code":"model_cooldown","message":"All credentials for model gemini-3.7-flash-high are cooling down via provider antigravity","model":"gemini-3.7-flash-high","provider":"antigravity","reset_
2026-09-14 21:54:46,647 INFO HTTP Request: POST https://vps.lpzproxy.xyz/v1/chat/completions "HTTP/1.1 429 Too Many Requests"
2026-09-14 21:54:46,647 ERROR judge job failed after retries: API request failed after retries: retryable HTTP 429: {"error":{"code":"model_cooldown","message":"All credentials for model gemini-3.7-flash-high are cooling down via provider antigravity","model":"gemini-3.7-flash-high","provider":"antigravity","reset_
2026-09-14 21:54:47,011 INFO HTTP Request: POST https://vps.lpzproxy.xyz/v1/chat/completions "HTTP/1.1 429 Too Many Requests"
2026-09-14 21:54:47,012 ERROR judge job failed after retries: API request failed after retries: retryable HTTP 429: {"error":{"code":"model_cooldown","message":"All credentials for model gemini-3.7-flash-high are cooling down via provider antigravity","model":"gemini-3.7-flash-high","provider":"antigravity","reset_
2026-09-14 21:54:47,221 INFO HTTP Request: POST https://vps.lpzproxy.xyz/v1/chat/completions "HTTP/1.1 429 Too Many Requests"
2026-09-14 21:54:47,222 ERROR judge job failed after retries: API request failed after retries: retryable HTTP 429: {"error":{"code":"model_cooldown","message":"All credentials for model gemini-3.7-flash-high are cooling down via provider antigravity","model":"gemini-3.7-flash-high","provider":"antigravity","reset_
2026-09-14 21:54:47,389 INFO HTTP Request: POST https://vps.lpzproxy.xyz/v1/chat/completions "HTTP/1.1 429 Too Many Requests"
2026-09-14 21:54:47,389 ERROR judge job failed after retries: API request failed after retries: retryable HTTP 429: {"error":{"code":"model_cooldown","message":"All credentials for model gemini-3.7-flash-high are cooling down via provider antigravity","model":"gemini-3.7-flash-high","provider":"antigravity","reset_
2026-09-14 21:54:47,538 INFO HTTP Request: POST https://vps.lpzproxy.xyz/v1/chat/completions "HTTP/1.1 429 Too Many Requests"
2026-09-14 21:54:47,539 ERROR judge job failed after retries: API request failed after retries: retryable HTTP 429: {"error":{"code":"model_cooldown","message":"All credentials for model gemini-3.7-flash-high are cooling down via provider antigravity","model":"gemini-3.7-flash-high","provider":"antigravity","reset_
2026-09-14 21:54:47,586 INFO HTTP Request: POST https://vps.lpzproxy.xyz/v1/chat/completions "HTTP/1.1 429 Too Many Requests"
2026-09-14 21:54:47,587 ERROR judge job failed after retries: API request failed after retries: retryable HTTP 429: {"error":{"code":"model_cooldown","message":"All credentials for model gemini-3.7-flash-high are cooling down via provider antigravity","model":"gemini-3.7-flash-high","provider":"antigravity","reset_
2026-09-14 21:54:47,814 INFO HTTP Request: POST https://vps.lpzproxy.xyz/v1/chat/completions "HTTP/1.1 429 Too Many Requests"
2026-09-14 21:54:47,815 ERROR judge job failed after retries: API request failed after retries: retryable HTTP 429: {"error":{"code":"model_cooldown","message":"All credentials for model gemini-3.7-flash-high are cooling down via provider antigravity","model":"gemini-3.7-flash-high","provider":"antigravity","reset_
2026-09-14 21:54:47,911 INFO HTTP Request: POST https://vps.lpzproxy.xyz/v1/chat/completions "HTTP/1.1 429 Too Many Requests"
2026-09-14 21:54:47,912 ERROR judge job failed after retries: API request failed after retries: retryable HTTP 429: {"error":{"code":"model_cooldown","message":"All credentials for model gemini-3.7-flash-high are cooling down via provider antigravity","model":"gemini-3.7-flash-high","provider":"antigravity","reset_
2026-09-14 21:54:47,941 INFO HTTP Request: POST https://vps.lpzproxy.xyz/v1/chat/completions "HTTP/1.1 429 Too Many Requests"
2026-09-14 21:54:47,979 INFO HTTP Request: POST https://vps.lpzproxy.xyz/v1/chat/completions "HTTP/1.1 429 Too Many Requests"
2026-09-14 21:54:47,979 ERROR judge job failed after retries: API request failed after retries: retryable HTTP 429: {"error":{"code":"model_cooldown","message":"All credentials for model gemini-3.7-flash-high are cooling down via provider antigravity","model":"gemini-3.7-flash-high","provider":"antigravity","reset_
2026-09-14 21:54:48,054 INFO HTTP Request: POST https://vps.lpzproxy.xyz/v1/chat/completions "HTTP/1.1 429 Too Many Requests"
2026-09-14 21:54:48,122 INFO HTTP Request: POST https://vps.lpzproxy.xyz/v1/chat/completions "HTTP/1.1 429 Too Many Requests"
2026-09-14 21:54:48,172 INFO HTTP Request: POST https://vps.lpzproxy.xyz/v1/chat/completions "HTTP/1.1 429 Too Many Requests"
2026-09-14 21:54:48,224 INFO HTTP Request: POST https://vps.lpzproxy.xyz/v1/chat/completions "HTTP/1.1 429 Too Many Requests"
2026-09-14 21:54:48,224 ERROR judge job failed after retries: API request failed after retries: retryable HTTP 429: {"error":{"code":"model_cooldown","message":"All credentials for model gemini-3.7-flash-high are cooling down via provider antigravity","model":"gemini-3.7-flash-high","provider":"antigravity","reset_
2026-09-14 21:54:48,261 INFO HTTP Request: POST https://vps.lpzproxy.xyz/v1/chat/completions "HTTP/1.1 429 Too Many Requests"
2026-09-14 21:54:48,262 ERROR judge job failed after retries: API request failed after retries: retryable HTTP 429: {"error":{"code":"model_cooldown","message":"All credentials for model gemini-3.7-flash-high are cooling down via provider antigravity","model":"gemini-3.7-flash-high","provider":"antigravity","reset_
2026-09-14 21:54:48,284 ERROR judge job failed after retries: API request failed after retries: retryable HTTP 429: {"error":{"code":"model_cooldown","message":"All credentials for model gemini-3.7-flash-high are cooling down via provider antigravity","model":"gemini-3.7-flash-high","provider":"antigravity","reset_
2026-09-14 21:54:48,286 INFO HTTP Request: POST https://vps.lpzproxy.xyz/v1/chat/completions "HTTP/1.1 429 Too Many Requests"
2026-09-14 21:54:48,287 ERROR judge job failed after retries: API request failed after retries: retryable HTTP 429: {"error":{"code":"model_cooldown","message":"All credentials for model gemini-3.7-flash-high are cooling down via provider antigravity","model":"gemini-3.7-flash-high","provider":"antigravity","reset_
2026-09-14 21:54:48,291 INFO HTTP Request: POST https://vps.lpzproxy.xyz/v1/chat/completions "HTTP/1.1 429 Too Many Requests"
2026-09-14 21:54:48,292 ERROR judge job failed after retries: API request failed after retries: retryable HTTP 429: {"error":{"code":"model_cooldown","message":"All credentials for model gemini-3.7-flash-high are cooling down via provider antigravity","model":"gemini-3.7-flash-high","provider":"antigravity","reset_
2026-09-14 21:54:48,319 INFO HTTP Request: POST https://vps.lpzproxy.xyz/v1/chat/completions "HTTP/1.1 429 Too Many Requests"
2026-09-14 21:54:48,319 ERROR judge job failed after retries: API request failed after retries: retryable HTTP 429: {"error":{"code":"model_cooldown","message":"All credentials for model gemini-3.7-flash-high are cooling down via provider antigravity","model":"gemini-3.7-flash-high","provider":"antigravity","reset_
2026-09-14 21:54:48,322 INFO HTTP Request: POST https://vps.lpzproxy.xyz/v1/chat/completions "HTTP/1.1 429 Too Many Requests"
2026-09-14 21:54:48,322 ERROR judge job failed after retries: API request failed after retries: retryable HTTP 429: {"error":{"code":"model_cooldown","message":"All credentials for model gemini-3.7-flash-high are cooling down via provider antigravity","model":"gemini-3.7-flash-high","provider":"antigravity","reset_
2026-09-14 21:54:48,337 INFO HTTP Request: POST https://vps.lpzproxy.xyz/v1/chat/completions "HTTP/1.1 429 Too Many Requests"
2026-09-14 21:54:48,337 ERROR judge job failed after retries: API request failed after retries: retryable HTTP 429: {"error":{"code":"model_cooldown","message":"All credentials for model gemini-3.7-flash-high are cooling down via provider antigravity","model":"gemini-3.7-flash-high","provider":"antigravity","reset_
2026-09-14 21:54:48,365 INFO HTTP Request: POST https://vps.lpzproxy.xyz/v1/chat/completions "HTTP/1.1 429 Too Many Requests"
2026-09-14 21:54:48,366 ERROR judge job failed after retries: API request failed after retries: retryable HTTP 429: {"error":{"code":"model_cooldown","message":"All credentials for model gemini-3.7-flash-high are cooling down via provider antigravity","model":"gemini-3.7-flash-high","provider":"antigravity","reset_
2026-09-14 21:54:48,421 INFO HTTP Request: POST https://vps.lpzproxy.xyz/v1/chat/completions "HTTP/1.1 429 Too Many Requests"
2026-09-14 21:54:48,421 INFO HTTP Request: POST https://vps.lpzproxy.xyz/v1/chat/completions "HTTP/1.1 429 Too Many Requests"
2026-09-14 21:54:48,422 ERROR judge job failed after retries: API request failed after retries: retryable HTTP 429: {"error":{"code":"model_cooldown","message":"All credentials for model gemini-3.7-flash-high are cooling down via provider antigravity","model":"gemini-3.7-flash-high","provider":"antigravity","reset_
2026-09-14 21:54:48,426 INFO HTTP Request: POST https://vps.lpzproxy.xyz/v1/chat/completions "HTTP/1.1 429 Too Many Requests"
2026-09-14 21:54:48,426 ERROR judge job failed after retries: API request failed after retries: retryable HTTP 429: {"error":{"code":"model_cooldown","message":"All credentials for model gemini-3.7-flash-high are cooling down via provider antigravity","model":"gemini-3.7-flash-high","provider":"antigravity","reset_
2026-09-14 21:54:48,479 INFO HTTP Request: POST https://vps.lpzproxy.xyz/v1/chat/completions "HTTP/1.1 429 Too Many Requests"
2026-09-14 21:54:48,479 ERROR judge job failed after retries: API request failed after retries: retryable HTTP 429: {"error":{"code":"model_cooldown","message":"All credentials for model gemini-3.7-flash-high are cooling down via provider antigravity","model":"gemini-3.7-flash-high","provider":"antigravity","reset_
2026-09-14 21:54:48,493 INFO HTTP Request: POST https://vps.lpzproxy.xyz/v1/chat/completions "HTTP/1.1 429 Too Many Requests"
2026-09-14 21:54:48,493 ERROR judge job failed after retries: API request failed after retries: retryable HTTP 429: {"error":{"code":"model_cooldown","message":"All credentials for model gemini-3.7-flash-high are cooling down via provider antigravity","model":"gemini-3.7-flash-high","provider":"antigravity","reset_
2026-09-14 21:54:48,658 INFO HTTP Request: POST https://vps.lpzproxy.xyz/v1/chat/completions "HTTP/1.1 429 Too Many Requests"
2026-09-14 21:54:48,762 INFO HTTP Request: POST https://vps.lpzproxy.xyz/v1/chat/completions "HTTP/1.1 429 Too Many Requests"
2026-09-14 21:54:48,763 ERROR judge job failed after retries: API request failed after retries: retryable HTTP 429: {"error":{"code":"model_cooldown","message":"All credentials for model gemini-3.7-flash-high are cooling down via provider antigravity","model":"gemini-3.7-flash-high","provider":"antigravity","reset_
2026-09-14 21:54:48,764 INFO HTTP Request: POST https://vps.lpzproxy.xyz/v1/chat/completions "HTTP/1.1 429 Too Many Requests"
2026-09-14 21:54:48,765 ERROR judge job failed after retries: API request failed after retries: retryable HTTP 429: {"error":{"code":"model_cooldown","message":"All credentials for model gemini-3.7-flash-high are cooling down via provider antigravity","model":"gemini-3.7-flash-high","provider":"antigravity","reset_
2026-09-14 21:54:48,796 INFO HTTP Request: POST https://vps.lpzproxy.xyz/v1/chat/completions "HTTP/1.1 429 Too Many Requests"
2026-09-14 21:54:48,932 INFO HTTP Request: POST https://vps.lpzproxy.xyz/v1/chat/completions "HTTP/1.1 429 Too Many Requests"
2026-09-14 21:54:48,956 INFO HTTP Request: POST https://vps.lpzproxy.xyz/v1/chat/completions "HTTP/1.1 429 Too Many Requests"
2026-09-14 21:54:48,967 INFO HTTP Request: POST https://vps.lpzproxy.xyz/v1/chat/completions "HTTP/1.1 429 Too Many Requests"
2026-09-14 21:54:48,968 ERROR judge job failed after retries: API request failed after retries: retryable HTTP 429: {"error":{"code":"model_cooldown","message":"All credentials for model gemini-3.7-flash-high are cooling down via provider antigravity","model":"gemini-3.7-flash-high","provider":"antigravity","reset_
2026-09-14 21:54:49,203 INFO HTTP Request: POST https://vps.lpzproxy.xyz/v1/chat/completions "HTTP/1.1 429 Too Many Requests"
2026-09-14 21:54:49,204 ERROR judge job failed after retries: API request failed after retries: retryable HTTP 429: {"error":{"code":"model_cooldown","message":"All credentials for model gemini-3.7-flash-high are cooling down via provider antigravity","model":"gemini-3.7-flash-high","provider":"antigravity","reset_
2026-09-14 21:54:49,246 INFO HTTP Request: POST https://vps.lpzproxy.xyz/v1/chat/completions "HTTP/1.1 429 Too Many Requests"
2026-09-14 21:54:49,336 INFO HTTP Request: POST https://vps.lpzproxy.xyz/v1/chat/completions "HTTP/1.1 429 Too Many Requests"
2026-09-14 21:54:49,346 INFO HTTP Request: POST https://vps.lpzproxy.xyz/v1/chat/completions "HTTP/1.1 429 Too Many Requests"
2026-09-14 21:54:49,448 INFO HTTP Request: POST https://vps.lpzproxy.xyz/v1/chat/completions "HTTP/1.1 429 Too Many Requests"
2026-09-14 21:54:49,448 ERROR judge job failed after retries: API request failed after retries: retryable HTTP 429: {"error":{"code":"model_cooldown","message":"All credentials for model gemini-3.7-flash-high are cooling down via provider antigravity","model":"gemini-3.7-flash-high","provider":"antigravity","reset_
2026-09-14 21:54:49,593 INFO HTTP Request: POST https://vps.lpzproxy.xyz/v1/chat/completions "HTTP/1.1 429 Too Many Requests"
2026-09-14 21:54:49,648 INFO HTTP Request: POST https://vps.lpzproxy.xyz/v1/chat/completions "HTTP/1.1 429 Too Many Requests"
2026-09-14 21:54:49,654 INFO HTTP Request: POST https://vps.lpzproxy.xyz/v1/chat/completions "HTTP/1.1 429 Too Many Requests"
2026-09-14 21:54:49,681 INFO HTTP Request: POST https://vps.lpzproxy.xyz/v1/chat/completions "HTTP/1.1 429 Too Many Requests"
2026-09-14 21:54:49,687 INFO HTTP Request: POST https://vps.lpzproxy.xyz/v1/chat/completions "HTTP/1.1 429 Too Many Requests"
2026-09-14 21:54:49,694 INFO HTTP Request: POST https://vps.lpzproxy.xyz/v1/chat/completions "HTTP/1.1 429 Too Many Requests"
2026-09-14 21:54:49,706 INFO HTTP Request: POST https://vps.lpzproxy.xyz/v1/chat/completions "HTTP/1.1 429 Too Many Requests"
2026-09-14 21:54:49,724 INFO HTTP Request: POST https://vps.lpzproxy.xyz/v1/chat/completions "HTTP/1.1 429 Too Many Requests"
2026-09-14 21:54:49,762 INFO HTTP Request: POST https://vps.lpzproxy.xyz/v1/chat/completions "HTTP/1.1 429 Too Many Requests"
2026-09-14 21:54:49,802 INFO HTTP Request: POST https://vps.lpzproxy.xyz/v1/chat/completions "HTTP/1.1 429 Too Many Requests"
2026-09-14 21:54:49,804 INFO HTTP Request: POST https://vps.lpzproxy.xyz/v1/chat/completions "HTTP/1.1 429 Too Many Requests"
2026-09-14 21:54:49,812 INFO HTTP Request: POST https://vps.lpzproxy.xyz/v1/chat/completions "HTTP/1.1 429 Too Many Requests"
2026-09-14 21:54:49,813 ERROR judge job failed after retries: API request failed after retries: retryable HTTP 429: {"error":{"code":"model_cooldown","message":"All credentials for model gemini-3.7-flash-high are cooling down via provider antigravity","model":"gemini-3.7-flash-high","provider":"antigravity","reset_
2026-09-14 21:54:49,849 INFO HTTP Request: POST https://vps.lpzproxy.xyz/v1/chat/completions "HTTP/1.1 429 Too Many Requests"
2026-09-14 21:54:49,869 INFO HTTP Request: POST https://vps.lpzproxy.xyz/v1/chat/completions "HTTP/1.1 429 Too Many Requests"
2026-09-14 21:54:49,909 INFO HTTP Request: POST https://vps.lpzproxy.xyz/v1/chat/completions "HTTP/1.1 429 Too Many Requests"
2026-09-14 21:54:49,922 INFO HTTP Request: POST https://vps.lpzproxy.xyz/v1/chat/completions "HTTP/1.1 429 Too Many Requests"
2026-09-14 21:54:49,922 ERROR judge job failed after retries: API request failed after retries: retryable HTTP 429: {"error":{"code":"model_cooldown","message":"All credentials for model gemini-3.7-flash-high are cooling down via provider antigravity","model":"gemini-3.7-flash-high","provider":"antigravity","reset_
2026-09-14 21:54:49,971 INFO HTTP Request: POST https://vps.lpzproxy.xyz/v1/chat/completions "HTTP/1.1 429 Too Many Requests"
2026-09-14 21:54:50,032 INFO HTTP Request: POST https://vps.lpzproxy.xyz/v1/chat/completions "HTTP/1.1 429 Too Many Requests"
2026-09-14 21:54:50,032 ERROR judge job failed after retries: API request failed after retries: retryable HTTP 429: {"error":{"code":"model_cooldown","message":"All credentials for model gemini-3.7-flash-high are cooling down via provider antigravity","model":"gemini-3.7-flash-high","provider":"antigravity","reset_
2026-09-14 21:54:50,138 INFO HTTP Request: POST https://vps.lpzproxy.xyz/v1/chat/completions "HTTP/1.1 429 Too Many Requests"
2026-09-14 21:54:50,156 INFO HTTP Request: POST https://vps.lpzproxy.xyz/v1/chat/completions "HTTP/1.1 429 Too Many Requests"
2026-09-14 21:54:50,157 INFO HTTP Request: POST https://vps.lpzproxy.xyz/v1/chat/completions "HTTP/1.1 429 Too Many Requests"
2026-09-14 21:54:50,157 ERROR judge job failed after retries: API request failed after retries: retryable HTTP 429: {"error":{"code":"model_cooldown","message":"All credentials for model gemini-3.7-flash-high are cooling down via provider antigravity","model":"gemini-3.7-flash-high","provider":"antigravity","reset_
2026-09-14 21:54:50,242 INFO HTTP Request: POST https://vps.lpzproxy.xyz/v1/chat/completions "HTTP/1.1 429 Too Many Requests"
2026-09-14 21:54:50,242 ERROR judge job failed after retries: API request failed after retries: retryable HTTP 429: {"error":{"code":"model_cooldown","message":"All credentials for model gemini-3.7-flash-high are cooling down via provider antigravity","model":"gemini-3.7-flash-high","provider":"antigravity","reset_
2026-09-14 21:54:50,285 INFO HTTP Request: POST https://vps.lpzproxy.xyz/v1/chat/completions "HTTP/1.1 429 Too Many Requests"
2026-09-14 21:54:50,379 INFO HTTP Request: POST https://vps.lpzproxy.xyz/v1/chat/completions "HTTP/1.1 429 Too Many Requests"
2026-09-14 21:54:50,565 INFO HTTP Request: POST https://vps.lpzproxy.xyz/v1/chat/completions "HTTP/1.1 429 Too Many Requests"
2026-09-14 21:54:50,568 INFO HTTP Request: POST https://vps.lpzproxy.xyz/v1/chat/completions "HTTP/1.1 429 Too Many Requests"
2026-09-14 21:54:50,693 INFO HTTP Request: POST https://vps.lpzproxy.xyz/v1/chat/completions "HTTP/1.1 429 Too Many Requests"
2026-09-14 21:54:50,694 ERROR judge job failed after retries: API request failed after retries: retryable HTTP 429: {"error":{"code":"model_cooldown","message":"All credentials for model gemini-3.7-flash-high are cooling down via provider antigravity","model":"gemini-3.7-flash-high","provider":"antigravity","reset_
2026-09-14 21:54:50,772 INFO HTTP Request: POST https://vps.lpzproxy.xyz/v1/chat/completions "HTTP/1.1 429 Too Many Requests"
2026-09-14 21:54:50,785 INFO HTTP Request: POST https://vps.lpzproxy.xyz/v1/chat/completions "HTTP/1.1 429 Too Many Requests"
2026-09-14 21:54:50,818 INFO HTTP Request: POST https://vps.lpzproxy.xyz/v1/chat/completions "HTTP/1.1 429 Too Many Requests"
2026-09-14 21:54:50,832 INFO HTTP Request: POST https://vps.lpzproxy.xyz/v1/chat/completions "HTTP/1.1 429 Too Many Requests"
2026-09-14 21:54:50,951 INFO HTTP Request: POST https://vps.lpzproxy.xyz/v1/chat/completions "HTTP/1.1 429 Too Many Requests"
2026-09-14 21:54:51,030 INFO HTTP Request: POST https://vps.lpzproxy.xyz/v1/chat/completions "HTTP/1.1 429 Too Many Requests"
2026-09-14 21:54:51,030 ERROR judge job failed after retries: API request failed after retries: retryable HTTP 429: {"error":{"code":"model_cooldown","message":"All credentials for model gemini-3.7-flash-high are cooling down via provider antigravity","model":"gemini-3.7-flash-high","provider":"antigravity","reset_
2026-09-14 21:54:51,071 INFO HTTP Request: POST https://vps.lpzproxy.xyz/v1/chat/completions "HTTP/1.1 429 Too Many Requests"
2026-09-14 21:54:51,132 INFO HTTP Request: POST https://vps.lpzproxy.xyz/v1/chat/completions "HTTP/1.1 429 Too Many Requests"
2026-09-14 21:54:51,133 ERROR judge job failed after retries: API request failed after retries: retryable HTTP 429: {"error":{"code":"model_cooldown","message":"All credentials for model gemini-3.7-flash-high are cooling down via provider antigravity","model":"gemini-3.7-flash-high","provider":"antigravity","reset_
2026-09-14 21:54:51,165 INFO HTTP Request: POST https://vps.lpzproxy.xyz/v1/chat/completions "HTTP/1.1 429 Too Many Requests"
2026-09-14 21:54:51,216 INFO HTTP Request: POST https://vps.lpzproxy.xyz/v1/chat/completions "HTTP/1.1 429 Too Many Requests"
2026-09-14 21:54:51,222 INFO HTTP Request: POST https://vps.lpzproxy.xyz/v1/chat/completions "HTTP/1.1 429 Too Many Requests"
2026-09-14 21:54:51,325 INFO HTTP Request: POST https://vps.lpzproxy.xyz/v1/chat/completions "HTTP/1.1 429 Too Many Requests"
2026-09-14 21:54:51,425 INFO HTTP Request: POST https://vps.lpzproxy.xyz/v1/chat/completions "HTTP/1.1 429 Too Many Requests"
2026-09-14 21:54:51,431 ERROR judge job failed after retries: API request failed after retries: retryable HTTP 429: {"error":{"code":"model_cooldown","message":"All credentials for model gemini-3.7-flash-high are cooling down via provider antigravity","model":"gemini-3.7-flash-high","provider":"antigravity","reset_
2026-09-14 21:54:51,448 INFO HTTP Request: POST https://vps.lpzproxy.xyz/v1/chat/completions "HTTP/1.1 429 Too Many Requests"
2026-09-14 21:54:51,457 INFO HTTP Request: POST https://vps.lpzproxy.xyz/v1/chat/completions "HTTP/1.1 429 Too Many Requests"
2026-09-14 21:54:51,481 INFO HTTP Request: POST https://vps.lpzproxy.xyz/v1/chat/completions "HTTP/1.1 429 Too Many Requests"
2026-09-14 21:54:51,494 INFO HTTP Request: POST https://vps.lpzproxy.xyz/v1/chat/completions "HTTP/1.1 429 Too Many Requests"
2026-09-14 21:54:51,516 INFO HTTP Request: POST https://vps.lpzproxy.xyz/v1/chat/completions "HTTP/1.1 429 Too Many Requests"
2026-09-14 21:54:51,528 INFO HTTP Request: POST https://vps.lpzproxy.xyz/v1/chat/completions "HTTP/1.1 429 Too Many Requests"
2026-09-14 21:54:51,609 INFO HTTP Request: POST https://vps.lpzproxy.xyz/v1/chat/completions "HTTP/1.1 429 Too Many Requests"
2026-09-14 21:54:51,671 INFO HTTP Request: POST https://vps.lpzproxy.xyz/v1/chat/completions "HTTP/1.1 429 Too Many Requests"
2026-09-14 21:54:51,731 INFO HTTP Request: POST https://vps.lpzproxy.xyz/v1/chat/completions "HTTP/1.1 429 Too Many Requests"
2026-09-14 21:54:51,759 INFO HTTP Request: POST https://vps.lpzproxy.xyz/v1/chat/completions "HTTP/1.1 429 Too Many Requests"
2026-09-14 21:54:51,760 ERROR judge job failed after retries: API request failed after retries: retryable HTTP 429: {"error":{"code":"model_cooldown","message":"All credentials for model gemini-3.7-flash-high are cooling down via provider antigravity","model":"gemini-3.7-flash-high","provider":"antigravity","reset_
2026-09-14 21:54:51,765 INFO HTTP Request: POST https://vps.lpzproxy.xyz/v1/chat/completions "HTTP/1.1 429 Too Many Requests"
2026-09-14 21:54:51,823 INFO HTTP Request: POST https://vps.lpzproxy.xyz/v1/chat/completions "HTTP/1.1 429 Too Many Requests"
2026-09-14 21:54:51,827 INFO HTTP Request: POST https://vps.lpzproxy.xyz/v1/chat/completions "HTTP/1.1 429 Too Many Requests"
2026-09-14 21:54:51,866 INFO HTTP Request: POST https://vps.lpzproxy.xyz/v1/chat/completions "HTTP/1.1 429 Too Many Requests"
2026-09-14 21:54:51,966 INFO HTTP Request: POST https://vps.lpzproxy.xyz/v1/chat/completions "HTTP/1.1 429 Too Many Requests"
2026-09-14 21:54:52,031 INFO HTTP Request: POST https://vps.lpzproxy.xyz/v1/chat/completions "HTTP/1.1 429 Too Many Requests"
2026-09-14 21:54:52,057 INFO HTTP Request: POST https://vps.lpzproxy.xyz/v1/chat/completions "HTTP/1.1 429 Too Many Requests"
2026-09-14 21:54:52,078 INFO HTTP Request: POST https://vps.lpzproxy.xyz/v1/chat/completions "HTTP/1.1 429 Too Many Requests"
2026-09-14 21:54:52,079 ERROR judge job failed after retries: API request failed after retries: retryable HTTP 429: {"error":{"code":"model_cooldown","message":"All credentials for model gemini-3.7-flash-high are cooling down via provider antigravity","model":"gemini-3.7-flash-high","provider":"antigravity","reset_
2026-09-14 21:54:52,122 INFO HTTP Request: POST https://vps.lpzproxy.xyz/v1/chat/completions "HTTP/1.1 429 Too Many Requests"
2026-09-14 21:54:52,185 INFO HTTP Request: POST https://vps.lpzproxy.xyz/v1/chat/completions "HTTP/1.1 429 Too Many Requests"
2026-09-14 21:54:52,408 INFO HTTP Request: POST https://vps.lpzproxy.xyz/v1/chat/completions "HTTP/1.1 429 Too Many Requests"
2026-09-14 21:54:52,559 INFO HTTP Request: POST https://vps.lpzproxy.xyz/v1/chat/completions "HTTP/1.1 429 Too Many Requests"
2026-09-14 21:54:52,603 INFO HTTP Request: POST https://vps.lpzproxy.xyz/v1/chat/completions "HTTP/1.1 429 Too Many Requests"
2026-09-14 21:54:52,641 INFO HTTP Request: POST https://vps.lpzproxy.xyz/v1/chat/completions "HTTP/1.1 429 Too Many Requests"
2026-09-14 21:54:52,716 INFO HTTP Request: POST https://vps.lpzproxy.xyz/v1/chat/completions "HTTP/1.1 429 Too Many Requests"
2026-09-14 21:54:52,818 INFO HTTP Request: POST https://vps.lpzproxy.xyz/v1/chat/completions "HTTP/1.1 429 Too Many Requests"
2026-09-14 21:54:52,844 INFO HTTP Request: POST https://vps.lpzproxy.xyz/v1/chat/completions "HTTP/1.1 429 Too Many Requests"
2026-09-14 21:54:52,925 INFO HTTP Request: POST https://vps.lpzproxy.xyz/v1/chat/completions "HTTP/1.1 429 Too Many Requests"
2026-09-14 21:54:53,168 INFO HTTP Request: POST https://vps.lpzproxy.xyz/v1/chat/completions "HTTP/1.1 429 Too Many Requests"
2026-09-14 21:54:53,223 INFO HTTP Request: POST https://vps.lpzproxy.xyz/v1/chat/completions "HTTP/1.1 429 Too Many Requests"
2026-09-14 21:54:53,242 INFO HTTP Request: POST https://vps.lpzproxy.xyz/v1/chat/completions "HTTP/1.1 429 Too Many Requests"
2026-09-14 21:54:53,247 INFO HTTP Request: POST https://vps.lpzproxy.xyz/v1/chat/completions "HTTP/1.1 429 Too Many Requests"
2026-09-14 21:54:53,377 INFO HTTP Request: POST https://vps.lpzproxy.xyz/v1/chat/completions "HTTP/1.1 429 Too Many Requests"
2026-09-14 21:54:53,401 INFO HTTP Request: POST https://vps.lpzproxy.xyz/v1/chat/completions "HTTP/1.1 429 Too Many Requests"
2026-09-14 21:54:53,467 INFO HTTP Request: POST https://vps.lpzproxy.xyz/v1/chat/completions "HTTP/1.1 429 Too Many Requests"
2026-09-14 21:54:53,517 INFO HTTP Request: POST https://vps.lpzproxy.xyz/v1/chat/completions "HTTP/1.1 429 Too Many Requests"
2026-09-14 21:54:53,643 INFO HTTP Request: POST https://vps.lpzproxy.xyz/v1/chat/completions "HTTP/1.1 429 Too Many Requests"
2026-09-14 21:54:53,781 INFO HTTP Request: POST https://vps.lpzproxy.xyz/v1/chat/completions "HTTP/1.1 429 Too Many Requests"
2026-09-14 21:54:54,021 INFO HTTP Request: POST https://vps.lpzproxy.xyz/v1/chat/completions "HTTP/1.1 429 Too Many Requests"
2026-09-14 21:54:54,141 INFO HTTP Request: POST https://vps.lpzproxy.xyz/v1/chat/completions "HTTP/1.1 429 Too Many Requests"
2026-09-14 21:54:54,188 INFO HTTP Request: POST https://vps.lpzproxy.xyz/v1/chat/completions "HTTP/1.1 429 Too Many Requests"
2026-09-14 21:54:54,191 INFO HTTP Request: POST https://vps.lpzproxy.xyz/v1/chat/completions "HTTP/1.1 429 Too Many Requests"
2026-09-14 21:54:54,201 INFO HTTP Request: POST https://vps.lpzproxy.xyz/v1/chat/completions "HTTP/1.1 429 Too Many Requests"
2026-09-14 21:54:54,212 INFO HTTP Request: POST https://vps.lpzproxy.xyz/v1/chat/completions "HTTP/1.1 429 Too Many Requests"
2026-09-14 21:54:54,331 INFO HTTP Request: POST https://vps.lpzproxy.xyz/v1/chat/completions "HTTP/1.1 429 Too Many Requests"
2026-09-14 21:54:54,336 INFO HTTP Request: POST https://vps.lpzproxy.xyz/v1/chat/completions "HTTP/1.1 429 Too Many Requests"
2026-09-14 21:54:54,378 INFO HTTP Request: POST https://vps.lpzproxy.xyz/v1/chat/completions "HTTP/1.1 429 Too Many Requests"
2026-09-14 21:54:54,403 INFO HTTP Request: POST https://vps.lpzproxy.xyz/v1/chat/completions "HTTP/1.1 429 Too Many Requests"
2026-09-14 21:54:54,421 INFO HTTP Request: POST https://vps.lpzproxy.xyz/v1/chat/completions "HTTP/1.1 429 Too Many Requests"
2026-09-14 21:54:54,441 INFO HTTP Request: POST https://vps.lpzproxy.xyz/v1/chat/completions "HTTP/1.1 429 Too Many Requests"
2026-09-14 21:54:54,482 INFO HTTP Request: POST https://vps.lpzproxy.xyz/v1/chat/completions "HTTP/1.1 429 Too Many Requests"
2026-09-14 21:54:54,651 INFO HTTP Request: POST https://vps.lpzproxy.xyz/v1/chat/completions "HTTP/1.1 429 Too Many Requests"
2026-09-14 21:54:54,656 INFO HTTP Request: POST https://vps.lpzproxy.xyz/v1/chat/completions "HTTP/1.1 429 Too Many Requests"
2026-09-14 21:54:54,695 INFO HTTP Request: POST https://vps.lpzproxy.xyz/v1/chat/completions "HTTP/1.1 429 Too Many Requests"
2026-09-14 21:54:54,702 INFO HTTP Request: POST https://vps.lpzproxy.xyz/v1/chat/completions "HTTP/1.1 429 Too Many Requests"
2026-09-14 21:54:54,922 INFO HTTP Request: POST https://vps.lpzproxy.xyz/v1/chat/completions "HTTP/1.1 429 Too Many Requests"
2026-09-14 21:54:54,941 INFO HTTP Request: POST https://vps.lpzproxy.xyz/v1/chat/completions "HTTP/1.1 429 Too Many Requests"
2026-09-14 21:54:55,011 INFO HTTP Request: POST https://vps.lpzproxy.xyz/v1/chat/completions "HTTP/1.1 429 Too Many Requests"
2026-09-14 21:54:55,175 INFO HTTP Request: POST https://vps.lpzproxy.xyz/v1/chat/completions "HTTP/1.1 429 Too Many Requests"
2026-09-14 21:54:55,213 INFO HTTP Request: POST https://vps.lpzproxy.xyz/v1/chat/completions "HTTP/1.1 429 Too Many Requests"
2026-09-14 21:54:55,227 INFO HTTP Request: POST https://vps.lpzproxy.xyz/v1/chat/completions "HTTP/1.1 429 Too Many Requests"
2026-09-14 21:54:55,277 INFO HTTP Request: POST https://vps.lpzproxy.xyz/v1/chat/completions "HTTP/1.1 429 Too Many Requests"
2026-09-14 21:54:55,280 INFO HTTP Request: POST https://vps.lpzproxy.xyz/v1/chat/completions "HTTP/1.1 429 Too Many Requests"
2026-09-14 21:54:55,439 INFO HTTP Request: POST https://vps.lpzproxy.xyz/v1/chat/completions "HTTP/1.1 429 Too Many Requests"
2026-09-14 21:54:55,722 INFO HTTP Request: POST https://vps.lpzproxy.xyz/v1/chat/completions "HTTP/1.1 429 Too Many Requests"
2026-09-14 21:54:55,830 INFO HTTP Request: POST https://vps.lpzproxy.xyz/v1/chat/completions "HTTP/1.1 429 Too Many Requests"
2026-09-14 21:54:55,853 INFO HTTP Request: POST https://vps.lpzproxy.xyz/v1/chat/completions "HTTP/1.1 429 Too Many Requests"
2026-09-14 21:54:55,861 INFO HTTP Request: POST https://vps.lpzproxy.xyz/v1/chat/completions "HTTP/1.1 429 Too Many Requests"
2026-09-14 21:54:56,125 INFO HTTP Request: POST https://vps.lpzproxy.xyz/v1/chat/completions "HTTP/1.1 429 Too Many Requests"
2026-09-14 21:54:56,258 INFO HTTP Request: POST https://vps.lpzproxy.xyz/v1/chat/completions "HTTP/1.1 429 Too Many Requests"
2026-09-14 21:54:56,310 INFO HTTP Request: POST https://vps.lpzproxy.xyz/v1/chat/completions "HTTP/1.1 429 Too Many Requests"
2026-09-14 21:54:56,692 INFO HTTP Request: POST https://vps.lpzproxy.xyz/v1/chat/completions "HTTP/1.1 429 Too Many Requests"
2026-09-14 21:54:56,768 INFO HTTP Request: POST https://vps.lpzproxy.xyz/v1/chat/completions "HTTP/1.1 429 Too Many Requests"
2026-09-14 21:54:57,255 INFO HTTP Request: POST https://vps.lpzproxy.xyz/v1/chat/completions "HTTP/1.1 429 Too Many Requests"
2026-09-14 21:54:57,451 INFO HTTP Request: POST https://vps.lpzproxy.xyz/v1/chat/completions "HTTP/1.1 429 Too Many Requests"
2026-09-14 21:54:57,496 INFO HTTP Request: POST https://vps.lpzproxy.xyz/v1/chat/completions "HTTP/1.1 429 Too Many Requests"
2026-09-14 21:54:57,672 INFO HTTP Request: POST https://vps.lpzproxy.xyz/v1/chat/completions "HTTP/1.1 429 Too Many Requests"
2026-09-14 21:54:57,673 INFO HTTP Request: POST https://vps.lpzproxy.xyz/v1/chat/completions "HTTP/1.1 429 Too Many Requests"
2026-09-14 21:54:57,686 INFO HTTP Request: POST https://vps.lpzproxy.xyz/v1/chat/completions "HTTP/1.1 429 Too Many Requests"
2026-09-14 21:54:57,976 INFO HTTP Request: POST https://vps.lpzproxy.xyz/v1/chat/completions "HTTP/1.1 429 Too Many Requests"
2026-09-14 21:54:58,142 INFO HTTP Request: POST https://vps.lpzproxy.xyz/v1/chat/completions "HTTP/1.1 429 Too Many Requests"
2026-09-14 21:54:58,338 INFO HTTP Request: POST https://vps.lpzproxy.xyz/v1/chat/completions "HTTP/1.1 429 Too Many Requests"
2026-09-14 21:54:58,381 INFO HTTP Request: POST https://vps.lpzproxy.xyz/v1/chat/completions "HTTP/1.1 429 Too Many Requests"
2026-09-14 21:54:58,561 INFO HTTP Request: POST https://vps.lpzproxy.xyz/v1/chat/completions "HTTP/1.1 429 Too Many Requests"
2026-09-14 21:54:58,785 INFO HTTP Request: POST https://vps.lpzproxy.xyz/v1/chat/completions "HTTP/1.1 429 Too Many Requests"
2026-09-14 21:54:58,843 INFO HTTP Request: POST https://vps.lpzproxy.xyz/v1/chat/completions "HTTP/1.1 429 Too Many Requests"
2026-09-14 21:54:59,135 INFO HTTP Request: POST https://vps.lpzproxy.xyz/v1/chat/completions "HTTP/1.1 429 Too Many Requests"
2026-09-14 21:54:59,161 INFO HTTP Request: POST https://vps.lpzproxy.xyz/v1/chat/completions "HTTP/1.1 429 Too Many Requests"
2026-09-14 21:54:59,190 INFO HTTP Request: POST https://vps.lpzproxy.xyz/v1/chat/completions "HTTP/1.1 429 Too Many Requests"
2026-09-14 21:54:59,285 INFO HTTP Request: POST https://vps.lpzproxy.xyz/v1/chat/completions "HTTP/1.1 429 Too Many Requests"
2026-09-14 21:54:59,541 INFO HTTP Request: POST https://vps.lpzproxy.xyz/v1/chat/completions "HTTP/1.1 429 Too Many Requests"
2026-09-14 21:54:59,546 INFO HTTP Request: POST https://vps.lpzproxy.xyz/v1/chat/completions "HTTP/1.1 429 Too Many Requests"
2026-09-14 21:54:59,581 INFO HTTP Request: POST https://vps.lpzproxy.xyz/v1/chat/completions "HTTP/1.1 429 Too Many Requests"
2026-09-14 21:54:59,586 INFO HTTP Request: POST https://vps.lpzproxy.xyz/v1/chat/completions "HTTP/1.1 429 Too Many Requests"
2026-09-14 21:54:59,591 INFO HTTP Request: POST https://vps.lpzproxy.xyz/v1/chat/completions "HTTP/1.1 429 Too Many Requests"
2026-09-14 21:54:59,689 INFO HTTP Request: POST https://vps.lpzproxy.xyz/v1/chat/completions "HTTP/1.1 429 Too Many Requests"
2026-09-14 21:54:59,722 INFO HTTP Request: POST https://vps.lpzproxy.xyz/v1/chat/completions "HTTP/1.1 429 Too Many Requests"
2026-09-14 21:54:59,906 INFO HTTP Request: POST https://vps.lpzproxy.xyz/v1/chat/completions "HTTP/1.1 429 Too Many Requests"
2026-09-14 21:55:00,107 INFO HTTP Request: POST https://vps.lpzproxy.xyz/v1/chat/completions "HTTP/1.1 429 Too Many Requests"
2026-09-14 21:55:00,110 INFO HTTP Request: POST https://vps.lpzproxy.xyz/v1/chat/completions "HTTP/1.1 429 Too Many Requests"
2026-09-14 21:55:00,110 INFO HTTP Request: POST https://vps.lpzproxy.xyz/v1/chat/completions "HTTP/1.1 429 Too Many Requests"
2026-09-14 21:55:00,146 INFO HTTP Request: POST https://vps.lpzproxy.xyz/v1/chat/completions "HTTP/1.1 429 Too Many Requests"
2026-09-14 21:55:00,555 INFO HTTP Request: POST https://vps.lpzproxy.xyz/v1/chat/completions "HTTP/1.1 429 Too Many Requests"
2026-09-14 21:55:00,818 INFO HTTP Request: POST https://vps.lpzproxy.xyz/v1/chat/completions "HTTP/1.1 429 Too Many Requests"
2026-09-14 21:55:00,867 INFO HTTP Request: POST https://vps.lpzproxy.xyz/v1/chat/completions "HTTP/1.1 429 Too Many Requests"
2026-09-14 21:55:00,889 INFO HTTP Request: POST https://vps.lpzproxy.xyz/v1/chat/completions "HTTP/1.1 429 Too Many Requests"
2026-09-14 21:55:00,922 INFO HTTP Request: POST https://vps.lpzproxy.xyz/v1/chat/completions "HTTP/1.1 429 Too Many Requests"
2026-09-14 21:55:00,933 INFO HTTP Request: POST https://vps.lpzproxy.xyz/v1/chat/completions "HTTP/1.1 429 Too Many Requests"
2026-09-14 21:55:01,136 INFO HTTP Request: POST https://vps.lpzproxy.xyz/v1/chat/completions "HTTP/1.1 429 Too Many Requests"
2026-09-14 21:55:01,326 INFO HTTP Request: POST https://vps.lpzproxy.xyz/v1/chat/completions "HTTP/1.1 429 Too Many Requests"
2026-09-14 21:55:01,668 INFO HTTP Request: POST https://vps.lpzproxy.xyz/v1/chat/completions "HTTP/1.1 429 Too Many Requests"
2026-09-14 21:55:02,003 INFO HTTP Request: POST https://vps.lpzproxy.xyz/v1/chat/completions "HTTP/1.1 429 Too Many Requests"
2026-09-14 21:55:02,242 INFO HTTP Request: POST https://vps.lpzproxy.xyz/v1/chat/completions "HTTP/1.1 429 Too Many Requests"
2026-09-14 21:55:02,311 INFO HTTP Request: POST https://vps.lpzproxy.xyz/v1/chat/completions "HTTP/1.1 429 Too Many Requests"
2026-09-14 21:55:02,523 INFO HTTP Request: POST https://vps.lpzproxy.xyz/v1/chat/completions "HTTP/1.1 429 Too Many Requests"
2026-09-14 21:55:02,805 INFO HTTP Request: POST https://vps.lpzproxy.xyz/v1/chat/completions "HTTP/1.1 429 Too Many Requests"
2026-09-14 21:55:03,047 INFO HTTP Request: POST https://vps.lpzproxy.xyz/v1/chat/completions "HTTP/1.1 429 Too Many Requests"
2026-09-14 21:55:03,254 INFO HTTP Request: POST https://vps.lpzproxy.xyz/v1/chat/completions "HTTP/1.1 429 Too Many Requests"
2026-09-14 21:55:03,457 INFO HTTP Request: POST https://vps.lpzproxy.xyz/v1/chat/completions "HTTP/1.1 429 Too Many Requests"
2026-09-14 21:55:03,936 INFO HTTP Request: POST https://vps.lpzproxy.xyz/v1/chat/completions "HTTP/1.1 429 Too Many Requests"
2026-09-14 21:55:07,505 INFO HTTP Request: POST https://vps.lpzproxy.xyz/v1/chat/completions "HTTP/1.1 429 Too Many Requests"
2026-09-14 21:55:07,507 ERROR judge job failed after retries: API request failed after retries: retryable HTTP 429: {"error":{"code":"model_cooldown","message":"All credentials for model gemini-3.7-flash-high are cooling down via provider antigravity","model":"gemini-3.7-flash-high","provider":"antigravity","reset_
2026-09-14 21:55:07,597 INFO HTTP Request: POST https://vps.lpzproxy.xyz/v1/chat/completions "HTTP/1.1 429 Too Many Requests"
2026-09-14 21:55:07,597 ERROR judge job failed after retries: API request failed after retries: retryable HTTP 429: {"error":{"code":"model_cooldown","message":"All credentials for model gemini-3.7-flash-high are cooling down via provider antigravity","model":"gemini-3.7-flash-high","provider":"antigravity","reset_
2026-09-14 21:55:08,171 INFO HTTP Request: POST https://vps.lpzproxy.xyz/v1/chat/completions "HTTP/1.1 429 Too Many Requests"
2026-09-14 21:55:08,171 ERROR judge job failed after retries: API request failed after retries: retryable HTTP 429: {"error":{"code":"model_cooldown","message":"All credentials for model gemini-3.7-flash-high are cooling down via provider antigravity","model":"gemini-3.7-flash-high","provider":"antigravity","reset_
2026-09-14 21:55:08,646 INFO HTTP Request: POST https://vps.lpzproxy.xyz/v1/chat/completions "HTTP/1.1 429 Too Many Requests"
2026-09-14 21:55:08,647 ERROR judge job failed after retries: API request failed after retries: retryable HTTP 429: {"error":{"code":"model_cooldown","message":"All credentials for model gemini-3.7-flash-high are cooling down via provider antigravity","model":"gemini-3.7-flash-high","provider":"antigravity","reset_
2026-09-14 21:55:08,734 INFO HTTP Request: POST https://vps.lpzproxy.xyz/v1/chat/completions "HTTP/1.1 429 Too Many Requests"
2026-09-14 21:55:08,735 ERROR judge job failed after retries: API request failed after retries: retryable HTTP 429: {"error":{"code":"model_cooldown","message":"All credentials for model gemini-3.7-flash-high are cooling down via provider antigravity","model":"gemini-3.7-flash-high","provider":"antigravity","reset_
2026-09-14 21:55:08,861 INFO HTTP Request: POST https://vps.lpzproxy.xyz/v1/chat/completions "HTTP/1.1 429 Too Many Requests"
2026-09-14 21:55:08,861 ERROR judge job failed after retries: API request failed after retries: retryable HTTP 429: {"error":{"code":"model_cooldown","message":"All credentials for model gemini-3.7-flash-high are cooling down via provider antigravity","model":"gemini-3.7-flash-high","provider":"antigravity","reset_
2026-09-14 21:55:08,921 INFO HTTP Request: POST https://vps.lpzproxy.xyz/v1/chat/completions "HTTP/1.1 429 Too Many Requests"
2026-09-14 21:55:08,948 INFO HTTP Request: POST https://vps.lpzproxy.xyz/v1/chat/completions "HTTP/1.1 429 Too Many Requests"
2026-09-14 21:55:08,987 INFO HTTP Request: POST https://vps.lpzproxy.xyz/v1/chat/completions "HTTP/1.1 429 Too Many Requests"
2026-09-14 21:55:08,988 ERROR judge job failed after retries: API request failed after retries: retryable HTTP 429: {"error":{"code":"model_cooldown","message":"All credentials for model gemini-3.7-flash-high are cooling down via provider antigravity","model":"gemini-3.7-flash-high","provider":"antigravity","reset_
2026-09-14 21:55:09,067 INFO HTTP Request: POST https://vps.lpzproxy.xyz/v1/chat/completions "HTTP/1.1 429 Too Many Requests"
2026-09-14 21:55:09,067 ERROR judge job failed after retries: API request failed after retries: retryable HTTP 429: {"error":{"code":"model_cooldown","message":"All credentials for model gemini-3.7-flash-high are cooling down via provider antigravity","model":"gemini-3.7-flash-high","provider":"antigravity","reset_
2026-09-14 21:55:09,083 INFO HTTP Request: POST https://vps.lpzproxy.xyz/v1/chat/completions "HTTP/1.1 429 Too Many Requests"
2026-09-14 21:55:09,083 ERROR judge job failed after retries: API request failed after retries: retryable HTTP 429: {"error":{"code":"model_cooldown","message":"All credentials for model gemini-3.7-flash-high are cooling down via provider antigravity","model":"gemini-3.7-flash-high","provider":"antigravity","reset_
2026-09-14 21:55:09,114 INFO HTTP Request: POST https://vps.lpzproxy.xyz/v1/chat/completions "HTTP/1.1 429 Too Many Requests"
2026-09-14 21:55:09,114 ERROR judge job failed after retries: API request failed after retries: retryable HTTP 429: {"error":{"code":"model_cooldown","message":"All credentials for model gemini-3.7-flash-high are cooling down via provider antigravity","model":"gemini-3.7-flash-high","provider":"antigravity","reset_
2026-09-14 21:55:09,393 INFO HTTP Request: POST https://vps.lpzproxy.xyz/v1/chat/completions "HTTP/1.1 429 Too Many Requests"
2026-09-14 21:55:09,394 ERROR judge job failed after retries: API request failed after retries: retryable HTTP 429: {"error":{"code":"model_cooldown","message":"All credentials for model gemini-3.7-flash-high are cooling down via provider antigravity","model":"gemini-3.7-flash-high","provider":"antigravity","reset_
2026-09-14 21:55:09,424 INFO HTTP Request: POST https://vps.lpzproxy.xyz/v1/chat/completions "HTTP/1.1 429 Too Many Requests"
2026-09-14 21:55:09,425 ERROR judge job failed after retries: API request failed after retries: retryable HTTP 429: {"error":{"code":"model_cooldown","message":"All credentials for model gemini-3.7-flash-high are cooling down via provider antigravity","model":"gemini-3.7-flash-high","provider":"antigravity","reset_
2026-09-14 21:55:09,507 INFO HTTP Request: POST https://vps.lpzproxy.xyz/v1/chat/completions "HTTP/1.1 429 Too Many Requests"
2026-09-14 21:55:09,508 ERROR judge job failed after retries: API request failed after retries: retryable HTTP 429: {"error":{"code":"model_cooldown","message":"All credentials for model gemini-3.7-flash-high are cooling down via provider antigravity","model":"gemini-3.7-flash-high","provider":"antigravity","reset_
2026-09-14 21:55:09,601 INFO HTTP Request: POST https://vps.lpzproxy.xyz/v1/chat/completions "HTTP/1.1 429 Too Many Requests"
2026-09-14 21:55:09,651 INFO HTTP Request: POST https://vps.lpzproxy.xyz/v1/chat/completions "HTTP/1.1 429 Too Many Requests"
2026-09-14 21:55:09,652 ERROR judge job failed after retries: API request failed after retries: retryable HTTP 429: {"error":{"code":"model_cooldown","message":"All credentials for model gemini-3.7-flash-high are cooling down via provider antigravity","model":"gemini-3.7-flash-high","provider":"antigravity","reset_
2026-09-14 21:55:09,685 INFO HTTP Request: POST https://vps.lpzproxy.xyz/v1/chat/completions "HTTP/1.1 429 Too Many Requests"
2026-09-14 21:55:09,686 ERROR judge job failed after retries: API request failed after retries: retryable HTTP 429: {"error":{"code":"model_cooldown","message":"All credentials for model gemini-3.7-flash-high are cooling down via provider antigravity","model":"gemini-3.7-flash-high","provider":"antigravity","reset_
2026-09-14 21:55:09,826 INFO HTTP Request: POST https://vps.lpzproxy.xyz/v1/chat/completions "HTTP/1.1 429 Too Many Requests"
2026-09-14 21:55:09,826 ERROR judge job failed after retries: API request failed after retries: retryable HTTP 429: {"error":{"code":"model_cooldown","message":"All credentials for model gemini-3.7-flash-high are cooling down via provider antigravity","model":"gemini-3.7-flash-high","provider":"antigravity","reset_
2026-09-14 21:55:09,835 INFO HTTP Request: POST https://vps.lpzproxy.xyz/v1/chat/completions "HTTP/1.1 429 Too Many Requests"
2026-09-14 21:55:09,835 ERROR judge job failed after retries: API request failed after retries: retryable HTTP 429: {"error":{"code":"model_cooldown","message":"All credentials for model gemini-3.7-flash-high are cooling down via provider antigravity","model":"gemini-3.7-flash-high","provider":"antigravity","reset_
2026-09-14 21:55:09,847 INFO HTTP Request: POST https://vps.lpzproxy.xyz/v1/chat/completions "HTTP/1.1 429 Too Many Requests"
2026-09-14 21:55:09,848 ERROR judge job failed after retries: API request failed after retries: retryable HTTP 429: {"error":{"code":"model_cooldown","message":"All credentials for model gemini-3.7-flash-high are cooling down via provider antigravity","model":"gemini-3.7-flash-high","provider":"antigravity","reset_
2026-09-14 21:55:09,870 INFO HTTP Request: POST https://vps.lpzproxy.xyz/v1/chat/completions "HTTP/1.1 429 Too Many Requests"
2026-09-14 21:55:09,871 ERROR judge job failed after retries: API request failed after retries: retryable HTTP 429: {"error":{"code":"model_cooldown","message":"All credentials for model gemini-3.7-flash-high are cooling down via provider antigravity","model":"gemini-3.7-flash-high","provider":"antigravity","reset_
2026-09-14 21:55:09,992 INFO HTTP Request: POST https://vps.lpzproxy.xyz/v1/chat/completions "HTTP/1.1 429 Too Many Requests"
2026-09-14 21:55:09,992 ERROR judge job failed after retries: API request failed after retries: retryable HTTP 429: {"error":{"code":"model_cooldown","message":"All credentials for model gemini-3.7-flash-high are cooling down via provider antigravity","model":"gemini-3.7-flash-high","provider":"antigravity","reset_
2026-09-14 21:55:09,995 INFO HTTP Request: POST https://vps.lpzproxy.xyz/v1/chat/completions "HTTP/1.1 429 Too Many Requests"
2026-09-14 21:55:09,997 INFO HTTP Request: POST https://vps.lpzproxy.xyz/v1/chat/completions "HTTP/1.1 429 Too Many Requests"
2026-09-14 21:55:09,998 ERROR judge job failed after retries: API request failed after retries: retryable HTTP 429: {"error":{"code":"model_cooldown","message":"All credentials for model gemini-3.7-flash-high are cooling down via provider antigravity","model":"gemini-3.7-flash-high","provider":"antigravity","reset_
2026-09-14 21:55:10,053 INFO HTTP Request: POST https://vps.lpzproxy.xyz/v1/chat/completions "HTTP/1.1 429 Too Many Requests"
2026-09-14 21:55:10,054 ERROR judge job failed after retries: API request failed after retries: retryable HTTP 429: {"error":{"code":"model_cooldown","message":"All credentials for model gemini-3.7-flash-high are cooling down via provider antigravity","model":"gemini-3.7-flash-high","provider":"antigravity","reset_
2026-09-14 21:55:10,070 INFO HTTP Request: POST https://vps.lpzproxy.xyz/v1/chat/completions "HTTP/1.1 429 Too Many Requests"
2026-09-14 21:55:10,070 ERROR judge job failed after retries: API request failed after retries: retryable HTTP 429: {"error":{"code":"model_cooldown","message":"All credentials for model gemini-3.7-flash-high are cooling down via provider antigravity","model":"gemini-3.7-flash-high","provider":"antigravity","reset_
2026-09-14 21:55:10,204 INFO HTTP Request: POST https://vps.lpzproxy.xyz/v1/chat/completions "HTTP/1.1 429 Too Many Requests"
2026-09-14 21:55:10,247 INFO HTTP Request: POST https://vps.lpzproxy.xyz/v1/chat/completions "HTTP/1.1 429 Too Many Requests"
2026-09-14 21:55:10,364 INFO HTTP Request: POST https://vps.lpzproxy.xyz/v1/chat/completions "HTTP/1.1 429 Too Many Requests"
2026-09-14 21:55:10,448 INFO HTTP Request: POST https://vps.lpzproxy.xyz/v1/chat/completions "HTTP/1.1 429 Too Many Requests"
2026-09-14 21:55:10,448 ERROR judge job failed after retries: API request failed after retries: retryable HTTP 429: {"error":{"code":"model_cooldown","message":"All credentials for model gemini-3.7-flash-high are cooling down via provider antigravity","model":"gemini-3.7-flash-high","provider":"antigravity","reset_
2026-09-14 21:55:10,451 INFO HTTP Request: POST https://vps.lpzproxy.xyz/v1/chat/completions "HTTP/1.1 429 Too Many Requests"
2026-09-14 21:55:10,489 INFO HTTP Request: POST https://vps.lpzproxy.xyz/v1/chat/completions "HTTP/1.1 429 Too Many Requests"
2026-09-14 21:55:10,544 INFO HTTP Request: POST https://vps.lpzproxy.xyz/v1/chat/completions "HTTP/1.1 429 Too Many Requests"
2026-09-14 21:55:10,584 INFO HTTP Request: POST https://vps.lpzproxy.xyz/v1/chat/completions "HTTP/1.1 429 Too Many Requests"
2026-09-14 21:55:10,722 INFO HTTP Request: POST https://vps.lpzproxy.xyz/v1/chat/completions "HTTP/1.1 429 Too Many Requests"
2026-09-14 21:55:10,723 ERROR judge job failed after retries: API request failed after retries: retryable HTTP 429: {"error":{"code":"model_cooldown","message":"All credentials for model gemini-3.7-flash-high are cooling down via provider antigravity","model":"gemini-3.7-flash-high","provider":"antigravity","reset_
2026-09-14 21:55:10,742 INFO HTTP Request: POST https://vps.lpzproxy.xyz/v1/chat/completions "HTTP/1.1 429 Too Many Requests"
2026-09-14 21:55:10,743 ERROR judge job failed after retries: API request failed after retries: retryable HTTP 429: {"error":{"code":"model_cooldown","message":"All credentials for model gemini-3.7-flash-high are cooling down via provider antigravity","model":"gemini-3.7-flash-high","provider":"antigravity","reset_
2026-09-14 21:55:10,779 INFO HTTP Request: POST https://vps.lpzproxy.xyz/v1/chat/completions "HTTP/1.1 429 Too Many Requests"
2026-09-14 21:55:10,780 INFO HTTP Request: POST https://vps.lpzproxy.xyz/v1/chat/completions "HTTP/1.1 429 Too Many Requests"
2026-09-14 21:55:10,818 INFO HTTP Request: POST https://vps.lpzproxy.xyz/v1/chat/completions "HTTP/1.1 429 Too Many Requests"
2026-09-14 21:55:10,818 ERROR judge job failed after retries: API request failed after retries: retryable HTTP 429: {"error":{"code":"model_cooldown","message":"All credentials for model gemini-3.7-flash-high are cooling down via provider antigravity","model":"gemini-3.7-flash-high","provider":"antigravity","reset_
2026-09-14 21:55:10,858 INFO HTTP Request: POST https://vps.lpzproxy.xyz/v1/chat/completions "HTTP/1.1 429 Too Many Requests"
2026-09-14 21:55:10,867 INFO HTTP Request: POST https://vps.lpzproxy.xyz/v1/chat/completions "HTTP/1.1 429 Too Many Requests"
2026-09-14 21:55:10,867 ERROR judge job failed after retries: API request failed after retries: retryable HTTP 429: {"error":{"code":"model_cooldown","message":"All credentials for model gemini-3.7-flash-high are cooling down via provider antigravity","model":"gemini-3.7-flash-high","provider":"antigravity","reset_
2026-09-14 21:55:10,875 INFO HTTP Request: POST https://vps.lpzproxy.xyz/v1/chat/completions "HTTP/1.1 429 Too Many Requests"
2026-09-14 21:55:10,876 ERROR judge job failed after retries: API request failed after retries: retryable HTTP 429: {"error":{"code":"model_cooldown","message":"All credentials for model gemini-3.7-flash-high are cooling down via provider antigravity","model":"gemini-3.7-flash-high","provider":"antigravity","reset_
2026-09-14 21:55:11,044 INFO HTTP Request: POST https://vps.lpzproxy.xyz/v1/chat/completions "HTTP/1.1 429 Too Many Requests"
2026-09-14 21:55:11,053 INFO HTTP Request: POST https://vps.lpzproxy.xyz/v1/chat/completions "HTTP/1.1 429 Too Many Requests"
2026-09-14 21:55:11,062 INFO HTTP Request: POST https://vps.lpzproxy.xyz/v1/chat/completions "HTTP/1.1 429 Too Many Requests"
2026-09-14 21:55:11,063 ERROR judge job failed after retries: API request failed after retries: retryable HTTP 429: {"error":{"code":"model_cooldown","message":"All credentials for model gemini-3.7-flash-high are cooling down via provider antigravity","model":"gemini-3.7-flash-high","provider":"antigravity","reset_
2026-09-14 21:55:11,066 INFO HTTP Request: POST https://vps.lpzproxy.xyz/v1/chat/completions "HTTP/1.1 429 Too Many Requests"
2026-09-14 21:55:11,197 INFO HTTP Request: POST https://vps.lpzproxy.xyz/v1/chat/completions "HTTP/1.1 429 Too Many Requests"
2026-09-14 21:55:11,197 ERROR judge job failed after retries: API request failed after retries: retryable HTTP 429: {"error":{"code":"model_cooldown","message":"All credentials for model gemini-3.7-flash-high are cooling down via provider antigravity","model":"gemini-3.7-flash-high","provider":"antigravity","reset_
2026-09-14 21:55:11,221 INFO HTTP Request: POST https://vps.lpzproxy.xyz/v1/chat/completions "HTTP/1.1 429 Too Many Requests"
2026-09-14 21:55:11,228 INFO HTTP Request: POST https://vps.lpzproxy.xyz/v1/chat/completions "HTTP/1.1 429 Too Many Requests"
2026-09-14 21:55:11,231 INFO HTTP Request: POST https://vps.lpzproxy.xyz/v1/chat/completions "HTTP/1.1 429 Too Many Requests"
2026-09-14 21:55:11,300 INFO HTTP Request: POST https://vps.lpzproxy.xyz/v1/chat/completions "HTTP/1.1 429 Too Many Requests"
2026-09-14 21:55:11,364 INFO HTTP Request: POST https://vps.lpzproxy.xyz/v1/chat/completions "HTTP/1.1 429 Too Many Requests"
2026-09-14 21:55:11,388 INFO HTTP Request: POST https://vps.lpzproxy.xyz/v1/chat/completions "HTTP/1.1 429 Too Many Requests"
2026-09-14 21:55:11,428 INFO HTTP Request: POST https://vps.lpzproxy.xyz/v1/chat/completions "HTTP/1.1 429 Too Many Requests"
2026-09-14 21:55:11,468 INFO HTTP Request: POST https://vps.lpzproxy.xyz/v1/chat/completions "HTTP/1.1 429 Too Many Requests"
2026-09-14 21:55:11,562 INFO HTTP Request: POST https://vps.lpzproxy.xyz/v1/chat/completions "HTTP/1.1 429 Too Many Requests"
2026-09-14 21:55:11,625 INFO HTTP Request: POST https://vps.lpzproxy.xyz/v1/chat/completions "HTTP/1.1 429 Too Many Requests"
2026-09-14 21:55:11,626 ERROR judge job failed after retries: API request failed after retries: retryable HTTP 429: {"error":{"code":"model_cooldown","message":"All credentials for model gemini-3.7-flash-high are cooling down via provider antigravity","model":"gemini-3.7-flash-high","provider":"antigravity","reset_
2026-09-14 21:55:11,750 INFO HTTP Request: POST https://vps.lpzproxy.xyz/v1/chat/completions "HTTP/1.1 429 Too Many Requests"
2026-09-14 21:55:11,750 ERROR judge job failed after retries: API request failed after retries: retryable HTTP 429: {"error":{"code":"model_cooldown","message":"All credentials for model gemini-3.7-flash-high are cooling down via provider antigravity","model":"gemini-3.7-flash-high","provider":"antigravity","reset_
2026-09-14 21:55:11,832 INFO HTTP Request: POST https://vps.lpzproxy.xyz/v1/chat/completions "HTTP/1.1 429 Too Many Requests"
2026-09-14 21:55:12,070 INFO HTTP Request: POST https://vps.lpzproxy.xyz/v1/chat/completions "HTTP/1.1 429 Too Many Requests"
2026-09-14 21:55:12,125 INFO HTTP Request: POST https://vps.lpzproxy.xyz/v1/chat/completions "HTTP/1.1 429 Too Many Requests"
2026-09-14 21:55:12,126 INFO HTTP Request: POST https://vps.lpzproxy.xyz/v1/chat/completions "HTTP/1.1 429 Too Many Requests"
2026-09-14 21:55:12,127 INFO HTTP Request: POST https://vps.lpzproxy.xyz/v1/chat/completions "HTTP/1.1 429 Too Many Requests"
2026-09-14 21:55:12,128 ERROR judge job failed after retries: API request failed after retries: retryable HTTP 429: {"error":{"code":"model_cooldown","message":"All credentials for model gemini-3.7-flash-high are cooling down via provider antigravity","model":"gemini-3.7-flash-high","provider":"antigravity","reset_
2026-09-14 21:55:12,138 INFO HTTP Request: POST https://vps.lpzproxy.xyz/v1/chat/completions "HTTP/1.1 429 Too Many Requests"
2026-09-14 21:55:12,204 INFO HTTP Request: POST https://vps.lpzproxy.xyz/v1/chat/completions "HTTP/1.1 429 Too Many Requests"
2026-09-14 21:55:12,226 INFO HTTP Request: POST https://vps.lpzproxy.xyz/v1/chat/completions "HTTP/1.1 429 Too Many Requests"
2026-09-14 21:55:12,254 INFO HTTP Request: POST https://vps.lpzproxy.xyz/v1/chat/completions "HTTP/1.1 429 Too Many Requests"
2026-09-14 21:55:12,260 INFO HTTP Request: POST https://vps.lpzproxy.xyz/v1/chat/completions "HTTP/1.1 429 Too Many Requests"
2026-09-14 21:55:12,399 INFO HTTP Request: POST https://vps.lpzproxy.xyz/v1/chat/completions "HTTP/1.1 429 Too Many Requests"
2026-09-14 21:55:12,415 INFO HTTP Request: POST https://vps.lpzproxy.xyz/v1/chat/completions "HTTP/1.1 429 Too Many Requests"
2026-09-14 21:55:12,416 ERROR judge job failed after retries: API request failed after retries: retryable HTTP 429: {"error":{"code":"model_cooldown","message":"All credentials for model gemini-3.7-flash-high are cooling down via provider antigravity","model":"gemini-3.7-flash-high","provider":"antigravity","reset_
2026-09-14 21:55:12,464 INFO HTTP Request: POST https://vps.lpzproxy.xyz/v1/chat/completions "HTTP/1.1 429 Too Many Requests"
2026-09-14 21:55:12,495 INFO HTTP Request: POST https://vps.lpzproxy.xyz/v1/chat/completions "HTTP/1.1 429 Too Many Requests"
2026-09-14 21:55:12,581 INFO HTTP Request: POST https://vps.lpzproxy.xyz/v1/chat/completions "HTTP/1.1 429 Too Many Requests"
2026-09-14 21:55:12,628 INFO HTTP Request: POST https://vps.lpzproxy.xyz/v1/chat/completions "HTTP/1.1 429 Too Many Requests"
2026-09-14 21:55:12,630 INFO HTTP Request: POST https://vps.lpzproxy.xyz/v1/chat/completions "HTTP/1.1 429 Too Many Requests"
2026-09-14 21:55:12,690 INFO HTTP Request: POST https://vps.lpzproxy.xyz/v1/chat/completions "HTTP/1.1 429 Too Many Requests"
2026-09-14 21:55:12,845 INFO HTTP Request: POST https://vps.lpzproxy.xyz/v1/chat/completions "HTTP/1.1 429 Too Many Requests"
2026-09-14 21:55:12,863 INFO HTTP Request: POST https://vps.lpzproxy.xyz/v1/chat/completions "HTTP/1.1 429 Too Many Requests"
2026-09-14 21:55:12,895 INFO HTTP Request: POST https://vps.lpzproxy.xyz/v1/chat/completions "HTTP/1.1 429 Too Many Requests"
2026-09-14 21:55:12,895 ERROR judge job failed after retries: API request failed after retries: retryable HTTP 429: {"error":{"code":"model_cooldown","message":"All credentials for model gemini-3.7-flash-high are cooling down via provider antigravity","model":"gemini-3.7-flash-high","provider":"antigravity","reset_
2026-09-14 21:55:12,925 INFO HTTP Request: POST https://vps.lpzproxy.xyz/v1/chat/completions "HTTP/1.1 429 Too Many Requests"
2026-09-14 21:55:12,925 INFO HTTP Request: POST https://vps.lpzproxy.xyz/v1/chat/completions "HTTP/1.1 429 Too Many Requests"
2026-09-14 21:55:12,967 INFO HTTP Request: POST https://vps.lpzproxy.xyz/v1/chat/completions "HTTP/1.1 429 Too Many Requests"
2026-09-14 21:55:13,001 INFO HTTP Request: POST https://vps.lpzproxy.xyz/v1/chat/completions "HTTP/1.1 429 Too Many Requests"
2026-09-14 21:55:13,102 INFO HTTP Request: POST https://vps.lpzproxy.xyz/v1/chat/completions "HTTP/1.1 429 Too Many Requests"
2026-09-14 21:55:13,103 ERROR judge job failed after retries: API request failed after retries: retryable HTTP 429: {"error":{"code":"model_cooldown","message":"All credentials for model gemini-3.7-flash-high are cooling down via provider antigravity","model":"gemini-3.7-flash-high","provider":"antigravity","reset_
2026-09-14 21:55:13,107 INFO HTTP Request: POST https://vps.lpzproxy.xyz/v1/chat/completions "HTTP/1.1 429 Too Many Requests"
2026-09-14 21:55:13,116 INFO HTTP Request: POST https://vps.lpzproxy.xyz/v1/chat/completions "HTTP/1.1 429 Too Many Requests"
2026-09-14 21:55:13,140 INFO HTTP Request: POST https://vps.lpzproxy.xyz/v1/chat/completions "HTTP/1.1 429 Too Many Requests"
2026-09-14 21:55:13,190 INFO HTTP Request: POST https://vps.lpzproxy.xyz/v1/chat/completions "HTTP/1.1 429 Too Many Requests"
2026-09-14 21:55:13,403 INFO HTTP Request: POST https://vps.lpzproxy.xyz/v1/chat/completions "HTTP/1.1 429 Too Many Requests"
2026-09-14 21:55:13,468 INFO HTTP Request: POST https://vps.lpzproxy.xyz/v1/chat/completions "HTTP/1.1 429 Too Many Requests"
2026-09-14 21:55:13,497 INFO HTTP Request: POST https://vps.lpzproxy.xyz/v1/chat/completions "HTTP/1.1 429 Too Many Requests"
2026-09-14 21:55:13,498 ERROR judge job failed after retries: API request failed after retries: retryable HTTP 429: {"error":{"code":"model_cooldown","message":"All credentials for model gemini-3.7-flash-high are cooling down via provider antigravity","model":"gemini-3.7-flash-high","provider":"antigravity","reset_
2026-09-14 21:55:13,516 INFO HTTP Request: POST https://vps.lpzproxy.xyz/v1/chat/completions "HTTP/1.1 429 Too Many Requests"
2026-09-14 21:55:13,520 INFO HTTP Request: POST https://vps.lpzproxy.xyz/v1/chat/completions "HTTP/1.1 429 Too Many Requests"
2026-09-14 21:55:13,705 INFO HTTP Request: POST https://vps.lpzproxy.xyz/v1/chat/completions "HTTP/1.1 429 Too Many Requests"
2026-09-14 21:55:13,722 INFO HTTP Request: POST https://vps.lpzproxy.xyz/v1/chat/completions "HTTP/1.1 429 Too Many Requests"
2026-09-14 21:55:13,723 ERROR judge job failed after retries: API request failed after retries: retryable HTTP 429: {"error":{"code":"model_cooldown","message":"All credentials for model gemini-3.7-flash-high are cooling down via provider antigravity","model":"gemini-3.7-flash-high","provider":"antigravity","reset_
2026-09-14 21:55:13,731 INFO HTTP Request: POST https://vps.lpzproxy.xyz/v1/chat/completions "HTTP/1.1 429 Too Many Requests"
2026-09-14 21:55:13,804 INFO HTTP Request: POST https://vps.lpzproxy.xyz/v1/chat/completions "HTTP/1.1 429 Too Many Requests"
2026-09-14 21:55:13,827 INFO HTTP Request: POST https://vps.lpzproxy.xyz/v1/chat/completions "HTTP/1.1 429 Too Many Requests"
2026-09-14 21:55:13,898 INFO HTTP Request: POST https://vps.lpzproxy.xyz/v1/chat/completions "HTTP/1.1 429 Too Many Requests"
2026-09-14 21:55:13,899 ERROR judge job failed after retries: API request failed after retries: retryable HTTP 429: {"error":{"code":"model_cooldown","message":"All credentials for model gemini-3.7-flash-high are cooling down via provider antigravity","model":"gemini-3.7-flash-high","provider":"antigravity","reset_
2026-09-14 21:55:13,910 INFO HTTP Request: POST https://vps.lpzproxy.xyz/v1/chat/completions "HTTP/1.1 429 Too Many Requests"
2026-09-14 21:55:14,008 INFO HTTP Request: POST https://vps.lpzproxy.xyz/v1/chat/completions "HTTP/1.1 429 Too Many Requests"
2026-09-14 21:55:14,075 INFO HTTP Request: POST https://vps.lpzproxy.xyz/v1/chat/completions "HTTP/1.1 429 Too Many Requests"
2026-09-14 21:55:14,308 INFO HTTP Request: POST https://vps.lpzproxy.xyz/v1/chat/completions "HTTP/1.1 429 Too Many Requests"
2026-09-14 21:55:14,361 INFO HTTP Request: POST https://vps.lpzproxy.xyz/v1/chat/completions "HTTP/1.1 429 Too Many Requests"
2026-09-14 21:55:14,408 INFO HTTP Request: POST https://vps.lpzproxy.xyz/v1/chat/completions "HTTP/1.1 429 Too Many Requests"
2026-09-14 21:55:14,410 INFO HTTP Request: POST https://vps.lpzproxy.xyz/v1/chat/completions "HTTP/1.1 429 Too Many Requests"
2026-09-14 21:55:14,458 INFO HTTP Request: POST https://vps.lpzproxy.xyz/v1/chat/completions "HTTP/1.1 429 Too Many Requests"
2026-09-14 21:55:14,492 INFO HTTP Request: POST https://vps.lpzproxy.xyz/v1/chat/completions "HTTP/1.1 429 Too Many Requests"
2026-09-14 21:55:14,540 INFO HTTP Request: POST https://vps.lpzproxy.xyz/v1/chat/completions "HTTP/1.1 429 Too Many Requests"
2026-09-14 21:55:14,600 INFO HTTP Request: POST https://vps.lpzproxy.xyz/v1/chat/completions "HTTP/1.1 429 Too Many Requests"
2026-09-14 21:55:14,632 INFO HTTP Request: POST https://vps.lpzproxy.xyz/v1/chat/completions "HTTP/1.1 429 Too Many Requests"
2026-09-14 21:55:14,741 INFO HTTP Request: POST https://vps.lpzproxy.xyz/v1/chat/completions "HTTP/1.1 429 Too Many Requests"
2026-09-14 21:55:14,858 INFO HTTP Request: POST https://vps.lpzproxy.xyz/v1/chat/completions "HTTP/1.1 429 Too Many Requests"
2026-09-14 21:55:15,102 INFO HTTP Request: POST https://vps.lpzproxy.xyz/v1/chat/completions "HTTP/1.1 429 Too Many Requests"
2026-09-14 21:55:15,131 INFO HTTP Request: POST https://vps.lpzproxy.xyz/v1/chat/completions "HTTP/1.1 429 Too Many Requests"
2026-09-14 21:55:15,137 INFO HTTP Request: POST https://vps.lpzproxy.xyz/v1/chat/completions "HTTP/1.1 429 Too Many Requests"
2026-09-14 21:55:15,265 INFO HTTP Request: POST https://vps.lpzproxy.xyz/v1/chat/completions "HTTP/1.1 429 Too Many Requests"
2026-09-14 21:55:15,303 INFO HTTP Request: POST https://vps.lpzproxy.xyz/v1/chat/completions "HTTP/1.1 429 Too Many Requests"
2026-09-14 21:55:15,323 INFO HTTP Request: POST https://vps.lpzproxy.xyz/v1/chat/completions "HTTP/1.1 429 Too Many Requests"
2026-09-14 21:55:15,400 INFO HTTP Request: POST https://vps.lpzproxy.xyz/v1/chat/completions "HTTP/1.1 429 Too Many Requests"
2026-09-14 21:55:15,481 INFO HTTP Request: POST https://vps.lpzproxy.xyz/v1/chat/completions "HTTP/1.1 429 Too Many Requests"
2026-09-14 21:55:15,487 INFO HTTP Request: POST https://vps.lpzproxy.xyz/v1/chat/completions "HTTP/1.1 429 Too Many Requests"
2026-09-14 21:55:15,512 INFO HTTP Request: POST https://vps.lpzproxy.xyz/v1/chat/completions "HTTP/1.1 429 Too Many Requests"
2026-09-14 21:55:15,753 INFO HTTP Request: POST https://vps.lpzproxy.xyz/v1/chat/completions "HTTP/1.1 429 Too Many Requests"
2026-09-14 21:55:15,767 INFO HTTP Request: POST https://vps.lpzproxy.xyz/v1/chat/completions "HTTP/1.1 429 Too Many Requests"
2026-09-14 21:55:16,009 INFO HTTP Request: POST https://vps.lpzproxy.xyz/v1/chat/completions "HTTP/1.1 429 Too Many Requests"
2026-09-14 21:55:16,013 INFO HTTP Request: POST https://vps.lpzproxy.xyz/v1/chat/completions "HTTP/1.1 429 Too Many Requests"
2026-09-14 21:55:16,013 INFO HTTP Request: POST https://vps.lpzproxy.xyz/v1/chat/completions "HTTP/1.1 429 Too Many Requests"
2026-09-14 21:55:16,048 INFO HTTP Request: POST https://vps.lpzproxy.xyz/v1/chat/completions "HTTP/1.1 429 Too Many Requests"
2026-09-14 21:55:16,070 INFO HTTP Request: POST https://vps.lpzproxy.xyz/v1/chat/completions "HTTP/1.1 429 Too Many Requests"
2026-09-14 21:55:16,076 INFO HTTP Request: POST https://vps.lpzproxy.xyz/v1/chat/completions "HTTP/1.1 429 Too Many Requests"
2026-09-14 21:55:16,147 INFO HTTP Request: POST https://vps.lpzproxy.xyz/v1/chat/completions "HTTP/1.1 429 Too Many Requests"
2026-09-14 21:55:16,228 INFO HTTP Request: POST https://vps.lpzproxy.xyz/v1/chat/completions "HTTP/1.1 429 Too Many Requests"
2026-09-14 21:55:16,281 INFO HTTP Request: POST https://vps.lpzproxy.xyz/v1/chat/completions "HTTP/1.1 429 Too Many Requests"
2026-09-14 21:55:16,314 INFO HTTP Request: POST https://vps.lpzproxy.xyz/v1/chat/completions "HTTP/1.1 429 Too Many Requests"
2026-09-14 21:55:16,557 INFO HTTP Request: POST https://vps.lpzproxy.xyz/v1/chat/completions "HTTP/1.1 429 Too Many Requests"
2026-09-14 21:55:16,560 INFO HTTP Request: POST https://vps.lpzproxy.xyz/v1/chat/completions "HTTP/1.1 429 Too Many Requests"
2026-09-14 21:55:16,653 INFO HTTP Request: POST https://vps.lpzproxy.xyz/v1/chat/completions "HTTP/1.1 429 Too Many Requests"
2026-09-14 21:55:16,718 INFO HTTP Request: POST https://vps.lpzproxy.xyz/v1/chat/completions "HTTP/1.1 429 Too Many Requests"
2026-09-14 21:55:16,781 INFO HTTP Request: POST https://vps.lpzproxy.xyz/v1/chat/completions "HTTP/1.1 429 Too Many Requests"
2026-09-14 21:55:17,095 INFO HTTP Request: POST https://vps.lpzproxy.xyz/v1/chat/completions "HTTP/1.1 429 Too Many Requests"
2026-09-14 21:55:17,116 INFO HTTP Request: POST https://vps.lpzproxy.xyz/v1/chat/completions "HTTP/1.1 429 Too Many Requests"
2026-09-14 21:55:17,297 INFO HTTP Request: POST https://vps.lpzproxy.xyz/v1/chat/completions "HTTP/1.1 429 Too Many Requests"
2026-09-14 21:55:17,322 INFO HTTP Request: POST https://vps.lpzproxy.xyz/v1/chat/completions "HTTP/1.1 429 Too Many Requests"
2026-09-14 21:55:17,337 INFO HTTP Request: POST https://vps.lpzproxy.xyz/v1/chat/completions "HTTP/1.1 429 Too Many Requests"
2026-09-14 21:55:17,340 INFO HTTP Request: POST https://vps.lpzproxy.xyz/v1/chat/completions "HTTP/1.1 429 Too Many Requests"
2026-09-14 21:55:17,720 INFO HTTP Request: POST https://vps.lpzproxy.xyz/v1/chat/completions "HTTP/1.1 429 Too Many Requests"
2026-09-14 21:55:17,746 INFO HTTP Request: POST https://vps.lpzproxy.xyz/v1/chat/completions "HTTP/1.1 429 Too Many Requests"
2026-09-14 21:55:17,935 INFO HTTP Request: POST https://vps.lpzproxy.xyz/v1/chat/completions "HTTP/1.1 429 Too Many Requests"
2026-09-14 21:55:17,961 INFO HTTP Request: POST https://vps.lpzproxy.xyz/v1/chat/completions "HTTP/1.1 429 Too Many Requests"
2026-09-14 21:55:18,237 INFO HTTP Request: POST https://vps.lpzproxy.xyz/v1/chat/completions "HTTP/1.1 429 Too Many Requests"
2026-09-14 21:55:18,660 INFO HTTP Request: POST https://vps.lpzproxy.xyz/v1/chat/completions "HTTP/1.1 429 Too Many Requests"
2026-09-14 21:55:18,817 INFO HTTP Request: POST https://vps.lpzproxy.xyz/v1/chat/completions "HTTP/1.1 429 Too Many Requests"
2026-09-14 21:55:19,027 INFO HTTP Request: POST https://vps.lpzproxy.xyz/v1/chat/completions "HTTP/1.1 429 Too Many Requests"
2026-09-14 21:55:19,032 INFO HTTP Request: POST https://vps.lpzproxy.xyz/v1/chat/completions "HTTP/1.1 429 Too Many Requests"
2026-09-14 21:55:19,200 INFO HTTP Request: POST https://vps.lpzproxy.xyz/v1/chat/completions "HTTP/1.1 429 Too Many Requests"
2026-09-14 21:55:19,463 INFO HTTP Request: POST https://vps.lpzproxy.xyz/v1/chat/completions "HTTP/1.1 429 Too Many Requests"
2026-09-14 21:55:19,506 INFO HTTP Request: POST https://vps.lpzproxy.xyz/v1/chat/completions "HTTP/1.1 429 Too Many Requests"
2026-09-14 21:55:19,517 INFO HTTP Request: POST https://vps.lpzproxy.xyz/v1/chat/completions "HTTP/1.1 429 Too Many Requests"
2026-09-14 21:55:19,524 INFO HTTP Request: POST https://vps.lpzproxy.xyz/v1/chat/completions "HTTP/1.1 429 Too Many Requests"
2026-09-14 21:55:19,707 INFO HTTP Request: POST https://vps.lpzproxy.xyz/v1/chat/completions "HTTP/1.1 429 Too Many Requests"
2026-09-14 21:55:19,734 INFO HTTP Request: POST https://vps.lpzproxy.xyz/v1/chat/completions "HTTP/1.1 429 Too Many Requests"
2026-09-14 21:55:20,060 INFO HTTP Request: POST https://vps.lpzproxy.xyz/v1/chat/completions "HTTP/1.1 429 Too Many Requests"
2026-09-14 21:55:20,086 INFO HTTP Request: POST https://vps.lpzproxy.xyz/v1/chat/completions "HTTP/1.1 429 Too Many Requests"
2026-09-14 21:55:20,181 INFO HTTP Request: POST https://vps.lpzproxy.xyz/v1/chat/completions "HTTP/1.1 429 Too Many Requests"
2026-09-14 21:55:20,328 INFO HTTP Request: POST https://vps.lpzproxy.xyz/v1/chat/completions "HTTP/1.1 429 Too Many Requests"
2026-09-14 21:55:20,406 INFO HTTP Request: POST https://vps.lpzproxy.xyz/v1/chat/completions "HTTP/1.1 429 Too Many Requests"
2026-09-14 21:55:20,653 INFO HTTP Request: POST https://vps.lpzproxy.xyz/v1/chat/completions "HTTP/1.1 429 Too Many Requests"
2026-09-14 21:55:20,787 INFO HTTP Request: POST https://vps.lpzproxy.xyz/v1/chat/completions "HTTP/1.1 429 Too Many Requests"
2026-09-14 21:55:20,814 INFO HTTP Request: POST https://vps.lpzproxy.xyz/v1/chat/completions "HTTP/1.1 429 Too Many Requests"
2026-09-14 21:55:20,878 INFO HTTP Request: POST https://vps.lpzproxy.xyz/v1/chat/completions "HTTP/1.1 429 Too Many Requests"
2026-09-14 21:55:20,948 INFO HTTP Request: POST https://vps.lpzproxy.xyz/v1/chat/completions "HTTP/1.1 429 Too Many Requests"
2026-09-14 21:55:20,962 INFO HTTP Request: POST https://vps.lpzproxy.xyz/v1/chat/completions "HTTP/1.1 429 Too Many Requests"
2026-09-14 21:55:21,130 INFO HTTP Request: POST https://vps.lpzproxy.xyz/v1/chat/completions "HTTP/1.1 429 Too Many Requests"
2026-09-14 21:55:21,167 INFO HTTP Request: POST https://vps.lpzproxy.xyz/v1/chat/completions "HTTP/1.1 429 Too Many Requests"
2026-09-14 21:55:21,291 INFO HTTP Request: POST https://vps.lpzproxy.xyz/v1/chat/completions "HTTP/1.1 429 Too Many Requests"
2026-09-14 21:55:21,304 INFO HTTP Request: POST https://vps.lpzproxy.xyz/v1/chat/completions "HTTP/1.1 429 Too Many Requests"
2026-09-14 21:55:21,321 INFO HTTP Request: POST https://vps.lpzproxy.xyz/v1/chat/completions "HTTP/1.1 429 Too Many Requests"
2026-09-14 21:55:21,402 INFO HTTP Request: POST https://vps.lpzproxy.xyz/v1/chat/completions "HTTP/1.1 429 Too Many Requests"
2026-09-14 21:55:21,461 INFO HTTP Request: POST https://vps.lpzproxy.xyz/v1/chat/completions "HTTP/1.1 429 Too Many Requests"
2026-09-14 21:55:21,505 INFO HTTP Request: POST https://vps.lpzproxy.xyz/v1/chat/completions "HTTP/1.1 429 Too Many Requests"
2026-09-14 21:55:21,545 INFO HTTP Request: POST https://vps.lpzproxy.xyz/v1/chat/completions "HTTP/1.1 429 Too Many Requests"
2026-09-14 21:55:21,670 INFO HTTP Request: POST https://vps.lpzproxy.xyz/v1/chat/completions "HTTP/1.1 429 Too Many Requests"
2026-09-14 21:55:21,811 INFO HTTP Request: POST https://vps.lpzproxy.xyz/v1/chat/completions "HTTP/1.1 429 Too Many Requests"
2026-09-14 21:55:22,304 INFO HTTP Request: POST https://vps.lpzproxy.xyz/v1/chat/completions "HTTP/1.1 429 Too Many Requests"
2026-09-14 21:55:22,600 INFO HTTP Request: POST https://vps.lpzproxy.xyz/v1/chat/completions "HTTP/1.1 429 Too Many Requests"
2026-09-14 21:55:22,605 INFO HTTP Request: POST https://vps.lpzproxy.xyz/v1/chat/completions "HTTP/1.1 429 Too Many Requests"
2026-09-14 21:55:22,630 INFO HTTP Request: POST https://vps.lpzproxy.xyz/v1/chat/completions "HTTP/1.1 429 Too Many Requests"
2026-09-14 21:55:22,846 INFO HTTP Request: POST https://vps.lpzproxy.xyz/v1/chat/completions "HTTP/1.1 429 Too Many Requests"
2026-09-14 21:55:23,249 INFO HTTP Request: POST https://vps.lpzproxy.xyz/v1/chat/completions "HTTP/1.1 429 Too Many Requests"
2026-09-14 21:55:23,528 INFO HTTP Request: POST https://vps.lpzproxy.xyz/v1/chat/completions "HTTP/1.1 429 Too Many Requests"
2026-09-14 21:55:23,530 INFO HTTP Request: POST https://vps.lpzproxy.xyz/v1/chat/completions "HTTP/1.1 429 Too Many Requests"
2026-09-14 21:55:24,066 INFO HTTP Request: POST https://vps.lpzproxy.xyz/v1/chat/completions "HTTP/1.1 429 Too Many Requests"
2026-09-14 21:55:24,247 INFO HTTP Request: POST https://vps.lpzproxy.xyz/v1/chat/completions "HTTP/1.1 429 Too Many Requests"
2026-09-14 21:55:24,350 INFO HTTP Request: POST https://vps.lpzproxy.xyz/v1/chat/completions "HTTP/1.1 429 Too Many Requests"
2026-09-14 21:55:24,424 INFO HTTP Request: POST https://vps.lpzproxy.xyz/v1/chat/completions "HTTP/1.1 429 Too Many Requests"
2026-09-14 21:55:24,545 INFO HTTP Request: POST https://vps.lpzproxy.xyz/v1/chat/completions "HTTP/1.1 429 Too Many Requests"
2026-09-14 21:55:24,903 INFO HTTP Request: POST https://vps.lpzproxy.xyz/v1/chat/completions "HTTP/1.1 429 Too Many Requests"
2026-09-14 21:55:25,936 INFO HTTP Request: POST https://vps.lpzproxy.xyz/v1/chat/completions "HTTP/1.1 429 Too Many Requests"
2026-09-14 21:55:28,726 INFO HTTP Request: POST https://vps.lpzproxy.xyz/v1/chat/completions "HTTP/1.1 429 Too Many Requests"
2026-09-14 21:55:28,727 ERROR judge job failed after retries: API request failed after retries: retryable HTTP 429: {"error":{"code":"model_cooldown","message":"All credentials for model gemini-3.7-flash-high are cooling down via provider antigravity","model":"gemini-3.7-flash-high","provider":"antigravity","reset_
2026-09-14 21:55:29,063 INFO HTTP Request: POST https://vps.lpzproxy.xyz/v1/chat/completions "HTTP/1.1 429 Too Many Requests"
2026-09-14 21:55:29,064 ERROR judge job failed after retries: API request failed after retries: retryable HTTP 429: {"error":{"code":"model_cooldown","message":"All credentials for model gemini-3.7-flash-high are cooling down via provider antigravity","model":"gemini-3.7-flash-high","provider":"antigravity","reset_
2026-09-14 21:55:29,203 INFO HTTP Request: POST https://vps.lpzproxy.xyz/v1/chat/completions "HTTP/1.1 429 Too Many Requests"
2026-09-14 21:55:29,204 ERROR judge job failed after retries: API request failed after retries: retryable HTTP 429: {"error":{"code":"model_cooldown","message":"All credentials for model gemini-3.7-flash-high are cooling down via provider antigravity","model":"gemini-3.7-flash-high","provider":"antigravity","reset_
2026-09-14 21:55:29,513 INFO HTTP Request: POST https://vps.lpzproxy.xyz/v1/chat/completions "HTTP/1.1 429 Too Many Requests"
2026-09-14 21:55:29,513 ERROR judge job failed after retries: API request failed after retries: retryable HTTP 429: {"error":{"code":"model_cooldown","message":"All credentials for model gemini-3.7-flash-high are cooling down via provider antigravity","model":"gemini-3.7-flash-high","provider":"antigravity","reset_
2026-09-14 21:55:29,535 INFO HTTP Request: POST https://vps.lpzproxy.xyz/v1/chat/completions "HTTP/1.1 429 Too Many Requests"
2026-09-14 21:55:29,536 ERROR judge job failed after retries: API request failed after retries: retryable HTTP 429: {"error":{"code":"model_cooldown","message":"All credentials for model gemini-3.7-flash-high are cooling down via provider antigravity","model":"gemini-3.7-flash-high","provider":"antigravity","reset_
2026-09-14 21:55:29,826 INFO HTTP Request: POST https://vps.lpzproxy.xyz/v1/chat/completions "HTTP/1.1 429 Too Many Requests"
2026-09-14 21:55:29,826 ERROR judge job failed after retries: API request failed after retries: retryable HTTP 429: {"error":{"code":"model_cooldown","message":"All credentials for model gemini-3.7-flash-high are cooling down via provider antigravity","model":"gemini-3.7-flash-high","provider":"antigravity","reset_
2026-09-14 21:55:29,914 INFO HTTP Request: POST https://vps.lpzproxy.xyz/v1/chat/completions "HTTP/1.1 429 Too Many Requests"
2026-09-14 21:55:29,915 ERROR judge job failed after retries: API request failed after retries: retryable HTTP 429: {"error":{"code":"model_cooldown","message":"All credentials for model gemini-3.7-flash-high are cooling down via provider antigravity","model":"gemini-3.7-flash-high","provider":"antigravity","reset_
2026-09-14 21:55:29,937 INFO HTTP Request: POST https://vps.lpzproxy.xyz/v1/chat/completions "HTTP/1.1 429 Too Many Requests"
2026-09-14 21:55:29,938 ERROR judge job failed after retries: API request failed after retries: retryable HTTP 429: {"error":{"code":"model_cooldown","message":"All credentials for model gemini-3.7-flash-high are cooling down via provider antigravity","model":"gemini-3.7-flash-high","provider":"antigravity","reset_
2026-09-14 21:55:30,130 INFO HTTP Request: POST https://vps.lpzproxy.xyz/v1/chat/completions "HTTP/1.1 429 Too Many Requests"
2026-09-14 21:55:30,361 INFO HTTP Request: POST https://vps.lpzproxy.xyz/v1/chat/completions "HTTP/1.1 429 Too Many Requests"
2026-09-14 21:55:30,361 ERROR judge job failed after retries: API request failed after retries: retryable HTTP 429: {"error":{"code":"model_cooldown","message":"All credentials for model gemini-3.7-flash-high are cooling down via provider antigravity","model":"gemini-3.7-flash-high","provider":"antigravity","reset_
2026-09-14 21:55:30,389 INFO HTTP Request: POST https://vps.lpzproxy.xyz/v1/chat/completions "HTTP/1.1 429 Too Many Requests"
2026-09-14 21:55:30,389 INFO HTTP Request: POST https://vps.lpzproxy.xyz/v1/chat/completions "HTTP/1.1 429 Too Many Requests"
2026-09-14 21:55:30,390 ERROR judge job failed after retries: API request failed after retries: retryable HTTP 429: {"error":{"code":"model_cooldown","message":"All credentials for model gemini-3.7-flash-high are cooling down via provider antigravity","model":"gemini-3.7-flash-high","provider":"antigravity","reset_
2026-09-14 21:55:30,390 ERROR judge job failed after retries: API request failed after retries: retryable HTTP 429: {"error":{"code":"model_cooldown","message":"All credentials for model gemini-3.7-flash-high are cooling down via provider antigravity","model":"gemini-3.7-flash-high","provider":"antigravity","reset_
2026-09-14 21:55:30,452 INFO HTTP Request: POST https://vps.lpzproxy.xyz/v1/chat/completions "HTTP/1.1 429 Too Many Requests"
2026-09-14 21:55:30,572 INFO HTTP Request: POST https://vps.lpzproxy.xyz/v1/chat/completions "HTTP/1.1 429 Too Many Requests"
2026-09-14 21:55:30,669 INFO HTTP Request: POST https://vps.lpzproxy.xyz/v1/chat/completions "HTTP/1.1 429 Too Many Requests"
2026-09-14 21:55:30,670 ERROR judge job failed after retries: API request failed after retries: retryable HTTP 429: {"error":{"code":"model_cooldown","message":"All credentials for model gemini-3.7-flash-high are cooling down via provider antigravity","model":"gemini-3.7-flash-high","provider":"antigravity","reset_
2026-09-14 21:55:30,687 INFO HTTP Request: POST https://vps.lpzproxy.xyz/v1/chat/completions "HTTP/1.1 429 Too Many Requests"
2026-09-14 21:55:30,688 ERROR judge job failed after retries: API request failed after retries: retryable HTTP 429: {"error":{"code":"model_cooldown","message":"All credentials for model gemini-3.7-flash-high are cooling down via provider antigravity","model":"gemini-3.7-flash-high","provider":"antigravity","reset_
2026-09-14 21:55:30,720 INFO HTTP Request: POST https://vps.lpzproxy.xyz/v1/chat/completions "HTTP/1.1 429 Too Many Requests"
2026-09-14 21:55:30,720 ERROR judge job failed after retries: API request failed after retries: retryable HTTP 429: {"error":{"code":"model_cooldown","message":"All credentials for model gemini-3.7-flash-high are cooling down via provider antigravity","model":"gemini-3.7-flash-high","provider":"antigravity","reset_
2026-09-14 21:55:30,770 INFO HTTP Request: POST https://vps.lpzproxy.xyz/v1/chat/completions "HTTP/1.1 429 Too Many Requests"
2026-09-14 21:55:30,771 ERROR judge job failed after retries: API request failed after retries: retryable HTTP 429: {"error":{"code":"model_cooldown","message":"All credentials for model gemini-3.7-flash-high are cooling down via provider antigravity","model":"gemini-3.7-flash-high","provider":"antigravity","reset_
2026-09-14 21:55:30,880 INFO HTTP Request: POST https://vps.lpzproxy.xyz/v1/chat/completions "HTTP/1.1 429 Too Many Requests"
2026-09-14 21:55:30,941 INFO HTTP Request: POST https://vps.lpzproxy.xyz/v1/chat/completions "HTTP/1.1 429 Too Many Requests"
2026-09-14 21:55:31,099 INFO HTTP Request: POST https://vps.lpzproxy.xyz/v1/chat/completions "HTTP/1.1 429 Too Many Requests"
2026-09-14 21:55:31,100 ERROR judge job failed after retries: API request failed after retries: retryable HTTP 429: {"error":{"code":"model_cooldown","message":"All credentials for model gemini-3.7-flash-high are cooling down via provider antigravity","model":"gemini-3.7-flash-high","provider":"antigravity","reset_
2026-09-14 21:55:31,190 INFO HTTP Request: POST https://vps.lpzproxy.xyz/v1/chat/completions "HTTP/1.1 429 Too Many Requests"
2026-09-14 21:55:31,190 ERROR judge job failed after retries: API request failed after retries: retryable HTTP 429: {"error":{"code":"model_cooldown","message":"All credentials for model gemini-3.7-flash-high are cooling down via provider antigravity","model":"gemini-3.7-flash-high","provider":"antigravity","reset_
2026-09-14 21:55:31,240 INFO HTTP Request: POST https://vps.lpzproxy.xyz/v1/chat/completions "HTTP/1.1 429 Too Many Requests"
2026-09-14 21:55:31,274 INFO HTTP Request: POST https://vps.lpzproxy.xyz/v1/chat/completions "HTTP/1.1 429 Too Many Requests"
2026-09-14 21:55:31,275 ERROR judge job failed after retries: API request failed after retries: retryable HTTP 429: {"error":{"code":"model_cooldown","message":"All credentials for model gemini-3.7-flash-high are cooling down via provider antigravity","model":"gemini-3.7-flash-high","provider":"antigravity","reset_
2026-09-14 21:55:31,305 INFO HTTP Request: POST https://vps.lpzproxy.xyz/v1/chat/completions "HTTP/1.1 429 Too Many Requests"
2026-09-14 21:55:31,305 ERROR judge job failed after retries: API request failed after retries: retryable HTTP 429: {"error":{"code":"model_cooldown","message":"All credentials for model gemini-3.7-flash-high are cooling down via provider antigravity","model":"gemini-3.7-flash-high","provider":"antigravity","reset_
2026-09-14 21:55:31,322 INFO HTTP Request: POST https://vps.lpzproxy.xyz/v1/chat/completions "HTTP/1.1 429 Too Many Requests"
2026-09-14 21:55:31,323 INFO HTTP Request: POST https://vps.lpzproxy.xyz/v1/chat/completions "HTTP/1.1 429 Too Many Requests"
2026-09-14 21:55:31,386 INFO HTTP Request: POST https://vps.lpzproxy.xyz/v1/chat/completions "HTTP/1.1 429 Too Many Requests"
2026-09-14 21:55:31,387 ERROR judge job failed after retries: API request failed after retries: retryable HTTP 429: {"error":{"code":"model_cooldown","message":"All credentials for model gemini-3.7-flash-high are cooling down via provider antigravity","model":"gemini-3.7-flash-high","provider":"antigravity","reset_
2026-09-14 21:55:31,443 INFO HTTP Request: POST https://vps.lpzproxy.xyz/v1/chat/completions "HTTP/1.1 429 Too Many Requests"
2026-09-14 21:55:31,444 ERROR judge job failed after retries: API request failed after retries: retryable HTTP 429: {"error":{"code":"model_cooldown","message":"All credentials for model gemini-3.7-flash-high are cooling down via provider antigravity","model":"gemini-3.7-flash-high","provider":"antigravity","reset_
2026-09-14 21:55:31,531 INFO HTTP Request: POST https://vps.lpzproxy.xyz/v1/chat/completions "HTTP/1.1 429 Too Many Requests"
2026-09-14 21:55:31,532 ERROR judge job failed after retries: API request failed after retries: retryable HTTP 429: {"error":{"code":"model_cooldown","message":"All credentials for model gemini-3.7-flash-high are cooling down via provider antigravity","model":"gemini-3.7-flash-high","provider":"antigravity","reset_
2026-09-14 21:55:31,600 INFO HTTP Request: POST https://vps.lpzproxy.xyz/v1/chat/completions "HTTP/1.1 429 Too Many Requests"
2026-09-14 21:55:31,607 ERROR judge job failed after retries: API request failed after retries: retryable HTTP 429: {"error":{"code":"model_cooldown","message":"All credentials for model gemini-3.7-flash-high are cooling down via provider antigravity","model":"gemini-3.7-flash-high","provider":"antigravity","reset_
2026-09-14 21:55:31,736 INFO HTTP Request: POST https://vps.lpzproxy.xyz/v1/chat/completions "HTTP/1.1 429 Too Many Requests"
2026-09-14 21:55:31,780 INFO HTTP Request: POST https://vps.lpzproxy.xyz/v1/chat/completions "HTTP/1.1 429 Too Many Requests"
2026-09-14 21:55:31,780 INFO HTTP Request: POST https://vps.lpzproxy.xyz/v1/chat/completions "HTTP/1.1 429 Too Many Requests"
2026-09-14 21:55:31,781 ERROR judge job failed after retries: API request failed after retries: retryable HTTP 429: {"error":{"code":"model_cooldown","message":"All credentials for model gemini-3.7-flash-high are cooling down via provider antigravity","model":"gemini-3.7-flash-high","provider":"antigravity","reset_
2026-09-14 21:55:31,812 INFO HTTP Request: POST https://vps.lpzproxy.xyz/v1/chat/completions "HTTP/1.1 429 Too Many Requests"
2026-09-14 21:55:31,897 INFO HTTP Request: POST https://vps.lpzproxy.xyz/v1/chat/completions "HTTP/1.1 429 Too Many Requests"
2026-09-14 21:55:31,897 ERROR judge job failed after retries: API request failed after retries: retryable HTTP 429: {"error":{"code":"model_cooldown","message":"All credentials for model gemini-3.7-flash-high are cooling down via provider antigravity","model":"gemini-3.7-flash-high","provider":"antigravity","reset_
2026-09-14 21:55:32,043 INFO HTTP Request: POST https://vps.lpzproxy.xyz/v1/chat/completions "HTTP/1.1 429 Too Many Requests"
2026-09-14 21:55:32,055 INFO HTTP Request: POST https://vps.lpzproxy.xyz/v1/chat/completions "HTTP/1.1 429 Too Many Requests"
2026-09-14 21:55:32,057 INFO HTTP Request: POST https://vps.lpzproxy.xyz/v1/chat/completions "HTTP/1.1 429 Too Many Requests"
2026-09-14 21:55:32,057 ERROR judge job failed after retries: API request failed after retries: retryable HTTP 429: {"error":{"code":"model_cooldown","message":"All credentials for model gemini-3.7-flash-high are cooling down via provider antigravity","model":"gemini-3.7-flash-high","provider":"antigravity","reset_
2026-09-14 21:55:32,075 INFO HTTP Request: POST https://vps.lpzproxy.xyz/v1/chat/completions "HTTP/1.1 429 Too Many Requests"
2026-09-14 21:55:32,121 INFO HTTP Request: POST https://vps.lpzproxy.xyz/v1/chat/completions "HTTP/1.1 429 Too Many Requests"
2026-09-14 21:55:32,185 INFO HTTP Request: POST https://vps.lpzproxy.xyz/v1/chat/completions "HTTP/1.1 429 Too Many Requests"
2026-09-14 21:55:32,459 INFO HTTP Request: POST https://vps.lpzproxy.xyz/v1/chat/completions "HTTP/1.1 429 Too Many Requests"
2026-09-14 21:55:32,460 ERROR judge job failed after retries: API request failed after retries: retryable HTTP 429: {"error":{"code":"model_cooldown","message":"All credentials for model gemini-3.7-flash-high are cooling down via provider antigravity","model":"gemini-3.7-flash-high","provider":"antigravity","reset_
2026-09-14 21:55:32,496 INFO HTTP Request: POST https://vps.lpzproxy.xyz/v1/chat/completions "HTTP/1.1 429 Too Many Requests"
2026-09-14 21:55:32,506 INFO HTTP Request: POST https://vps.lpzproxy.xyz/v1/chat/completions "HTTP/1.1 429 Too Many Requests"
2026-09-14 21:55:32,506 ERROR judge job failed after retries: API request failed after retries: retryable HTTP 429: {"error":{"code":"model_cooldown","message":"All credentials for model gemini-3.7-flash-high are cooling down via provider antigravity","model":"gemini-3.7-flash-high","provider":"antigravity","reset_
2026-09-14 21:55:32,654 INFO HTTP Request: POST https://vps.lpzproxy.xyz/v1/chat/completions "HTTP/1.1 429 Too Many Requests"
2026-09-14 21:55:32,706 INFO HTTP Request: POST https://vps.lpzproxy.xyz/v1/chat/completions "HTTP/1.1 429 Too Many Requests"
2026-09-14 21:55:32,744 INFO HTTP Request: POST https://vps.lpzproxy.xyz/v1/chat/completions "HTTP/1.1 429 Too Many Requests"
2026-09-14 21:55:32,794 INFO HTTP Request: POST https://vps.lpzproxy.xyz/v1/chat/completions "HTTP/1.1 429 Too Many Requests"
2026-09-14 21:55:32,855 INFO HTTP Request: POST https://vps.lpzproxy.xyz/v1/chat/completions "HTTP/1.1 429 Too Many Requests"
2026-09-14 21:55:32,856 ERROR judge job failed after retries: API request failed after retries: retryable HTTP 429: {"error":{"code":"model_cooldown","message":"All credentials for model gemini-3.7-flash-high are cooling down via provider antigravity","model":"gemini-3.7-flash-high","provider":"antigravity","reset_
2026-09-14 21:55:32,864 INFO HTTP Request: POST https://vps.lpzproxy.xyz/v1/chat/completions "HTTP/1.1 429 Too Many Requests"
2026-09-14 21:55:32,884 INFO HTTP Request: POST https://vps.lpzproxy.xyz/v1/chat/completions "HTTP/1.1 429 Too Many Requests"
2026-09-14 21:55:32,951 INFO HTTP Request: POST https://vps.lpzproxy.xyz/v1/chat/completions "HTTP/1.1 429 Too Many Requests"
2026-09-14 21:55:32,952 ERROR judge job failed after retries: API request failed after retries: retryable HTTP 429: {"error":{"code":"model_cooldown","message":"All credentials for model gemini-3.7-flash-high are cooling down via provider antigravity","model":"gemini-3.7-flash-high","provider":"antigravity","reset_
2026-09-14 21:55:32,962 INFO HTTP Request: POST https://vps.lpzproxy.xyz/v1/chat/completions "HTTP/1.1 429 Too Many Requests"
2026-09-14 21:55:32,978 INFO HTTP Request: POST https://vps.lpzproxy.xyz/v1/chat/completions "HTTP/1.1 429 Too Many Requests"
2026-09-14 21:55:32,980 INFO HTTP Request: POST https://vps.lpzproxy.xyz/v1/chat/completions "HTTP/1.1 429 Too Many Requests"
2026-09-14 21:55:33,064 INFO HTTP Request: POST https://vps.lpzproxy.xyz/v1/chat/completions "HTTP/1.1 429 Too Many Requests"
2026-09-14 21:55:33,169 INFO HTTP Request: POST https://vps.lpzproxy.xyz/v1/chat/completions "HTTP/1.1 429 Too Many Requests"
2026-09-14 21:55:33,170 ERROR judge job failed after retries: API request failed after retries: retryable HTTP 429: {"error":{"code":"model_cooldown","message":"All credentials for model gemini-3.7-flash-high are cooling down via provider antigravity","model":"gemini-3.7-flash-high","provider":"antigravity","reset_
2026-09-14 21:55:33,178 INFO HTTP Request: POST https://vps.lpzproxy.xyz/v1/chat/completions "HTTP/1.1 429 Too Many Requests"
2026-09-14 21:55:33,324 INFO HTTP Request: POST https://vps.lpzproxy.xyz/v1/chat/completions "HTTP/1.1 429 Too Many Requests"
2026-09-14 21:55:33,324 INFO HTTP Request: POST https://vps.lpzproxy.xyz/v1/chat/completions "HTTP/1.1 429 Too Many Requests"
2026-09-14 21:55:33,324 INFO HTTP Request: POST https://vps.lpzproxy.xyz/v1/chat/completions "HTTP/1.1 429 Too Many Requests"
2026-09-14 21:55:33,357 INFO HTTP Request: POST https://vps.lpzproxy.xyz/v1/chat/completions "HTTP/1.1 429 Too Many Requests"
2026-09-14 21:55:33,440 INFO HTTP Request: POST https://vps.lpzproxy.xyz/v1/chat/completions "HTTP/1.1 429 Too Many Requests"
2026-09-14 21:55:33,465 INFO HTTP Request: POST https://vps.lpzproxy.xyz/v1/chat/completions "HTTP/1.1 429 Too Many Requests"
2026-09-14 21:55:33,465 ERROR judge job failed after retries: API request failed after retries: retryable HTTP 429: {"error":{"code":"model_cooldown","message":"All credentials for model gemini-3.7-flash-high are cooling down via provider antigravity","model":"gemini-3.7-flash-high","provider":"antigravity","reset_
2026-09-14 21:55:33,514 INFO HTTP Request: POST https://vps.lpzproxy.xyz/v1/chat/completions "HTTP/1.1 429 Too Many Requests"
2026-09-14 21:55:33,577 INFO HTTP Request: POST https://vps.lpzproxy.xyz/v1/chat/completions "HTTP/1.1 429 Too Many Requests"
2026-09-14 21:55:33,617 INFO HTTP Request: POST https://vps.lpzproxy.xyz/v1/chat/completions "HTTP/1.1 429 Too Many Requests"
2026-09-14 21:55:33,645 INFO HTTP Request: POST https://vps.lpzproxy.xyz/v1/chat/completions "HTTP/1.1 429 Too Many Requests"
2026-09-14 21:55:33,645 ERROR judge job failed after retries: API request failed after retries: retryable HTTP 429: {"error":{"code":"model_cooldown","message":"All credentials for model gemini-3.7-flash-high are cooling down via provider antigravity","model":"gemini-3.7-flash-high","provider":"antigravity","reset_
2026-09-14 21:55:33,680 INFO HTTP Request: POST https://vps.lpzproxy.xyz/v1/chat/completions "HTTP/1.1 429 Too Many Requests"
2026-09-14 21:55:33,760 INFO HTTP Request: POST https://vps.lpzproxy.xyz/v1/chat/completions "HTTP/1.1 429 Too Many Requests"
2026-09-14 21:55:33,800 INFO HTTP Request: POST https://vps.lpzproxy.xyz/v1/chat/completions "HTTP/1.1 429 Too Many Requests"
2026-09-14 21:55:33,800 ERROR judge job failed after retries: API request failed after retries: retryable HTTP 429: {"error":{"code":"model_cooldown","message":"All credentials for model gemini-3.7-flash-high are cooling down via provider antigravity","model":"gemini-3.7-flash-high","provider":"antigravity","reset_
2026-09-14 21:55:33,818 INFO HTTP Request: POST https://vps.lpzproxy.xyz/v1/chat/completions "HTTP/1.1 429 Too Many Requests"
2026-09-14 21:55:33,819 ERROR judge job failed after retries: API request failed after retries: retryable HTTP 429: {"error":{"code":"model_cooldown","message":"All credentials for model gemini-3.7-flash-high are cooling down via provider antigravity","model":"gemini-3.7-flash-high","provider":"antigravity","reset_
2026-09-14 21:55:33,837 INFO HTTP Request: POST https://vps.lpzproxy.xyz/v1/chat/completions "HTTP/1.1 429 Too Many Requests"
2026-09-14 21:55:33,884 INFO HTTP Request: POST https://vps.lpzproxy.xyz/v1/chat/completions "HTTP/1.1 429 Too Many Requests"
2026-09-14 21:55:34,169 INFO HTTP Request: POST https://vps.lpzproxy.xyz/v1/chat/completions "HTTP/1.1 429 Too Many Requests"
2026-09-14 21:55:34,205 INFO HTTP Request: POST https://vps.lpzproxy.xyz/v1/chat/completions "HTTP/1.1 429 Too Many Requests"
2026-09-14 21:55:34,249 INFO HTTP Request: POST https://vps.lpzproxy.xyz/v1/chat/completions "HTTP/1.1 429 Too Many Requests"
2026-09-14 21:55:34,313 INFO HTTP Request: POST https://vps.lpzproxy.xyz/v1/chat/completions "HTTP/1.1 429 Too Many Requests"
2026-09-14 21:55:34,320 INFO HTTP Request: POST https://vps.lpzproxy.xyz/v1/chat/completions "HTTP/1.1 429 Too Many Requests"
2026-09-14 21:55:34,364 INFO HTTP Request: POST https://vps.lpzproxy.xyz/v1/chat/completions "HTTP/1.1 429 Too Many Requests"
2026-09-14 21:55:34,393 INFO HTTP Request: POST https://vps.lpzproxy.xyz/v1/chat/completions "HTTP/1.1 429 Too Many Requests"
2026-09-14 21:55:34,393 ERROR judge job failed after retries: API request failed after retries: retryable HTTP 429: {"error":{"code":"model_cooldown","message":"All credentials for model gemini-3.7-flash-high are cooling down via provider antigravity","model":"gemini-3.7-flash-high","provider":"antigravity","reset_
2026-09-14 21:55:34,471 INFO HTTP Request: POST https://vps.lpzproxy.xyz/v1/chat/completions "HTTP/1.1 429 Too Many Requests"
2026-09-14 21:55:34,552 INFO HTTP Request: POST https://vps.lpzproxy.xyz/v1/chat/completions "HTTP/1.1 429 Too Many Requests"
2026-09-14 21:55:34,553 INFO HTTP Request: POST https://vps.lpzproxy.xyz/v1/chat/completions "HTTP/1.1 429 Too Many Requests"
2026-09-14 21:55:34,613 INFO HTTP Request: POST https://vps.lpzproxy.xyz/v1/chat/completions "HTTP/1.1 429 Too Many Requests"
2026-09-14 21:55:34,613 ERROR judge job failed after retries: API request failed after retries: retryable HTTP 429: {"error":{"code":"model_cooldown","message":"All credentials for model gemini-3.7-flash-high are cooling down via provider antigravity","model":"gemini-3.7-flash-high","provider":"antigravity","reset_
2026-09-14 21:55:34,667 INFO HTTP Request: POST https://vps.lpzproxy.xyz/v1/chat/completions "HTTP/1.1 429 Too Many Requests"
2026-09-14 21:55:34,668 ERROR judge job failed after retries: API request failed after retries: retryable HTTP 429: {"error":{"code":"model_cooldown","message":"All credentials for model gemini-3.7-flash-high are cooling down via provider antigravity","model":"gemini-3.7-flash-high","provider":"antigravity","reset_
2026-09-14 21:55:34,746 INFO HTTP Request: POST https://vps.lpzproxy.xyz/v1/chat/completions "HTTP/1.1 429 Too Many Requests"
2026-09-14 21:55:34,796 INFO HTTP Request: POST https://vps.lpzproxy.xyz/v1/chat/completions "HTTP/1.1 429 Too Many Requests"
2026-09-14 21:55:34,877 INFO HTTP Request: POST https://vps.lpzproxy.xyz/v1/chat/completions "HTTP/1.1 429 Too Many Requests"
2026-09-14 21:55:34,883 INFO HTTP Request: POST https://vps.lpzproxy.xyz/v1/chat/completions "HTTP/1.1 429 Too Many Requests"
2026-09-14 21:55:35,043 INFO HTTP Request: POST https://vps.lpzproxy.xyz/v1/chat/completions "HTTP/1.1 429 Too Many Requests"
2026-09-14 21:55:35,084 INFO HTTP Request: POST https://vps.lpzproxy.xyz/v1/chat/completions "HTTP/1.1 429 Too Many Requests"
2026-09-14 21:55:35,093 INFO HTTP Request: POST https://vps.lpzproxy.xyz/v1/chat/completions "HTTP/1.1 429 Too Many Requests"
2026-09-14 21:55:35,103 INFO HTTP Request: POST https://vps.lpzproxy.xyz/v1/chat/completions "HTTP/1.1 429 Too Many Requests"
2026-09-14 21:55:35,107 INFO HTTP Request: POST https://vps.lpzproxy.xyz/v1/chat/completions "HTTP/1.1 429 Too Many Requests"
2026-09-14 21:55:35,108 ERROR judge job failed after retries: API request failed after retries: retryable HTTP 429: {"error":{"code":"model_cooldown","message":"All credentials for model gemini-3.7-flash-high are cooling down via provider antigravity","model":"gemini-3.7-flash-high","provider":"antigravity","reset_
2026-09-14 21:55:35,183 INFO HTTP Request: POST https://vps.lpzproxy.xyz/v1/chat/completions "HTTP/1.1 429 Too Many Requests"
2026-09-14 21:55:35,207 INFO HTTP Request: POST https://vps.lpzproxy.xyz/v1/chat/completions "HTTP/1.1 429 Too Many Requests"
2026-09-14 21:55:35,282 INFO HTTP Request: POST https://vps.lpzproxy.xyz/v1/chat/completions "HTTP/1.1 429 Too Many Requests"
2026-09-14 21:55:35,436 INFO HTTP Request: POST https://vps.lpzproxy.xyz/v1/chat/completions "HTTP/1.1 429 Too Many Requests"
2026-09-14 21:55:35,437 ERROR judge job failed after retries: API request failed after retries: retryable HTTP 429: {"error":{"code":"model_cooldown","message":"All credentials for model gemini-3.7-flash-high are cooling down via provider antigravity","model":"gemini-3.7-flash-high","provider":"antigravity","reset_
2026-09-14 21:55:35,654 INFO HTTP Request: POST https://vps.lpzproxy.xyz/v1/chat/completions "HTTP/1.1 429 Too Many Requests"
2026-09-14 21:55:35,737 INFO HTTP Request: POST https://vps.lpzproxy.xyz/v1/chat/completions "HTTP/1.1 429 Too Many Requests"
2026-09-14 21:55:35,805 INFO HTTP Request: POST https://vps.lpzproxy.xyz/v1/chat/completions "HTTP/1.1 429 Too Many Requests"
2026-09-14 21:55:35,814 INFO HTTP Request: POST https://vps.lpzproxy.xyz/v1/chat/completions "HTTP/1.1 429 Too Many Requests"
2026-09-14 21:55:35,976 INFO HTTP Request: POST https://vps.lpzproxy.xyz/v1/chat/completions "HTTP/1.1 429 Too Many Requests"
2026-09-14 21:55:35,994 INFO HTTP Request: POST https://vps.lpzproxy.xyz/v1/chat/completions "HTTP/1.1 429 Too Many Requests"
2026-09-14 21:55:36,016 INFO HTTP Request: POST https://vps.lpzproxy.xyz/v1/chat/completions "HTTP/1.1 429 Too Many Requests"
2026-09-14 21:55:36,040 INFO HTTP Request: POST https://vps.lpzproxy.xyz/v1/chat/completions "HTTP/1.1 429 Too Many Requests"
2026-09-14 21:55:36,071 INFO HTTP Request: POST https://vps.lpzproxy.xyz/v1/chat/completions "HTTP/1.1 429 Too Many Requests"
2026-09-14 21:55:36,189 INFO HTTP Request: POST https://vps.lpzproxy.xyz/v1/chat/completions "HTTP/1.1 429 Too Many Requests"
2026-09-14 21:55:36,221 INFO HTTP Request: POST https://vps.lpzproxy.xyz/v1/chat/completions "HTTP/1.1 429 Too Many Requests"
2026-09-14 21:55:36,314 INFO HTTP Request: POST https://vps.lpzproxy.xyz/v1/chat/completions "HTTP/1.1 429 Too Many Requests"
2026-09-14 21:55:36,337 INFO HTTP Request: POST https://vps.lpzproxy.xyz/v1/chat/completions "HTTP/1.1 429 Too Many Requests"
2026-09-14 21:55:36,384 INFO HTTP Request: POST https://vps.lpzproxy.xyz/v1/chat/completions "HTTP/1.1 429 Too Many Requests"
2026-09-14 21:55:36,401 INFO HTTP Request: POST https://vps.lpzproxy.xyz/v1/chat/completions "HTTP/1.1 429 Too Many Requests"
2026-09-14 21:55:36,429 INFO HTTP Request: POST https://vps.lpzproxy.xyz/v1/chat/completions "HTTP/1.1 429 Too Many Requests"
2026-09-14 21:55:36,469 INFO HTTP Request: POST https://vps.lpzproxy.xyz/v1/chat/completions "HTTP/1.1 429 Too Many Requests"
2026-09-14 21:55:36,540 INFO HTTP Request: POST https://vps.lpzproxy.xyz/v1/chat/completions "HTTP/1.1 429 Too Many Requests"
2026-09-14 21:55:36,586 INFO HTTP Request: POST https://vps.lpzproxy.xyz/v1/chat/completions "HTTP/1.1 429 Too Many Requests"
2026-09-14 21:55:36,653 INFO HTTP Request: POST https://vps.lpzproxy.xyz/v1/chat/completions "HTTP/1.1 429 Too Many Requests"
2026-09-14 21:55:36,684 INFO HTTP Request: POST https://vps.lpzproxy.xyz/v1/chat/completions "HTTP/1.1 429 Too Many Requests"
2026-09-14 21:55:36,700 INFO HTTP Request: POST https://vps.lpzproxy.xyz/v1/chat/completions "HTTP/1.1 429 Too Many Requests"
2026-09-14 21:55:36,705 INFO HTTP Request: POST https://vps.lpzproxy.xyz/v1/chat/completions "HTTP/1.1 429 Too Many Requests"
2026-09-14 21:55:36,799 INFO HTTP Request: POST https://vps.lpzproxy.xyz/v1/chat/completions "HTTP/1.1 429 Too Many Requests"
2026-09-14 21:55:36,954 INFO HTTP Request: POST https://vps.lpzproxy.xyz/v1/chat/completions "HTTP/1.1 429 Too Many Requests"
2026-09-14 21:55:36,960 INFO HTTP Request: POST https://vps.lpzproxy.xyz/v1/chat/completions "HTTP/1.1 429 Too Many Requests"
2026-09-14 21:55:37,025 INFO HTTP Request: POST https://vps.lpzproxy.xyz/v1/chat/completions "HTTP/1.1 429 Too Many Requests"
2026-09-14 21:55:37,043 INFO HTTP Request: POST https://vps.lpzproxy.xyz/v1/chat/completions "HTTP/1.1 429 Too Many Requests"
2026-09-14 21:55:37,109 INFO HTTP Request: POST https://vps.lpzproxy.xyz/v1/chat/completions "HTTP/1.1 429 Too Many Requests"
2026-09-14 21:55:37,284 INFO HTTP Request: POST https://vps.lpzproxy.xyz/v1/chat/completions "HTTP/1.1 429 Too Many Requests"
2026-09-14 21:55:37,400 INFO HTTP Request: POST https://vps.lpzproxy.xyz/v1/chat/completions "HTTP/1.1 429 Too Many Requests"
2026-09-14 21:55:37,507 INFO HTTP Request: POST https://vps.lpzproxy.xyz/v1/chat/completions "HTTP/1.1 429 Too Many Requests"
2026-09-14 21:55:37,544 INFO HTTP Request: POST https://vps.lpzproxy.xyz/v1/chat/completions "HTTP/1.1 429 Too Many Requests"
2026-09-14 21:55:37,649 INFO HTTP Request: POST https://vps.lpzproxy.xyz/v1/chat/completions "HTTP/1.1 429 Too Many Requests"
2026-09-14 21:55:37,762 INFO HTTP Request: POST https://vps.lpzproxy.xyz/v1/chat/completions "HTTP/1.1 429 Too Many Requests"
2026-09-14 21:55:37,803 INFO HTTP Request: POST https://vps.lpzproxy.xyz/v1/chat/completions "HTTP/1.1 429 Too Many Requests"
2026-09-14 21:55:37,849 INFO HTTP Request: POST https://vps.lpzproxy.xyz/v1/chat/completions "HTTP/1.1 429 Too Many Requests"
2026-09-14 21:55:38,040 INFO HTTP Request: POST https://vps.lpzproxy.xyz/v1/chat/completions "HTTP/1.1 429 Too Many Requests"
2026-09-14 21:55:38,097 INFO HTTP Request: POST https://vps.lpzproxy.xyz/v1/chat/completions "HTTP/1.1 429 Too Many Requests"
2026-09-14 21:55:38,098 INFO HTTP Request: POST https://vps.lpzproxy.xyz/v1/chat/completions "HTTP/1.1 429 Too Many Requests"
2026-09-14 21:55:38,261 INFO HTTP Request: POST https://vps.lpzproxy.xyz/v1/chat/completions "HTTP/1.1 429 Too Many Requests"
2026-09-14 21:55:38,282 INFO HTTP Request: POST https://vps.lpzproxy.xyz/v1/chat/completions "HTTP/1.1 429 Too Many Requests"
2026-09-14 21:55:38,371 INFO HTTP Request: POST https://vps.lpzproxy.xyz/v1/chat/completions "HTTP/1.1 429 Too Many Requests"
2026-09-14 21:55:38,656 INFO HTTP Request: POST https://vps.lpzproxy.xyz/v1/chat/completions "HTTP/1.1 429 Too Many Requests"
2026-09-14 21:55:38,777 INFO HTTP Request: POST https://vps.lpzproxy.xyz/v1/chat/completions "HTTP/1.1 429 Too Many Requests"
2026-09-14 21:55:38,787 INFO HTTP Request: POST https://vps.lpzproxy.xyz/v1/chat/completions "HTTP/1.1 429 Too Many Requests"
2026-09-14 21:55:39,149 INFO HTTP Request: POST https://vps.lpzproxy.xyz/v1/chat/completions "HTTP/1.1 429 Too Many Requests"
2026-09-14 21:55:39,180 INFO HTTP Request: POST https://vps.lpzproxy.xyz/v1/chat/completions "HTTP/1.1 429 Too Many Requests"
2026-09-14 21:55:39,274 INFO HTTP Request: POST https://vps.lpzproxy.xyz/v1/chat/completions "HTTP/1.1 429 Too Many Requests"
2026-09-14 21:55:39,507 INFO HTTP Request: POST https://vps.lpzproxy.xyz/v1/chat/completions "HTTP/1.1 429 Too Many Requests"
2026-09-14 21:55:39,665 INFO HTTP Request: POST https://vps.lpzproxy.xyz/v1/chat/completions "HTTP/1.1 429 Too Many Requests"
2026-09-14 21:55:39,816 INFO HTTP Request: POST https://vps.lpzproxy.xyz/v1/chat/completions "HTTP/1.1 429 Too Many Requests"
2026-09-14 21:55:39,852 INFO HTTP Request: POST https://vps.lpzproxy.xyz/v1/chat/completions "HTTP/1.1 429 Too Many Requests"
2026-09-14 21:55:40,233 INFO HTTP Request: POST https://vps.lpzproxy.xyz/v1/chat/completions "HTTP/1.1 429 Too Many Requests"
2026-09-14 21:55:40,254 INFO HTTP Request: POST https://vps.lpzproxy.xyz/v1/chat/completions "HTTP/1.1 429 Too Many Requests"
2026-09-14 21:55:40,371 INFO HTTP Request: POST https://vps.lpzproxy.xyz/v1/chat/completions "HTTP/1.1 429 Too Many Requests"
2026-09-14 21:55:40,607 INFO HTTP Request: POST https://vps.lpzproxy.xyz/v1/chat/completions "HTTP/1.1 429 Too Many Requests"
2026-09-14 21:55:40,654 INFO HTTP Request: POST https://vps.lpzproxy.xyz/v1/chat/completions "HTTP/1.1 429 Too Many Requests"
2026-09-14 21:55:40,666 INFO HTTP Request: POST https://vps.lpzproxy.xyz/v1/chat/completions "HTTP/1.1 429 Too Many Requests"
2026-09-14 21:55:40,793 INFO HTTP Request: POST https://vps.lpzproxy.xyz/v1/chat/completions "HTTP/1.1 429 Too Many Requests"
2026-09-14 21:55:40,879 INFO HTTP Request: POST https://vps.lpzproxy.xyz/v1/chat/completions "HTTP/1.1 429 Too Many Requests"
2026-09-14 21:55:41,211 INFO HTTP Request: POST https://vps.lpzproxy.xyz/v1/chat/completions "HTTP/1.1 429 Too Many Requests"
2026-09-14 21:55:41,290 INFO HTTP Request: POST https://vps.lpzproxy.xyz/v1/chat/completions "HTTP/1.1 429 Too Many Requests"
2026-09-14 21:55:41,294 INFO HTTP Request: POST https://vps.lpzproxy.xyz/v1/chat/completions "HTTP/1.1 429 Too Many Requests"
2026-09-14 21:55:41,482 INFO HTTP Request: POST https://vps.lpzproxy.xyz/v1/chat/completions "HTTP/1.1 429 Too Many Requests"
2026-09-14 21:55:41,547 INFO HTTP Request: POST https://vps.lpzproxy.xyz/v1/chat/completions "HTTP/1.1 429 Too Many Requests"
2026-09-14 21:55:41,576 INFO HTTP Request: POST https://vps.lpzproxy.xyz/v1/chat/completions "HTTP/1.1 429 Too Many Requests"
2026-09-14 21:55:41,585 INFO HTTP Request: POST https://vps.lpzproxy.xyz/v1/chat/completions "HTTP/1.1 429 Too Many Requests"
2026-09-14 21:55:41,614 INFO HTTP Request: POST https://vps.lpzproxy.xyz/v1/chat/completions "HTTP/1.1 429 Too Many Requests"
2026-09-14 21:55:41,720 INFO HTTP Request: POST https://vps.lpzproxy.xyz/v1/chat/completions "HTTP/1.1 429 Too Many Requests"
2026-09-14 21:55:41,803 INFO HTTP Request: POST https://vps.lpzproxy.xyz/v1/chat/completions "HTTP/1.1 429 Too Many Requests"
2026-09-14 21:55:41,860 INFO HTTP Request: POST https://vps.lpzproxy.xyz/v1/chat/completions "HTTP/1.1 429 Too Many Requests"
2026-09-14 21:55:41,870 INFO HTTP Request: POST https://vps.lpzproxy.xyz/v1/chat/completions "HTTP/1.1 429 Too Many Requests"
2026-09-14 21:55:41,916 INFO HTTP Request: POST https://vps.lpzproxy.xyz/v1/chat/completions "HTTP/1.1 429 Too Many Requests"
2026-09-14 21:55:42,064 INFO HTTP Request: POST https://vps.lpzproxy.xyz/v1/chat/completions "HTTP/1.1 429 Too Many Requests"
2026-09-14 21:55:42,181 INFO HTTP Request: POST https://vps.lpzproxy.xyz/v1/chat/completions "HTTP/1.1 429 Too Many Requests"
2026-09-14 21:55:42,574 INFO HTTP Request: POST https://vps.lpzproxy.xyz/v1/chat/completions "HTTP/1.1 429 Too Many Requests"
2026-09-14 21:55:42,602 INFO HTTP Request: POST https://vps.lpzproxy.xyz/v1/chat/completions "HTTP/1.1 429 Too Many Requests"
2026-09-14 21:55:42,604 INFO HTTP Request: POST https://vps.lpzproxy.xyz/v1/chat/completions "HTTP/1.1 429 Too Many Requests"
2026-09-14 21:55:42,619 INFO HTTP Request: POST https://vps.lpzproxy.xyz/v1/chat/completions "HTTP/1.1 429 Too Many Requests"
2026-09-14 21:55:42,721 INFO HTTP Request: POST https://vps.lpzproxy.xyz/v1/chat/completions "HTTP/1.1 429 Too Many Requests"
2026-09-14 21:55:42,811 INFO HTTP Request: POST https://vps.lpzproxy.xyz/v1/chat/completions "HTTP/1.1 429 Too Many Requests"
2026-09-14 21:55:42,966 INFO HTTP Request: POST https://vps.lpzproxy.xyz/v1/chat/completions "HTTP/1.1 429 Too Many Requests"
2026-09-14 21:55:43,480 INFO HTTP Request: POST https://vps.lpzproxy.xyz/v1/chat/completions "HTTP/1.1 429 Too Many Requests"
2026-09-14 21:55:43,886 INFO HTTP Request: POST https://vps.lpzproxy.xyz/v1/chat/completions "HTTP/1.1 429 Too Many Requests"
2026-09-14 21:55:44,089 INFO HTTP Request: POST https://vps.lpzproxy.xyz/v1/chat/completions "HTTP/1.1 429 Too Many Requests"
2026-09-14 21:55:44,283 INFO HTTP Request: POST https://vps.lpzproxy.xyz/v1/chat/completions "HTTP/1.1 429 Too Many Requests"
2026-09-14 21:55:44,399 INFO HTTP Request: POST https://vps.lpzproxy.xyz/v1/chat/completions "HTTP/1.1 429 Too Many Requests"
2026-09-14 21:55:44,399 INFO HTTP Request: POST https://vps.lpzproxy.xyz/v1/chat/completions "HTTP/1.1 429 Too Many Requests"
2026-09-14 21:55:44,681 INFO HTTP Request: POST https://vps.lpzproxy.xyz/v1/chat/completions "HTTP/1.1 429 Too Many Requests"
2026-09-14 21:55:44,708 INFO HTTP Request: POST https://vps.lpzproxy.xyz/v1/chat/completions "HTTP/1.1 429 Too Many Requests"
2026-09-14 21:55:44,816 INFO HTTP Request: POST https://vps.lpzproxy.xyz/v1/chat/completions "HTTP/1.1 429 Too Many Requests"
2026-09-14 21:55:44,982 INFO HTTP Request: POST https://vps.lpzproxy.xyz/v1/chat/completions "HTTP/1.1 429 Too Many Requests"
2026-09-14 21:55:45,143 INFO HTTP Request: POST https://vps.lpzproxy.xyz/v1/chat/completions "HTTP/1.1 429 Too Many Requests"
2026-09-14 21:55:45,244 INFO HTTP Request: POST https://vps.lpzproxy.xyz/v1/chat/completions "HTTP/1.1 429 Too Many Requests"
2026-09-14 21:55:45,303 INFO HTTP Request: POST https://vps.lpzproxy.xyz/v1/chat/completions "HTTP/1.1 429 Too Many Requests"
2026-09-14 21:55:45,516 INFO HTTP Request: POST https://vps.lpzproxy.xyz/v1/chat/completions "HTTP/1.1 429 Too Many Requests"
2026-09-14 21:55:46,027 INFO HTTP Request: POST https://vps.lpzproxy.xyz/v1/chat/completions "HTTP/1.1 429 Too Many Requests"
2026-09-14 21:55:46,876 INFO HTTP Request: POST https://vps.lpzproxy.xyz/v1/chat/completions "HTTP/1.1 429 Too Many Requests"
2026-09-14 21:55:48,204 INFO HTTP Request: POST https://vps.lpzproxy.xyz/v1/chat/completions "HTTP/1.1 429 Too Many Requests"
2026-09-14 21:55:50,228 INFO HTTP Request: POST https://vps.lpzproxy.xyz/v1/chat/completions "HTTP/1.1 429 Too Many Requests"
2026-09-14 21:55:50,229 ERROR judge job failed after retries: API request failed after retries: retryable HTTP 429: {"error":{"code":"model_cooldown","message":"All credentials for model gemini-3.7-flash-high are cooling down via provider antigravity","model":"gemini-3.7-flash-high","provider":"antigravity","reset_
2026-09-14 21:55:50,570 INFO HTTP Request: POST https://vps.lpzproxy.xyz/v1/chat/completions "HTTP/1.1 429 Too Many Requests"
2026-09-14 21:55:50,571 ERROR judge job failed after retries: API request failed after retries: retryable HTTP 429: {"error":{"code":"model_cooldown","message":"All credentials for model gemini-3.7-flash-high are cooling down via provider antigravity","model":"gemini-3.7-flash-high","provider":"antigravity","reset_
2026-09-14 21:55:50,737 INFO HTTP Request: POST https://vps.lpzproxy.xyz/v1/chat/completions "HTTP/1.1 429 Too Many Requests"
2026-09-14 21:55:50,738 ERROR judge job failed after retries: API request failed after retries: retryable HTTP 429: {"error":{"code":"model_cooldown","message":"All credentials for model gemini-3.7-flash-high are cooling down via provider antigravity","model":"gemini-3.7-flash-high","provider":"antigravity","reset_
2026-09-14 21:55:50,764 INFO HTTP Request: POST https://vps.lpzproxy.xyz/v1/chat/completions "HTTP/1.1 429 Too Many Requests"
2026-09-14 21:55:50,765 ERROR judge job failed after retries: API request failed after retries: retryable HTTP 429: {"error":{"code":"model_cooldown","message":"All credentials for model gemini-3.7-flash-high are cooling down via provider antigravity","model":"gemini-3.7-flash-high","provider":"antigravity","reset_
2026-09-14 21:55:50,869 INFO HTTP Request: POST https://vps.lpzproxy.xyz/v1/chat/completions "HTTP/1.1 429 Too Many Requests"
2026-09-14 21:55:50,869 ERROR judge job failed after retries: API request failed after retries: retryable HTTP 429: {"error":{"code":"model_cooldown","message":"All credentials for model gemini-3.7-flash-high are cooling down via provider antigravity","model":"gemini-3.7-flash-high","provider":"antigravity","reset_
2026-09-14 21:55:50,974 INFO HTTP Request: POST https://vps.lpzproxy.xyz/v1/chat/completions "HTTP/1.1 429 Too Many Requests"
2026-09-14 21:55:50,975 ERROR judge job failed after retries: API request failed after retries: retryable HTTP 429: {"error":{"code":"model_cooldown","message":"All credentials for model gemini-3.7-flash-high are cooling down via provider antigravity","model":"gemini-3.7-flash-high","provider":"antigravity","reset_
2026-09-14 21:55:51,187 INFO HTTP Request: POST https://vps.lpzproxy.xyz/v1/chat/completions "HTTP/1.1 429 Too Many Requests"
2026-09-14 21:55:51,188 ERROR judge job failed after retries: API request failed after retries: retryable HTTP 429: {"error":{"code":"model_cooldown","message":"All credentials for model gemini-3.7-flash-high are cooling down via provider antigravity","model":"gemini-3.7-flash-high","provider":"antigravity","reset_
2026-09-14 21:55:51,326 INFO HTTP Request: POST https://vps.lpzproxy.xyz/v1/chat/completions "HTTP/1.1 429 Too Many Requests"
2026-09-14 21:55:51,326 ERROR judge job failed after retries: API request failed after retries: retryable HTTP 429: {"error":{"code":"model_cooldown","message":"All credentials for model gemini-3.7-flash-high are cooling down via provider antigravity","model":"gemini-3.7-flash-high","provider":"antigravity","reset_
2026-09-14 21:55:51,370 INFO HTTP Request: POST https://vps.lpzproxy.xyz/v1/chat/completions "HTTP/1.1 429 Too Many Requests"
2026-09-14 21:55:51,371 ERROR judge job failed after retries: API request failed after retries: retryable HTTP 429: {"error":{"code":"model_cooldown","message":"All credentials for model gemini-3.7-flash-high are cooling down via provider antigravity","model":"gemini-3.7-flash-high","provider":"antigravity","reset_
2026-09-14 21:55:51,387 INFO HTTP Request: POST https://vps.lpzproxy.xyz/v1/chat/completions "HTTP/1.1 429 Too Many Requests"
2026-09-14 21:55:51,387 ERROR judge job failed after retries: API request failed after retries: retryable HTTP 429: {"error":{"code":"model_cooldown","message":"All credentials for model gemini-3.7-flash-high are cooling down via provider antigravity","model":"gemini-3.7-flash-high","provider":"antigravity","reset_
2026-09-14 21:55:51,442 INFO HTTP Request: POST https://vps.lpzproxy.xyz/v1/chat/completions "HTTP/1.1 429 Too Many Requests"
2026-09-14 21:55:51,442 ERROR judge job failed after retries: API request failed after retries: retryable HTTP 429: {"error":{"code":"model_cooldown","message":"All credentials for model gemini-3.7-flash-high are cooling down via provider antigravity","model":"gemini-3.7-flash-high","provider":"antigravity","reset_
2026-09-14 21:55:51,489 INFO HTTP Request: POST https://vps.lpzproxy.xyz/v1/chat/completions "HTTP/1.1 429 Too Many Requests"
2026-09-14 21:55:51,489 ERROR judge job failed after retries: API request failed after retries: retryable HTTP 429: {"error":{"code":"model_cooldown","message":"All credentials for model gemini-3.7-flash-high are cooling down via provider antigravity","model":"gemini-3.7-flash-high","provider":"antigravity","reset_
2026-09-14 21:55:51,573 INFO HTTP Request: POST https://vps.lpzproxy.xyz/v1/chat/completions "HTTP/1.1 429 Too Many Requests"
2026-09-14 21:55:51,573 ERROR judge job failed after retries: API request failed after retries: retryable HTTP 429: {"error":{"code":"model_cooldown","message":"All credentials for model gemini-3.7-flash-high are cooling down via provider antigravity","model":"gemini-3.7-flash-high","provider":"antigravity","reset_
2026-09-14 21:55:51,596 INFO HTTP Request: POST https://vps.lpzproxy.xyz/v1/chat/completions "HTTP/1.1 429 Too Many Requests"
2026-09-14 21:55:51,927 INFO HTTP Request: POST https://vps.lpzproxy.xyz/v1/chat/completions "HTTP/1.1 429 Too Many Requests"
2026-09-14 21:55:51,928 ERROR judge job failed after retries: API request failed after retries: retryable HTTP 429: {"error":{"code":"model_cooldown","message":"All credentials for model gemini-3.7-flash-high are cooling down via provider antigravity","model":"gemini-3.7-flash-high","provider":"antigravity","reset_
2026-09-14 21:55:51,951 INFO HTTP Request: POST https://vps.lpzproxy.xyz/v1/chat/completions "HTTP/1.1 429 Too Many Requests"
2026-09-14 21:55:52,053 INFO HTTP Request: POST https://vps.lpzproxy.xyz/v1/chat/completions "HTTP/1.1 429 Too Many Requests"
2026-09-14 21:55:52,054 INFO HTTP Request: POST https://vps.lpzproxy.xyz/v1/chat/completions "HTTP/1.1 429 Too Many Requests"
2026-09-14 21:55:52,054 ERROR judge job failed after retries: API request failed after retries: retryable HTTP 429: {"error":{"code":"model_cooldown","message":"All credentials for model gemini-3.7-flash-high are cooling down via provider antigravity","model":"gemini-3.7-flash-high","provider":"antigravity","reset_
2026-09-14 21:55:52,054 ERROR judge job failed after retries: API request failed after retries: retryable HTTP 429: {"error":{"code":"model_cooldown","message":"All credentials for model gemini-3.7-flash-high are cooling down via provider antigravity","model":"gemini-3.7-flash-high","provider":"antigravity","reset_
2026-09-14 21:55:52,127 INFO HTTP Request: POST https://vps.lpzproxy.xyz/v1/chat/completions "HTTP/1.1 429 Too Many Requests"
2026-09-14 21:55:52,129 INFO HTTP Request: POST https://vps.lpzproxy.xyz/v1/chat/completions "HTTP/1.1 429 Too Many Requests"
2026-09-14 21:55:52,206 INFO HTTP Request: POST https://vps.lpzproxy.xyz/v1/chat/completions "HTTP/1.1 429 Too Many Requests"
2026-09-14 21:55:52,206 ERROR judge job failed after retries: API request failed after retries: retryable HTTP 429: {"error":{"code":"model_cooldown","message":"All credentials for model gemini-3.7-flash-high are cooling down via provider antigravity","model":"gemini-3.7-flash-high","provider":"antigravity","reset_
2026-09-14 21:55:52,262 INFO HTTP Request: POST https://vps.lpzproxy.xyz/v1/chat/completions "HTTP/1.1 429 Too Many Requests"
2026-09-14 21:55:52,289 INFO HTTP Request: POST https://vps.lpzproxy.xyz/v1/chat/completions "HTTP/1.1 429 Too Many Requests"
2026-09-14 21:55:52,292 ERROR judge job failed after retries: API request failed after retries: retryable HTTP 429: {"error":{"code":"model_cooldown","message":"All credentials for model gemini-3.7-flash-high are cooling down via provider antigravity","model":"gemini-3.7-flash-high","provider":"antigravity","reset_
2026-09-14 21:55:52,367 INFO HTTP Request: POST https://vps.lpzproxy.xyz/v1/chat/completions "HTTP/1.1 429 Too Many Requests"
2026-09-14 21:55:52,368 INFO HTTP Request: POST https://vps.lpzproxy.xyz/v1/chat/completions "HTTP/1.1 429 Too Many Requests"
2026-09-14 21:55:52,369 ERROR judge job failed after retries: API request failed after retries: retryable HTTP 429: {"error":{"code":"model_cooldown","message":"All credentials for model gemini-3.7-flash-high are cooling down via provider antigravity","model":"gemini-3.7-flash-high","provider":"antigravity","reset_
2026-09-14 21:55:52,563 INFO HTTP Request: POST https://vps.lpzproxy.xyz/v1/chat/completions "HTTP/1.1 429 Too Many Requests"
2026-09-14 21:55:52,739 INFO HTTP Request: POST https://vps.lpzproxy.xyz/v1/chat/completions "HTTP/1.1 429 Too Many Requests"
2026-09-14 21:55:52,750 INFO HTTP Request: POST https://vps.lpzproxy.xyz/v1/chat/completions "HTTP/1.1 429 Too Many Requests"
2026-09-14 21:55:52,751 ERROR judge job failed after retries: API request failed after retries: retryable HTTP 429: {"error":{"code":"model_cooldown","message":"All credentials for model gemini-3.7-flash-high are cooling down via provider antigravity","model":"gemini-3.7-flash-high","provider":"antigravity","reset_
2026-09-14 21:55:52,795 INFO HTTP Request: POST https://vps.lpzproxy.xyz/v1/chat/completions "HTTP/1.1 429 Too Many Requests"
2026-09-14 21:55:52,797 INFO HTTP Request: POST https://vps.lpzproxy.xyz/v1/chat/completions "HTTP/1.1 429 Too Many Requests"
2026-09-14 21:55:52,852 INFO HTTP Request: POST https://vps.lpzproxy.xyz/v1/chat/completions "HTTP/1.1 429 Too Many Requests"
2026-09-14 21:55:52,871 INFO HTTP Request: POST https://vps.lpzproxy.xyz/v1/chat/completions "HTTP/1.1 429 Too Many Requests"
2026-09-14 21:55:52,872 ERROR judge job failed after retries: API request failed after retries: retryable HTTP 429: {"error":{"code":"model_cooldown","message":"All credentials for model gemini-3.7-flash-high are cooling down via provider antigravity","model":"gemini-3.7-flash-high","provider":"antigravity","reset_
2026-09-14 21:55:52,880 INFO HTTP Request: POST https://vps.lpzproxy.xyz/v1/chat/completions "HTTP/1.1 429 Too Many Requests"
2026-09-14 21:55:52,934 INFO HTTP Request: POST https://vps.lpzproxy.xyz/v1/chat/completions "HTTP/1.1 429 Too Many Requests"
2026-09-14 21:55:52,978 INFO HTTP Request: POST https://vps.lpzproxy.xyz/v1/chat/completions "HTTP/1.1 429 Too Many Requests"
2026-09-14 21:55:52,979 ERROR judge job failed after retries: API request failed after retries: retryable HTTP 429: {"error":{"code":"model_cooldown","message":"All credentials for model gemini-3.7-flash-high are cooling down via provider antigravity","model":"gemini-3.7-flash-high","provider":"antigravity","reset_
2026-09-14 21:55:53,179 INFO HTTP Request: POST https://vps.lpzproxy.xyz/v1/chat/completions "HTTP/1.1 429 Too Many Requests"
2026-09-14 21:55:53,179 ERROR judge job failed after retries: API request failed after retries: retryable HTTP 429: {"error":{"code":"model_cooldown","message":"All credentials for model gemini-3.7-flash-high are cooling down via provider antigravity","model":"gemini-3.7-flash-high","provider":"antigravity","reset_
2026-09-14 21:55:53,304 INFO HTTP Request: POST https://vps.lpzproxy.xyz/v1/chat/completions "HTTP/1.1 429 Too Many Requests"
2026-09-14 21:55:53,365 INFO HTTP Request: POST https://vps.lpzproxy.xyz/v1/chat/completions "HTTP/1.1 429 Too Many Requests"
2026-09-14 21:55:53,365 ERROR judge job failed after retries: API request failed after retries: retryable HTTP 429: {"error":{"code":"model_cooldown","message":"All credentials for model gemini-3.7-flash-high are cooling down via provider antigravity","model":"gemini-3.7-flash-high","provider":"antigravity","reset_
2026-09-14 21:55:53,366 INFO HTTP Request: POST https://vps.lpzproxy.xyz/v1/chat/completions "HTTP/1.1 429 Too Many Requests"
2026-09-14 21:55:53,366 ERROR judge job failed after retries: API request failed after retries: retryable HTTP 429: {"error":{"code":"model_cooldown","message":"All credentials for model gemini-3.7-flash-high are cooling down via provider antigravity","model":"gemini-3.7-flash-high","provider":"antigravity","reset_
2026-09-14 21:55:53,426 INFO HTTP Request: POST https://vps.lpzproxy.xyz/v1/chat/completions "HTTP/1.1 429 Too Many Requests"
2026-09-14 21:55:53,429 INFO HTTP Request: POST https://vps.lpzproxy.xyz/v1/chat/completions "HTTP/1.1 429 Too Many Requests"
2026-09-14 21:55:53,513 INFO HTTP Request: POST https://vps.lpzproxy.xyz/v1/chat/completions "HTTP/1.1 429 Too Many Requests"
2026-09-14 21:55:53,513 ERROR judge job failed after retries: API request failed after retries: retryable HTTP 429: {"error":{"code":"model_cooldown","message":"All credentials for model gemini-3.7-flash-high are cooling down via provider antigravity","model":"gemini-3.7-flash-high","provider":"antigravity","reset_
2026-09-14 21:55:53,583 INFO HTTP Request: POST https://vps.lpzproxy.xyz/v1/chat/completions "HTTP/1.1 429 Too Many Requests"
2026-09-14 21:55:53,597 INFO HTTP Request: POST https://vps.lpzproxy.xyz/v1/chat/completions "HTTP/1.1 429 Too Many Requests"
2026-09-14 21:55:53,680 INFO HTTP Request: POST https://vps.lpzproxy.xyz/v1/chat/completions "HTTP/1.1 429 Too Many Requests"
2026-09-14 21:55:53,755 INFO HTTP Request: POST https://vps.lpzproxy.xyz/v1/chat/completions "HTTP/1.1 429 Too Many Requests"
2026-09-14 21:55:53,756 ERROR judge job failed after retries: API request failed after retries: retryable HTTP 429: {"error":{"code":"model_cooldown","message":"All credentials for model gemini-3.7-flash-high are cooling down via provider antigravity","model":"gemini-3.7-flash-high","provider":"antigravity","reset_
2026-09-14 21:55:53,770 INFO HTTP Request: POST https://vps.lpzproxy.xyz/v1/chat/completions "HTTP/1.1 429 Too Many Requests"
2026-09-14 21:55:53,945 INFO HTTP Request: POST https://vps.lpzproxy.xyz/v1/chat/completions "HTTP/1.1 429 Too Many Requests"
2026-09-14 21:55:53,979 INFO HTTP Request: POST https://vps.lpzproxy.xyz/v1/chat/completions "HTTP/1.1 429 Too Many Requests"
2026-09-14 21:55:54,165 INFO HTTP Request: POST https://vps.lpzproxy.xyz/v1/chat/completions "HTTP/1.1 429 Too Many Requests"
2026-09-14 21:55:54,189 INFO HTTP Request: POST https://vps.lpzproxy.xyz/v1/chat/completions "HTTP/1.1 429 Too Many Requests"
2026-09-14 21:55:54,266 INFO HTTP Request: POST https://vps.lpzproxy.xyz/v1/chat/completions "HTTP/1.1 429 Too Many Requests"
2026-09-14 21:55:54,284 INFO HTTP Request: POST https://vps.lpzproxy.xyz/v1/chat/completions "HTTP/1.1 429 Too Many Requests"
2026-09-14 21:55:54,374 INFO HTTP Request: POST https://vps.lpzproxy.xyz/v1/chat/completions "HTTP/1.1 429 Too Many Requests"
2026-09-14 21:55:54,375 ERROR judge job failed after retries: API request failed after retries: retryable HTTP 429: {"error":{"code":"model_cooldown","message":"All credentials for model gemini-3.7-flash-high are cooling down via provider antigravity","model":"gemini-3.7-flash-high","provider":"antigravity","reset_
2026-09-14 21:55:54,391 INFO HTTP Request: POST https://vps.lpzproxy.xyz/v1/chat/completions "HTTP/1.1 429 Too Many Requests"
2026-09-14 21:55:54,411 INFO HTTP Request: POST https://vps.lpzproxy.xyz/v1/chat/completions "HTTP/1.1 429 Too Many Requests"
2026-09-14 21:55:54,559 INFO HTTP Request: POST https://vps.lpzproxy.xyz/v1/chat/completions "HTTP/1.1 429 Too Many Requests"
2026-09-14 21:55:54,559 ERROR judge job failed after retries: API request failed after retries: retryable HTTP 429: {"error":{"code":"model_cooldown","message":"All credentials for model gemini-3.7-flash-high are cooling down via provider antigravity","model":"gemini-3.7-flash-high","provider":"antigravity","reset_
2026-09-14 21:55:54,567 INFO HTTP Request: POST https://vps.lpzproxy.xyz/v1/chat/completions "HTTP/1.1 429 Too Many Requests"
2026-09-14 21:55:54,571 INFO HTTP Request: POST https://vps.lpzproxy.xyz/v1/chat/completions "HTTP/1.1 429 Too Many Requests"
2026-09-14 21:55:54,581 INFO HTTP Request: POST https://vps.lpzproxy.xyz/v1/chat/completions "HTTP/1.1 429 Too Many Requests"
2026-09-14 21:55:54,686 INFO HTTP Request: POST https://vps.lpzproxy.xyz/v1/chat/completions "HTTP/1.1 429 Too Many Requests"
2026-09-14 21:55:54,686 ERROR judge job failed after retries: API request failed after retries: retryable HTTP 429: {"error":{"code":"model_cooldown","message":"All credentials for model gemini-3.7-flash-high are cooling down via provider antigravity","model":"gemini-3.7-flash-high","provider":"antigravity","reset_
2026-09-14 21:55:54,693 INFO HTTP Request: POST https://vps.lpzproxy.xyz/v1/chat/completions "HTTP/1.1 429 Too Many Requests"
2026-09-14 21:55:54,694 ERROR judge job failed after retries: API request failed after retries: retryable HTTP 429: {"error":{"code":"model_cooldown","message":"All credentials for model gemini-3.7-flash-high are cooling down via provider antigravity","model":"gemini-3.7-flash-high","provider":"antigravity","reset_
2026-09-14 21:55:54,713 INFO HTTP Request: POST https://vps.lpzproxy.xyz/v1/chat/completions "HTTP/1.1 429 Too Many Requests"
2026-09-14 21:55:54,731 INFO HTTP Request: POST https://vps.lpzproxy.xyz/v1/chat/completions "HTTP/1.1 429 Too Many Requests"
2026-09-14 21:55:54,746 INFO HTTP Request: POST https://vps.lpzproxy.xyz/v1/chat/completions "HTTP/1.1 429 Too Many Requests"
2026-09-14 21:55:54,900 INFO HTTP Request: POST https://vps.lpzproxy.xyz/v1/chat/completions "HTTP/1.1 429 Too Many Requests"
2026-09-14 21:55:54,901 ERROR judge job failed after retries: API request failed after retries: retryable HTTP 429: {"error":{"code":"model_cooldown","message":"All credentials for model gemini-3.7-flash-high are cooling down via provider antigravity","model":"gemini-3.7-flash-high","provider":"antigravity","reset_
2026-09-14 21:55:54,931 INFO HTTP Request: POST https://vps.lpzproxy.xyz/v1/chat/completions "HTTP/1.1 429 Too Many Requests"
2026-09-14 21:55:54,934 INFO HTTP Request: POST https://vps.lpzproxy.xyz/v1/chat/completions "HTTP/1.1 429 Too Many Requests"
2026-09-14 21:55:54,961 INFO HTTP Request: POST https://vps.lpzproxy.xyz/v1/chat/completions "HTTP/1.1 429 Too Many Requests"
2026-09-14 21:55:54,961 ERROR judge job failed after retries: API request failed after retries: retryable HTTP 429: {"error":{"code":"model_cooldown","message":"All credentials for model gemini-3.7-flash-high are cooling down via provider antigravity","model":"gemini-3.7-flash-high","provider":"antigravity","reset_
2026-09-14 21:55:54,988 INFO HTTP Request: POST https://vps.lpzproxy.xyz/v1/chat/completions "HTTP/1.1 429 Too Many Requests"
2026-09-14 21:55:55,004 INFO HTTP Request: POST https://vps.lpzproxy.xyz/v1/chat/completions "HTTP/1.1 429 Too Many Requests"
2026-09-14 21:55:55,005 ERROR judge job failed after retries: API request failed after retries: retryable HTTP 429: {"error":{"code":"model_cooldown","message":"All credentials for model gemini-3.7-flash-high are cooling down via provider antigravity","model":"gemini-3.7-flash-high","provider":"antigravity","reset_
2026-09-14 21:55:55,218 INFO HTTP Request: POST https://vps.lpzproxy.xyz/v1/chat/completions "HTTP/1.1 429 Too Many Requests"
2026-09-14 21:55:55,245 INFO HTTP Request: POST https://vps.lpzproxy.xyz/v1/chat/completions "HTTP/1.1 429 Too Many Requests"
2026-09-14 21:55:55,245 INFO HTTP Request: POST https://vps.lpzproxy.xyz/v1/chat/completions "HTTP/1.1 429 Too Many Requests"
2026-09-14 21:55:55,302 INFO HTTP Request: POST https://vps.lpzproxy.xyz/v1/chat/completions "HTTP/1.1 429 Too Many Requests"
2026-09-14 21:55:55,414 INFO HTTP Request: POST https://vps.lpzproxy.xyz/v1/chat/completions "HTTP/1.1 429 Too Many Requests"
2026-09-14 21:55:55,414 ERROR judge job failed after retries: API request failed after retries: retryable HTTP 429: {"error":{"code":"model_cooldown","message":"All credentials for model gemini-3.7-flash-high are cooling down via provider antigravity","model":"gemini-3.7-flash-high","provider":"antigravity","reset_
2026-09-14 21:55:55,420 INFO HTTP Request: POST https://vps.lpzproxy.xyz/v1/chat/completions "HTTP/1.1 429 Too Many Requests"
2026-09-14 21:55:55,429 INFO HTTP Request: POST https://vps.lpzproxy.xyz/v1/chat/completions "HTTP/1.1 429 Too Many Requests"
2026-09-14 21:55:55,455 INFO HTTP Request: POST https://vps.lpzproxy.xyz/v1/chat/completions "HTTP/1.1 429 Too Many Requests"
2026-09-14 21:55:55,546 INFO HTTP Request: POST https://vps.lpzproxy.xyz/v1/chat/completions "HTTP/1.1 429 Too Many Requests"
2026-09-14 21:55:55,546 ERROR judge job failed after retries: API request failed after retries: retryable HTTP 429: {"error":{"code":"model_cooldown","message":"All credentials for model gemini-3.7-flash-high are cooling down via provider antigravity","model":"gemini-3.7-flash-high","provider":"antigravity","reset_
2026-09-14 21:55:55,585 INFO HTTP Request: POST https://vps.lpzproxy.xyz/v1/chat/completions "HTTP/1.1 429 Too Many Requests"
2026-09-14 21:55:55,685 INFO HTTP Request: POST https://vps.lpzproxy.xyz/v1/chat/completions "HTTP/1.1 429 Too Many Requests"
2026-09-14 21:55:55,688 ERROR judge job failed after retries: API request failed after retries: retryable HTTP 429: {"error":{"code":"model_cooldown","message":"All credentials for model gemini-3.7-flash-high are cooling down via provider antigravity","model":"gemini-3.7-flash-high","provider":"antigravity","reset_
2026-09-14 21:55:55,790 INFO HTTP Request: POST https://vps.lpzproxy.xyz/v1/chat/completions "HTTP/1.1 429 Too Many Requests"
2026-09-14 21:55:55,927 INFO HTTP Request: POST https://vps.lpzproxy.xyz/v1/chat/completions "HTTP/1.1 429 Too Many Requests"
2026-09-14 21:55:55,970 INFO HTTP Request: POST https://vps.lpzproxy.xyz/v1/chat/completions "HTTP/1.1 429 Too Many Requests"
2026-09-14 21:55:56,045 INFO HTTP Request: POST https://vps.lpzproxy.xyz/v1/chat/completions "HTTP/1.1 429 Too Many Requests"
2026-09-14 21:55:56,060 INFO HTTP Request: POST https://vps.lpzproxy.xyz/v1/chat/completions "HTTP/1.1 429 Too Many Requests"
2026-09-14 21:55:56,066 INFO HTTP Request: POST https://vps.lpzproxy.xyz/v1/chat/completions "HTTP/1.1 429 Too Many Requests"
2026-09-14 21:55:56,067 ERROR judge job failed after retries: API request failed after retries: retryable HTTP 429: {"error":{"code":"model_cooldown","message":"All credentials for model gemini-3.7-flash-high are cooling down via provider antigravity","model":"gemini-3.7-flash-high","provider":"antigravity","reset_
2026-09-14 21:55:56,078 INFO HTTP Request: POST https://vps.lpzproxy.xyz/v1/chat/completions "HTTP/1.1 429 Too Many Requests"
2026-09-14 21:55:56,199 INFO HTTP Request: POST https://vps.lpzproxy.xyz/v1/chat/completions "HTTP/1.1 429 Too Many Requests"
2026-09-14 21:55:56,325 INFO HTTP Request: POST https://vps.lpzproxy.xyz/v1/chat/completions "HTTP/1.1 429 Too Many Requests"
2026-09-14 21:55:56,376 INFO HTTP Request: POST https://vps.lpzproxy.xyz/v1/chat/completions "HTTP/1.1 429 Too Many Requests"
2026-09-14 21:55:56,393 INFO HTTP Request: POST https://vps.lpzproxy.xyz/v1/chat/completions "HTTP/1.1 429 Too Many Requests"
2026-09-14 21:55:56,419 INFO HTTP Request: POST https://vps.lpzproxy.xyz/v1/chat/completions "HTTP/1.1 429 Too Many Requests"
2026-09-14 21:55:56,430 INFO HTTP Request: POST https://vps.lpzproxy.xyz/v1/chat/completions "HTTP/1.1 429 Too Many Requests"
2026-09-14 21:55:56,555 INFO HTTP Request: POST https://vps.lpzproxy.xyz/v1/chat/completions "HTTP/1.1 429 Too Many Requests"
2026-09-14 21:55:56,615 INFO HTTP Request: POST https://vps.lpzproxy.xyz/v1/chat/completions "HTTP/1.1 429 Too Many Requests"
2026-09-14 21:55:56,759 INFO HTTP Request: POST https://vps.lpzproxy.xyz/v1/chat/completions "HTTP/1.1 429 Too Many Requests"
2026-09-14 21:55:56,881 INFO HTTP Request: POST https://vps.lpzproxy.xyz/v1/chat/completions "HTTP/1.1 429 Too Many Requests"
2026-09-14 21:55:56,909 INFO HTTP Request: POST https://vps.lpzproxy.xyz/v1/chat/completions "HTTP/1.1 429 Too Many Requests"
2026-09-14 21:55:56,930 INFO HTTP Request: POST https://vps.lpzproxy.xyz/v1/chat/completions "HTTP/1.1 429 Too Many Requests"
2026-09-14 21:55:56,946 INFO HTTP Request: POST https://vps.lpzproxy.xyz/v1/chat/completions "HTTP/1.1 429 Too Many Requests"
2026-09-14 21:55:57,018 INFO HTTP Request: POST https://vps.lpzproxy.xyz/v1/chat/completions "HTTP/1.1 429 Too Many Requests"
2026-09-14 21:55:57,019 ERROR judge job failed after retries: API request failed after retries: retryable HTTP 429: {"error":{"code":"model_cooldown","message":"All credentials for model gemini-3.7-flash-high are cooling down via provider antigravity","model":"gemini-3.7-flash-high","provider":"antigravity","reset_
2026-09-14 21:55:57,053 INFO HTTP Request: POST https://vps.lpzproxy.xyz/v1/chat/completions "HTTP/1.1 429 Too Many Requests"
2026-09-14 21:55:57,058 INFO HTTP Request: POST https://vps.lpzproxy.xyz/v1/chat/completions "HTTP/1.1 429 Too Many Requests"
2026-09-14 21:55:57,126 INFO HTTP Request: POST https://vps.lpzproxy.xyz/v1/chat/completions "HTTP/1.1 429 Too Many Requests"
2026-09-14 21:55:57,268 INFO HTTP Request: POST https://vps.lpzproxy.xyz/v1/chat/completions "HTTP/1.1 429 Too Many Requests"
2026-09-14 21:55:57,306 INFO HTTP Request: POST https://vps.lpzproxy.xyz/v1/chat/completions "HTTP/1.1 429 Too Many Requests"
2026-09-14 21:55:57,332 INFO HTTP Request: POST https://vps.lpzproxy.xyz/v1/chat/completions "HTTP/1.1 429 Too Many Requests"
2026-09-14 21:55:57,362 INFO HTTP Request: POST https://vps.lpzproxy.xyz/v1/chat/completions "HTTP/1.1 429 Too Many Requests"
2026-09-14 21:55:57,440 INFO HTTP Request: POST https://vps.lpzproxy.xyz/v1/chat/completions "HTTP/1.1 429 Too Many Requests"
2026-09-14 21:55:57,578 INFO HTTP Request: POST https://vps.lpzproxy.xyz/v1/chat/completions "HTTP/1.1 429 Too Many Requests"
2026-09-14 21:55:57,708 INFO HTTP Request: POST https://vps.lpzproxy.xyz/v1/chat/completions "HTTP/1.1 429 Too Many Requests"
2026-09-14 21:55:57,883 INFO HTTP Request: POST https://vps.lpzproxy.xyz/v1/chat/completions "HTTP/1.1 429 Too Many Requests"
2026-09-14 21:55:58,043 INFO HTTP Request: POST https://vps.lpzproxy.xyz/v1/chat/completions "HTTP/1.1 429 Too Many Requests"
2026-09-14 21:55:58,044 INFO HTTP Request: POST https://vps.lpzproxy.xyz/v1/chat/completions "HTTP/1.1 429 Too Many Requests"
2026-09-14 21:55:58,049 INFO HTTP Request: POST https://vps.lpzproxy.xyz/v1/chat/completions "HTTP/1.1 429 Too Many Requests"
2026-09-14 21:55:58,119 INFO HTTP Request: POST https://vps.lpzproxy.xyz/v1/chat/completions "HTTP/1.1 429 Too Many Requests"
2026-09-14 21:55:58,120 ERROR judge job failed after retries: API request failed after retries: retryable HTTP 429: {"error":{"code":"model_cooldown","message":"All credentials for model gemini-3.7-flash-high are cooling down via provider antigravity","model":"gemini-3.7-flash-high","provider":"antigravity","reset_
2026-09-14 21:55:58,163 INFO HTTP Request: POST https://vps.lpzproxy.xyz/v1/chat/completions "HTTP/1.1 429 Too Many Requests"
2026-09-14 21:55:58,175 INFO HTTP Request: POST https://vps.lpzproxy.xyz/v1/chat/completions "HTTP/1.1 429 Too Many Requests"
2026-09-14 21:55:58,257 INFO HTTP Request: POST https://vps.lpzproxy.xyz/v1/chat/completions "HTTP/1.1 429 Too Many Requests"
2026-09-14 21:55:58,279 INFO HTTP Request: POST https://vps.lpzproxy.xyz/v1/chat/completions "HTTP/1.1 429 Too Many Requests"
2026-09-14 21:55:58,329 INFO HTTP Request: POST https://vps.lpzproxy.xyz/v1/chat/completions "HTTP/1.1 429 Too Many Requests"
2026-09-14 21:55:58,332 INFO HTTP Request: POST https://vps.lpzproxy.xyz/v1/chat/completions "HTTP/1.1 429 Too Many Requests"
2026-09-14 21:55:58,369 INFO HTTP Request: POST https://vps.lpzproxy.xyz/v1/chat/completions "HTTP/1.1 429 Too Many Requests"
2026-09-14 21:55:58,401 INFO HTTP Request: POST https://vps.lpzproxy.xyz/v1/chat/completions "HTTP/1.1 429 Too Many Requests"
2026-09-14 21:55:58,472 INFO HTTP Request: POST https://vps.lpzproxy.xyz/v1/chat/completions "HTTP/1.1 429 Too Many Requests"
2026-09-14 21:55:58,522 INFO HTTP Request: POST https://vps.lpzproxy.xyz/v1/chat/completions "HTTP/1.1 429 Too Many Requests"
2026-09-14 21:55:58,566 INFO HTTP Request: POST https://vps.lpzproxy.xyz/v1/chat/completions "HTTP/1.1 429 Too Many Requests"
2026-09-14 21:55:58,573 INFO HTTP Request: POST https://vps.lpzproxy.xyz/v1/chat/completions "HTTP/1.1 429 Too Many Requests"
2026-09-14 21:55:58,713 INFO HTTP Request: POST https://vps.lpzproxy.xyz/v1/chat/completions "HTTP/1.1 429 Too Many Requests"
2026-09-14 21:55:58,725 INFO HTTP Request: POST https://vps.lpzproxy.xyz/v1/chat/completions "HTTP/1.1 429 Too Many Requests"
2026-09-14 21:55:58,773 INFO HTTP Request: POST https://vps.lpzproxy.xyz/v1/chat/completions "HTTP/1.1 429 Too Many Requests"
2026-09-14 21:55:58,843 INFO HTTP Request: POST https://vps.lpzproxy.xyz/v1/chat/completions "HTTP/1.1 429 Too Many Requests"
2026-09-14 21:55:58,920 INFO HTTP Request: POST https://vps.lpzproxy.xyz/v1/chat/completions "HTTP/1.1 429 Too Many Requests"
2026-09-14 21:55:59,191 INFO HTTP Request: POST https://vps.lpzproxy.xyz/v1/chat/completions "HTTP/1.1 429 Too Many Requests"
2026-09-14 21:55:59,279 INFO HTTP Request: POST https://vps.lpzproxy.xyz/v1/chat/completions "HTTP/1.1 429 Too Many Requests"
2026-09-14 21:55:59,295 INFO HTTP Request: POST https://vps.lpzproxy.xyz/v1/chat/completions "HTTP/1.1 429 Too Many Requests"
2026-09-14 21:55:59,367 INFO HTTP Request: POST https://vps.lpzproxy.xyz/v1/chat/completions "HTTP/1.1 429 Too Many Requests"
2026-09-14 21:55:59,419 INFO HTTP Request: POST https://vps.lpzproxy.xyz/v1/chat/completions "HTTP/1.1 429 Too Many Requests"
2026-09-14 21:55:59,512 INFO HTTP Request: POST https://vps.lpzproxy.xyz/v1/chat/completions "HTTP/1.1 429 Too Many Requests"
2026-09-14 21:55:59,524 INFO HTTP Request: POST https://vps.lpzproxy.xyz/v1/chat/completions "HTTP/1.1 429 Too Many Requests"
2026-09-14 21:55:59,898 INFO HTTP Request: POST https://vps.lpzproxy.xyz/v1/chat/completions "HTTP/1.1 429 Too Many Requests"
2026-09-14 21:56:00,085 INFO HTTP Request: POST https://vps.lpzproxy.xyz/v1/chat/completions "HTTP/1.1 429 Too Many Requests"
2026-09-14 21:56:00,258 INFO HTTP Request: POST https://vps.lpzproxy.xyz/v1/chat/completions "HTTP/1.1 429 Too Many Requests"
2026-09-14 21:56:00,309 INFO HTTP Request: POST https://vps.lpzproxy.xyz/v1/chat/completions "HTTP/1.1 429 Too Many Requests"
2026-09-14 21:56:00,738 INFO HTTP Request: POST https://vps.lpzproxy.xyz/v1/chat/completions "HTTP/1.1 429 Too Many Requests"
2026-09-14 21:56:00,937 INFO HTTP Request: POST https://vps.lpzproxy.xyz/v1/chat/completions "HTTP/1.1 429 Too Many Requests"
2026-09-14 21:56:01,038 INFO HTTP Request: POST https://vps.lpzproxy.xyz/v1/chat/completions "HTTP/1.1 429 Too Many Requests"
2026-09-14 21:56:01,350 INFO HTTP Request: POST https://vps.lpzproxy.xyz/v1/chat/completions "HTTP/1.1 429 Too Many Requests"
2026-09-14 21:56:01,356 INFO HTTP Request: POST https://vps.lpzproxy.xyz/v1/chat/completions "HTTP/1.1 429 Too Many Requests"
2026-09-14 21:56:01,447 INFO HTTP Request: POST https://vps.lpzproxy.xyz/v1/chat/completions "HTTP/1.1 429 Too Many Requests"
2026-09-14 21:56:01,574 INFO HTTP Request: POST https://vps.lpzproxy.xyz/v1/chat/completions "HTTP/1.1 429 Too Many Requests"
2026-09-14 21:56:01,598 INFO HTTP Request: POST https://vps.lpzproxy.xyz/v1/chat/completions "HTTP/1.1 429 Too Many Requests"
2026-09-14 21:56:01,674 INFO HTTP Request: POST https://vps.lpzproxy.xyz/v1/chat/completions "HTTP/1.1 429 Too Many Requests"
2026-09-14 21:56:01,696 INFO HTTP Request: POST https://vps.lpzproxy.xyz/v1/chat/completions "HTTP/1.1 429 Too Many Requests"
2026-09-14 21:56:02,003 INFO HTTP Request: POST https://vps.lpzproxy.xyz/v1/chat/completions "HTTP/1.1 429 Too Many Requests"
2026-09-14 21:56:02,045 INFO HTTP Request: POST https://vps.lpzproxy.xyz/v1/chat/completions "HTTP/1.1 429 Too Many Requests"
2026-09-14 21:56:02,060 INFO HTTP Request: POST https://vps.lpzproxy.xyz/v1/chat/completions "HTTP/1.1 429 Too Many Requests"
2026-09-14 21:56:02,083 INFO HTTP Request: POST https://vps.lpzproxy.xyz/v1/chat/completions "HTTP/1.1 429 Too Many Requests"
2026-09-14 21:56:02,150 INFO HTTP Request: POST https://vps.lpzproxy.xyz/v1/chat/completions "HTTP/1.1 429 Too Many Requests"
2026-09-14 21:56:02,189 INFO HTTP Request: POST https://vps.lpzproxy.xyz/v1/chat/completions "HTTP/1.1 429 Too Many Requests"
2026-09-14 21:56:02,243 INFO HTTP Request: POST https://vps.lpzproxy.xyz/v1/chat/completions "HTTP/1.1 429 Too Many Requests"
2026-09-14 21:56:02,571 INFO HTTP Request: POST https://vps.lpzproxy.xyz/v1/chat/completions "HTTP/1.1 429 Too Many Requests"
2026-09-14 21:56:02,609 INFO HTTP Request: POST https://vps.lpzproxy.xyz/v1/chat/completions "HTTP/1.1 429 Too Many Requests"
2026-09-14 21:56:02,632 INFO HTTP Request: POST https://vps.lpzproxy.xyz/v1/chat/completions "HTTP/1.1 429 Too Many Requests"
2026-09-14 21:56:02,711 INFO HTTP Request: POST https://vps.lpzproxy.xyz/v1/chat/completions "HTTP/1.1 429 Too Many Requests"
2026-09-14 21:56:02,786 INFO HTTP Request: POST https://vps.lpzproxy.xyz/v1/chat/completions "HTTP/1.1 429 Too Many Requests"
2026-09-14 21:56:03,083 INFO HTTP Request: POST https://vps.lpzproxy.xyz/v1/chat/completions "HTTP/1.1 429 Too Many Requests"
2026-09-14 21:56:03,276 INFO HTTP Request: POST https://vps.lpzproxy.xyz/v1/chat/completions "HTTP/1.1 429 Too Many Requests"
2026-09-14 21:56:03,388 INFO HTTP Request: POST https://vps.lpzproxy.xyz/v1/chat/completions "HTTP/1.1 429 Too Many Requests"
2026-09-14 21:56:03,434 INFO HTTP Request: POST https://vps.lpzproxy.xyz/v1/chat/completions "HTTP/1.1 429 Too Many Requests"
2026-09-14 21:56:03,504 INFO HTTP Request: POST https://vps.lpzproxy.xyz/v1/chat/completions "HTTP/1.1 429 Too Many Requests"
2026-09-14 21:56:03,658 INFO HTTP Request: POST https://vps.lpzproxy.xyz/v1/chat/completions "HTTP/1.1 429 Too Many Requests"
2026-09-14 21:56:03,669 INFO HTTP Request: POST https://vps.lpzproxy.xyz/v1/chat/completions "HTTP/1.1 429 Too Many Requests"
2026-09-14 21:56:03,720 INFO HTTP Request: POST https://vps.lpzproxy.xyz/v1/chat/completions "HTTP/1.1 429 Too Many Requests"
2026-09-14 21:56:03,768 INFO HTTP Request: POST https://vps.lpzproxy.xyz/v1/chat/completions "HTTP/1.1 429 Too Many Requests"
2026-09-14 21:56:03,831 INFO HTTP Request: POST https://vps.lpzproxy.xyz/v1/chat/completions "HTTP/1.1 429 Too Many Requests"
2026-09-14 21:56:04,010 INFO HTTP Request: POST https://vps.lpzproxy.xyz/v1/chat/completions "HTTP/1.1 429 Too Many Requests"
2026-09-14 21:56:04,181 INFO HTTP Request: POST https://vps.lpzproxy.xyz/v1/chat/completions "HTTP/1.1 429 Too Many Requests"
2026-09-14 21:56:04,231 INFO HTTP Request: POST https://vps.lpzproxy.xyz/v1/chat/completions "HTTP/1.1 429 Too Many Requests"
2026-09-14 21:56:04,286 INFO HTTP Request: POST https://vps.lpzproxy.xyz/v1/chat/completions "HTTP/1.1 429 Too Many Requests"
2026-09-14 21:56:04,681 INFO HTTP Request: POST https://vps.lpzproxy.xyz/v1/chat/completions "HTTP/1.1 429 Too Many Requests"
2026-09-14 21:56:04,761 INFO HTTP Request: POST https://vps.lpzproxy.xyz/v1/chat/completions "HTTP/1.1 429 Too Many Requests"
2026-09-14 21:56:04,784 INFO HTTP Request: POST https://vps.lpzproxy.xyz/v1/chat/completions "HTTP/1.1 429 Too Many Requests"
2026-09-14 21:56:05,213 INFO HTTP Request: POST https://vps.lpzproxy.xyz/v1/chat/completions "HTTP/1.1 429 Too Many Requests"
2026-09-14 21:56:05,609 INFO HTTP Request: POST https://vps.lpzproxy.xyz/v1/chat/completions "HTTP/1.1 429 Too Many Requests"
2026-09-14 21:56:06,086 INFO HTTP Request: POST https://vps.lpzproxy.xyz/v1/chat/completions "HTTP/1.1 429 Too Many Requests"
2026-09-14 21:56:06,405 INFO HTTP Request: POST https://vps.lpzproxy.xyz/v1/chat/completions "HTTP/1.1 429 Too Many Requests"
2026-09-14 21:56:06,408 INFO HTTP Request: POST https://vps.lpzproxy.xyz/v1/chat/completions "HTTP/1.1 429 Too Many Requests"
2026-09-14 21:56:06,421 INFO HTTP Request: POST https://vps.lpzproxy.xyz/v1/chat/completions "HTTP/1.1 429 Too Many Requests"
2026-09-14 21:56:06,520 INFO HTTP Request: POST https://vps.lpzproxy.xyz/v1/chat/completions "HTTP/1.1 429 Too Many Requests"
2026-09-14 21:56:06,775 INFO HTTP Request: POST https://vps.lpzproxy.xyz/v1/chat/completions "HTTP/1.1 429 Too Many Requests"
2026-09-14 21:56:06,788 INFO HTTP Request: POST https://vps.lpzproxy.xyz/v1/chat/completions "HTTP/1.1 429 Too Many Requests"
2026-09-14 21:56:06,797 INFO HTTP Request: POST https://vps.lpzproxy.xyz/v1/chat/completions "HTTP/1.1 429 Too Many Requests"
2026-09-14 21:56:07,070 INFO HTTP Request: POST https://vps.lpzproxy.xyz/v1/chat/completions "HTTP/1.1 429 Too Many Requests"
2026-09-14 21:56:07,456 INFO HTTP Request: POST https://vps.lpzproxy.xyz/v1/chat/completions "HTTP/1.1 429 Too Many Requests"
2026-09-14 21:56:07,458 INFO HTTP Request: POST https://vps.lpzproxy.xyz/v1/chat/completions "HTTP/1.1 429 Too Many Requests"
2026-09-14 21:56:09,112 INFO HTTP Request: POST https://vps.lpzproxy.xyz/v1/chat/completions "HTTP/1.1 429 Too Many Requests"
2026-09-14 21:56:09,159 INFO HTTP Request: POST https://vps.lpzproxy.xyz/v1/chat/completions "HTTP/1.1 429 Too Many Requests"
2026-09-14 21:56:10,854 INFO HTTP Request: POST https://vps.lpzproxy.xyz/v1/chat/completions "HTTP/1.1 429 Too Many Requests"
2026-09-14 21:56:10,856 ERROR judge job failed after retries: API request failed after retries: retryable HTTP 429: {"error":{"code":"model_cooldown","message":"All credentials for model gemini-3.7-flash-high are cooling down via provider antigravity","model":"gemini-3.7-flash-high","provider":"antigravity","reset_
2026-09-14 21:56:11,125 INFO HTTP Request: POST https://vps.lpzproxy.xyz/v1/chat/completions "HTTP/1.1 429 Too Many Requests"
2026-09-14 21:56:11,126 ERROR judge job failed after retries: API request failed after retries: retryable HTTP 429: {"error":{"code":"model_cooldown","message":"All credentials for model gemini-3.7-flash-high are cooling down via provider antigravity","model":"gemini-3.7-flash-high","provider":"antigravity","reset_
2026-09-14 21:56:11,684 INFO HTTP Request: POST https://vps.lpzproxy.xyz/v1/chat/completions "HTTP/1.1 429 Too Many Requests"
2026-09-14 21:56:11,684 ERROR judge job failed after retries: API request failed after retries: retryable HTTP 429: {"error":{"code":"model_cooldown","message":"All credentials for model gemini-3.7-flash-high are cooling down via provider antigravity","model":"gemini-3.7-flash-high","provider":"antigravity","reset_
2026-09-14 21:56:11,799 INFO HTTP Request: POST https://vps.lpzproxy.xyz/v1/chat/completions "HTTP/1.1 429 Too Many Requests"
2026-09-14 21:56:11,799 ERROR judge job failed after retries: API request failed after retries: retryable HTTP 429: {"error":{"code":"model_cooldown","message":"All credentials for model gemini-3.7-flash-high are cooling down via provider antigravity","model":"gemini-3.7-flash-high","provider":"antigravity","reset_
2026-09-14 21:56:11,861 INFO HTTP Request: POST https://vps.lpzproxy.xyz/v1/chat/completions "HTTP/1.1 429 Too Many Requests"
2026-09-14 21:56:11,862 ERROR judge job failed after retries: API request failed after retries: retryable HTTP 429: {"error":{"code":"model_cooldown","message":"All credentials for model gemini-3.7-flash-high are cooling down via provider antigravity","model":"gemini-3.7-flash-high","provider":"antigravity","reset_
2026-09-14 21:56:12,062 INFO HTTP Request: POST https://vps.lpzproxy.xyz/v1/chat/completions "HTTP/1.1 429 Too Many Requests"
2026-09-14 21:56:12,063 ERROR judge job failed after retries: API request failed after retries: retryable HTTP 429: {"error":{"code":"model_cooldown","message":"All credentials for model gemini-3.7-flash-high are cooling down via provider antigravity","model":"gemini-3.7-flash-high","provider":"antigravity","reset_
2026-09-14 21:56:12,201 INFO HTTP Request: POST https://vps.lpzproxy.xyz/v1/chat/completions "HTTP/1.1 429 Too Many Requests"
2026-09-14 21:56:12,202 ERROR judge job failed after retries: API request failed after retries: retryable HTTP 429: {"error":{"code":"model_cooldown","message":"All credentials for model gemini-3.7-flash-high are cooling down via provider antigravity","model":"gemini-3.7-flash-high","provider":"antigravity","reset_
2026-09-14 21:56:12,230 INFO HTTP Request: POST https://vps.lpzproxy.xyz/v1/chat/completions "HTTP/1.1 429 Too Many Requests"
2026-09-14 21:56:12,519 INFO HTTP Request: POST https://vps.lpzproxy.xyz/v1/chat/completions "HTTP/1.1 429 Too Many Requests"
2026-09-14 21:56:12,520 INFO HTTP Request: POST https://vps.lpzproxy.xyz/v1/chat/completions "HTTP/1.1 429 Too Many Requests"
2026-09-14 21:56:12,521 ERROR judge job failed after retries: API request failed after retries: retryable HTTP 429: {"error":{"code":"model_cooldown","message":"All credentials for model gemini-3.7-flash-high are cooling down via provider antigravity","model":"gemini-3.7-flash-high","provider":"antigravity","reset_
2026-09-14 21:56:12,740 INFO HTTP Request: POST https://vps.lpzproxy.xyz/v1/chat/completions "HTTP/1.1 429 Too Many Requests"
2026-09-14 21:56:12,741 ERROR judge job failed after retries: API request failed after retries: retryable HTTP 429: {"error":{"code":"model_cooldown","message":"All credentials for model gemini-3.7-flash-high are cooling down via provider antigravity","model":"gemini-3.7-flash-high","provider":"antigravity","reset_
2026-09-14 21:56:12,888 INFO HTTP Request: POST https://vps.lpzproxy.xyz/v1/chat/completions "HTTP/1.1 429 Too Many Requests"
2026-09-14 21:56:12,889 ERROR judge job failed after retries: API request failed after retries: retryable HTTP 429: {"error":{"code":"model_cooldown","message":"All credentials for model gemini-3.7-flash-high are cooling down via provider antigravity","model":"gemini-3.7-flash-high","provider":"antigravity","reset_
2026-09-14 21:56:12,908 INFO HTTP Request: POST https://vps.lpzproxy.xyz/v1/chat/completions "HTTP/1.1 429 Too Many Requests"
2026-09-14 21:56:12,908 ERROR judge job failed after retries: API request failed after retries: retryable HTTP 429: {"error":{"code":"model_cooldown","message":"All credentials for model gemini-3.7-flash-high are cooling down via provider antigravity","model":"gemini-3.7-flash-high","provider":"antigravity","reset_
2026-09-14 21:56:13,083 INFO HTTP Request: POST https://vps.lpzproxy.xyz/v1/chat/completions "HTTP/1.1 429 Too Many Requests"
2026-09-14 21:56:13,125 INFO HTTP Request: POST https://vps.lpzproxy.xyz/v1/chat/completions "HTTP/1.1 429 Too Many Requests"
2026-09-14 21:56:13,126 ERROR judge job failed after retries: API request failed after retries: retryable HTTP 429: {"error":{"code":"model_cooldown","message":"All credentials for model gemini-3.7-flash-high are cooling down via provider antigravity","model":"gemini-3.7-flash-high","provider":"antigravity","reset_
2026-09-14 21:56:13,173 INFO HTTP Request: POST https://vps.lpzproxy.xyz/v1/chat/completions "HTTP/1.1 429 Too Many Requests"
2026-09-14 21:56:13,271 INFO HTTP Request: POST https://vps.lpzproxy.xyz/v1/chat/completions "HTTP/1.1 429 Too Many Requests"
2026-09-14 21:56:13,292 INFO HTTP Request: POST https://vps.lpzproxy.xyz/v1/chat/completions "HTTP/1.1 429 Too Many Requests"
2026-09-14 21:56:13,293 ERROR judge job failed after retries: API request failed after retries: retryable HTTP 429: {"error":{"code":"model_cooldown","message":"All credentials for model gemini-3.7-flash-high are cooling down via provider antigravity","model":"gemini-3.7-flash-high","provider":"antigravity","reset_
2026-09-14 21:56:13,403 INFO HTTP Request: POST https://vps.lpzproxy.xyz/v1/chat/completions "HTTP/1.1 429 Too Many Requests"
2026-09-14 21:56:13,404 ERROR judge job failed after retries: API request failed after retries: retryable HTTP 429: {"error":{"code":"model_cooldown","message":"All credentials for model gemini-3.7-flash-high are cooling down via provider antigravity","model":"gemini-3.7-flash-high","provider":"antigravity","reset_
2026-09-14 21:56:13,423 INFO HTTP Request: POST https://vps.lpzproxy.xyz/v1/chat/completions "HTTP/1.1 429 Too Many Requests"
2026-09-14 21:56:13,424 ERROR judge job failed after retries: API request failed after retries: retryable HTTP 429: {"error":{"code":"model_cooldown","message":"All credentials for model gemini-3.7-flash-high are cooling down via provider antigravity","model":"gemini-3.7-flash-high","provider":"antigravity","reset_
2026-09-14 21:56:13,429 INFO HTTP Request: POST https://vps.lpzproxy.xyz/v1/chat/completions "HTTP/1.1 429 Too Many Requests"
2026-09-14 21:56:13,430 ERROR judge job failed after retries: API request failed after retries: retryable HTTP 429: {"error":{"code":"model_cooldown","message":"All credentials for model gemini-3.7-flash-high are cooling down via provider antigravity","model":"gemini-3.7-flash-high","provider":"antigravity","reset_
2026-09-14 21:56:13,465 INFO HTTP Request: POST https://vps.lpzproxy.xyz/v1/chat/completions "HTTP/1.1 429 Too Many Requests"
2026-09-14 21:56:13,501 INFO HTTP Request: POST https://vps.lpzproxy.xyz/v1/chat/completions "HTTP/1.1 429 Too Many Requests"
2026-09-14 21:56:13,501 ERROR judge job failed after retries: API request failed after retries: retryable HTTP 429: {"error":{"code":"model_cooldown","message":"All credentials for model gemini-3.7-flash-high are cooling down via provider antigravity","model":"gemini-3.7-flash-high","provider":"antigravity","reset_
2026-09-14 21:56:13,605 INFO HTTP Request: POST https://vps.lpzproxy.xyz/v1/chat/completions "HTTP/1.1 429 Too Many Requests"
2026-09-14 21:56:13,700 INFO HTTP Request: POST https://vps.lpzproxy.xyz/v1/chat/completions "HTTP/1.1 429 Too Many Requests"
2026-09-14 21:56:13,701 ERROR judge job failed after retries: API request failed after retries: retryable HTTP 429: {"error":{"code":"model_cooldown","message":"All credentials for model gemini-3.7-flash-high are cooling down via provider antigravity","model":"gemini-3.7-flash-high","provider":"antigravity","reset_
2026-09-14 21:56:13,818 INFO HTTP Request: POST https://vps.lpzproxy.xyz/v1/chat/completions "HTTP/1.1 429 Too Many Requests"
2026-09-14 21:56:13,819 ERROR judge job failed after retries: API request failed after retries: retryable HTTP 429: {"error":{"code":"model_cooldown","message":"All credentials for model gemini-3.7-flash-high are cooling down via provider antigravity","model":"gemini-3.7-flash-high","provider":"antigravity","reset_
2026-09-14 21:56:13,827 INFO HTTP Request: POST https://vps.lpzproxy.xyz/v1/chat/completions "HTTP/1.1 429 Too Many Requests"
2026-09-14 21:56:13,828 ERROR judge job failed after retries: API request failed after retries: retryable HTTP 429: {"error":{"code":"model_cooldown","message":"All credentials for model gemini-3.7-flash-high are cooling down via provider antigravity","model":"gemini-3.7-flash-high","provider":"antigravity","reset_
2026-09-14 21:56:13,905 INFO HTTP Request: POST https://vps.lpzproxy.xyz/v1/chat/completions "HTTP/1.1 429 Too Many Requests"
2026-09-14 21:56:14,026 INFO HTTP Request: POST https://vps.lpzproxy.xyz/v1/chat/completions "HTTP/1.1 429 Too Many Requests"
2026-09-14 21:56:14,027 ERROR judge job failed after retries: API request failed after retries: retryable HTTP 429: {"error":{"code":"model_cooldown","message":"All credentials for model gemini-3.7-flash-high are cooling down via provider antigravity","model":"gemini-3.7-flash-high","provider":"antigravity","reset_
2026-09-14 21:56:14,158 INFO HTTP Request: POST https://vps.lpzproxy.xyz/v1/chat/completions "HTTP/1.1 429 Too Many Requests"
2026-09-14 21:56:14,158 ERROR judge job failed after retries: API request failed after retries: retryable HTTP 429: {"error":{"code":"model_cooldown","message":"All credentials for model gemini-3.7-flash-high are cooling down via provider antigravity","model":"gemini-3.7-flash-high","provider":"antigravity","reset_
2026-09-14 21:56:14,168 INFO HTTP Request: POST https://vps.lpzproxy.xyz/v1/chat/completions "HTTP/1.1 429 Too Many Requests"
2026-09-14 21:56:14,303 INFO HTTP Request: POST https://vps.lpzproxy.xyz/v1/chat/completions "HTTP/1.1 429 Too Many Requests"
2026-09-14 21:56:14,338 INFO HTTP Request: POST https://vps.lpzproxy.xyz/v1/chat/completions "HTTP/1.1 429 Too Many Requests"
2026-09-14 21:56:14,459 INFO HTTP Request: POST https://vps.lpzproxy.xyz/v1/chat/completions "HTTP/1.1 429 Too Many Requests"
2026-09-14 21:56:14,543 INFO HTTP Request: POST https://vps.lpzproxy.xyz/v1/chat/completions "HTTP/1.1 429 Too Many Requests"
2026-09-14 21:56:14,551 INFO HTTP Request: POST https://vps.lpzproxy.xyz/v1/chat/completions "HTTP/1.1 429 Too Many Requests"
2026-09-14 21:56:14,552 ERROR judge job failed after retries: API request failed after retries: retryable HTTP 429: {"error":{"code":"model_cooldown","message":"All credentials for model gemini-3.7-flash-high are cooling down via provider antigravity","model":"gemini-3.7-flash-high","provider":"antigravity","reset_
2026-09-14 21:56:14,557 INFO HTTP Request: POST https://vps.lpzproxy.xyz/v1/chat/completions "HTTP/1.1 429 Too Many Requests"
2026-09-14 21:56:14,558 ERROR judge job failed after retries: API request failed after retries: retryable HTTP 429: {"error":{"code":"model_cooldown","message":"All credentials for model gemini-3.7-flash-high are cooling down via provider antigravity","model":"gemini-3.7-flash-high","provider":"antigravity","reset_
2026-09-14 21:56:14,601 INFO HTTP Request: POST https://vps.lpzproxy.xyz/v1/chat/completions "HTTP/1.1 429 Too Many Requests"
2026-09-14 21:56:14,705 INFO HTTP Request: POST https://vps.lpzproxy.xyz/v1/chat/completions "HTTP/1.1 429 Too Many Requests"
2026-09-14 21:56:14,748 INFO HTTP Request: POST https://vps.lpzproxy.xyz/v1/chat/completions "HTTP/1.1 429 Too Many Requests"
2026-09-14 21:56:14,826 INFO HTTP Request: POST https://vps.lpzproxy.xyz/v1/chat/completions "HTTP/1.1 429 Too Many Requests"
2026-09-14 21:56:14,855 INFO HTTP Request: POST https://vps.lpzproxy.xyz/v1/chat/completions "HTTP/1.1 429 Too Many Requests"
2026-09-14 21:56:14,863 INFO HTTP Request: POST https://vps.lpzproxy.xyz/v1/chat/completions "HTTP/1.1 429 Too Many Requests"
2026-09-14 21:56:14,961 INFO HTTP Request: POST https://vps.lpzproxy.xyz/v1/chat/completions "HTTP/1.1 429 Too Many Requests"
2026-09-14 21:56:15,051 INFO HTTP Request: POST https://vps.lpzproxy.xyz/v1/chat/completions "HTTP/1.1 429 Too Many Requests"
2026-09-14 21:56:15,052 ERROR judge job failed after retries: API request failed after retries: retryable HTTP 429: {"error":{"code":"model_cooldown","message":"All credentials for model gemini-3.7-flash-high are cooling down via provider antigravity","model":"gemini-3.7-flash-high","provider":"antigravity","reset_
2026-09-14 21:56:15,095 INFO HTTP Request: POST https://vps.lpzproxy.xyz/v1/chat/completions "HTTP/1.1 429 Too Many Requests"
2026-09-14 21:56:15,095 ERROR judge job failed after retries: API request failed after retries: retryable HTTP 429: {"error":{"code":"model_cooldown","message":"All credentials for model gemini-3.7-flash-high are cooling down via provider antigravity","model":"gemini-3.7-flash-high","provider":"antigravity","reset_
2026-09-14 21:56:15,105 INFO HTTP Request: POST https://vps.lpzproxy.xyz/v1/chat/completions "HTTP/1.1 429 Too Many Requests"
2026-09-14 21:56:15,178 INFO HTTP Request: POST https://vps.lpzproxy.xyz/v1/chat/completions "HTTP/1.1 429 Too Many Requests"
2026-09-14 21:56:15,219 INFO HTTP Request: POST https://vps.lpzproxy.xyz/v1/chat/completions "HTTP/1.1 429 Too Many Requests"
2026-09-14 21:56:15,352 INFO HTTP Request: POST https://vps.lpzproxy.xyz/v1/chat/completions "HTTP/1.1 429 Too Many Requests"
2026-09-14 21:56:15,380 INFO HTTP Request: POST https://vps.lpzproxy.xyz/v1/chat/completions "HTTP/1.1 429 Too Many Requests"
2026-09-14 21:56:15,380 ERROR judge job failed after retries: API request failed after retries: retryable HTTP 429: {"error":{"code":"model_cooldown","message":"All credentials for model gemini-3.7-flash-high are cooling down via provider antigravity","model":"gemini-3.7-flash-high","provider":"antigravity","reset_
2026-09-14 21:56:15,465 INFO HTTP Request: POST https://vps.lpzproxy.xyz/v1/chat/completions "HTTP/1.1 429 Too Many Requests"
2026-09-14 21:56:15,490 INFO HTTP Request: POST https://vps.lpzproxy.xyz/v1/chat/completions "HTTP/1.1 429 Too Many Requests"
2026-09-14 21:56:15,543 INFO HTTP Request: POST https://vps.lpzproxy.xyz/v1/chat/completions "HTTP/1.1 429 Too Many Requests"
2026-09-14 21:56:15,559 INFO HTTP Request: POST https://vps.lpzproxy.xyz/v1/chat/completions "HTTP/1.1 429 Too Many Requests"
2026-09-14 21:56:15,602 INFO HTTP Request: POST https://vps.lpzproxy.xyz/v1/chat/completions "HTTP/1.1 429 Too Many Requests"
2026-09-14 21:56:15,702 INFO HTTP Request: POST https://vps.lpzproxy.xyz/v1/chat/completions "HTTP/1.1 429 Too Many Requests"
2026-09-14 21:56:15,703 ERROR judge job failed after retries: API request failed after retries: retryable HTTP 429: {"error":{"code":"model_cooldown","message":"All credentials for model gemini-3.7-flash-high are cooling down via provider antigravity","model":"gemini-3.7-flash-high","provider":"antigravity","reset_
2026-09-14 21:56:15,825 INFO HTTP Request: POST https://vps.lpzproxy.xyz/v1/chat/completions "HTTP/1.1 429 Too Many Requests"
2026-09-14 21:56:15,930 INFO HTTP Request: POST https://vps.lpzproxy.xyz/v1/chat/completions "HTTP/1.1 429 Too Many Requests"
2026-09-14 21:56:15,931 ERROR judge job failed after retries: API request failed after retries: retryable HTTP 429: {"error":{"code":"model_cooldown","message":"All credentials for model gemini-3.7-flash-high are cooling down via provider antigravity","model":"gemini-3.7-flash-high","provider":"antigravity","reset_
2026-09-14 21:56:15,944 INFO HTTP Request: POST https://vps.lpzproxy.xyz/v1/chat/completions "HTTP/1.1 429 Too Many Requests"
2026-09-14 21:56:15,962 INFO HTTP Request: POST https://vps.lpzproxy.xyz/v1/chat/completions "HTTP/1.1 429 Too Many Requests"
2026-09-14 21:56:16,090 INFO HTTP Request: POST https://vps.lpzproxy.xyz/v1/chat/completions "HTTP/1.1 429 Too Many Requests"
2026-09-14 21:56:16,178 INFO HTTP Request: POST https://vps.lpzproxy.xyz/v1/chat/completions "HTTP/1.1 429 Too Many Requests"
2026-09-14 21:56:16,179 ERROR judge job failed after retries: API request failed after retries: retryable HTTP 429: {"error":{"code":"model_cooldown","message":"All credentials for model gemini-3.7-flash-high are cooling down via provider antigravity","model":"gemini-3.7-flash-high","provider":"antigravity","reset_
2026-09-14 21:56:16,359 INFO HTTP Request: POST https://vps.lpzproxy.xyz/v1/chat/completions "HTTP/1.1 429 Too Many Requests"
2026-09-14 21:56:16,390 INFO HTTP Request: POST https://vps.lpzproxy.xyz/v1/chat/completions "HTTP/1.1 429 Too Many Requests"
2026-09-14 21:56:16,391 INFO HTTP Request: POST https://vps.lpzproxy.xyz/v1/chat/completions "HTTP/1.1 429 Too Many Requests"
2026-09-14 21:56:16,391 ERROR judge job failed after retries: API request failed after retries: retryable HTTP 429: {"error":{"code":"model_cooldown","message":"All credentials for model gemini-3.7-flash-high are cooling down via provider antigravity","model":"gemini-3.7-flash-high","provider":"antigravity","reset_
2026-09-14 21:56:16,478 INFO HTTP Request: POST https://vps.lpzproxy.xyz/v1/chat/completions "HTTP/1.1 429 Too Many Requests"
2026-09-14 21:56:16,487 INFO HTTP Request: POST https://vps.lpzproxy.xyz/v1/chat/completions "HTTP/1.1 429 Too Many Requests"
2026-09-14 21:56:16,495 INFO HTTP Request: POST https://vps.lpzproxy.xyz/v1/chat/completions "HTTP/1.1 429 Too Many Requests"
2026-09-14 21:56:16,679 INFO HTTP Request: POST https://vps.lpzproxy.xyz/v1/chat/completions "HTTP/1.1 429 Too Many Requests"
2026-09-14 21:56:16,714 INFO HTTP Request: POST https://vps.lpzproxy.xyz/v1/chat/completions "HTTP/1.1 429 Too Many Requests"
2026-09-14 21:56:16,734 INFO HTTP Request: POST https://vps.lpzproxy.xyz/v1/chat/completions "HTTP/1.1 429 Too Many Requests"
2026-09-14 21:56:16,735 ERROR judge job failed after retries: API request failed after retries: retryable HTTP 429: {"error":{"code":"model_cooldown","message":"All credentials for model gemini-3.7-flash-high are cooling down via provider antigravity","model":"gemini-3.7-flash-high","provider":"antigravity","reset_
2026-09-14 21:56:16,773 INFO HTTP Request: POST https://vps.lpzproxy.xyz/v1/chat/completions "HTTP/1.1 429 Too Many Requests"
2026-09-14 21:56:16,774 ERROR judge job failed after retries: API request failed after retries: retryable HTTP 429: {"error":{"code":"model_cooldown","message":"All credentials for model gemini-3.7-flash-high are cooling down via provider antigravity","model":"gemini-3.7-flash-high","provider":"antigravity","reset_
2026-09-14 21:56:16,787 INFO HTTP Request: POST https://vps.lpzproxy.xyz/v1/chat/completions "HTTP/1.1 429 Too Many Requests"
2026-09-14 21:56:16,898 INFO HTTP Request: POST https://vps.lpzproxy.xyz/v1/chat/completions "HTTP/1.1 429 Too Many Requests"
2026-09-14 21:56:16,899 ERROR judge job failed after retries: API request failed after retries: retryable HTTP 429: {"error":{"code":"model_cooldown","message":"All credentials for model gemini-3.7-flash-high are cooling down via provider antigravity","model":"gemini-3.7-flash-high","provider":"antigravity","reset_
2026-09-14 21:56:16,903 INFO HTTP Request: POST https://vps.lpzproxy.xyz/v1/chat/completions "HTTP/1.1 429 Too Many Requests"
2026-09-14 21:56:16,904 ERROR judge job failed after retries: API request failed after retries: retryable HTTP 429: {"error":{"code":"model_cooldown","message":"All credentials for model gemini-3.7-flash-high are cooling down via provider antigravity","model":"gemini-3.7-flash-high","provider":"antigravity","reset_
2026-09-14 21:56:16,919 INFO HTTP Request: POST https://vps.lpzproxy.xyz/v1/chat/completions "HTTP/1.1 429 Too Many Requests"
2026-09-14 21:56:16,919 INFO HTTP Request: POST https://vps.lpzproxy.xyz/v1/chat/completions "HTTP/1.1 429 Too Many Requests"
2026-09-14 21:56:16,920 ERROR judge job failed after retries: API request failed after retries: retryable HTTP 429: {"error":{"code":"model_cooldown","message":"All credentials for model gemini-3.7-flash-high are cooling down via provider antigravity","model":"gemini-3.7-flash-high","provider":"antigravity","reset_
2026-09-14 21:56:16,920 ERROR judge job failed after retries: API request failed after retries: retryable HTTP 429: {"error":{"code":"model_cooldown","message":"All credentials for model gemini-3.7-flash-high are cooling down via provider antigravity","model":"gemini-3.7-flash-high","provider":"antigravity","reset_
2026-09-14 21:56:16,959 INFO HTTP Request: POST https://vps.lpzproxy.xyz/v1/chat/completions "HTTP/1.1 429 Too Many Requests"
2026-09-14 21:56:17,061 INFO HTTP Request: POST https://vps.lpzproxy.xyz/v1/chat/completions "HTTP/1.1 429 Too Many Requests"
2026-09-14 21:56:17,103 INFO HTTP Request: POST https://vps.lpzproxy.xyz/v1/chat/completions "HTTP/1.1 429 Too Many Requests"
2026-09-14 21:56:17,114 INFO HTTP Request: POST https://vps.lpzproxy.xyz/v1/chat/completions "HTTP/1.1 429 Too Many Requests"
2026-09-14 21:56:17,225 INFO HTTP Request: POST https://vps.lpzproxy.xyz/v1/chat/completions "HTTP/1.1 429 Too Many Requests"
2026-09-14 21:56:17,275 INFO HTTP Request: POST https://vps.lpzproxy.xyz/v1/chat/completions "HTTP/1.1 429 Too Many Requests"
2026-09-14 21:56:17,275 ERROR judge job failed after retries: API request failed after retries: retryable HTTP 429: {"error":{"code":"model_cooldown","message":"All credentials for model gemini-3.7-flash-high are cooling down via provider antigravity","model":"gemini-3.7-flash-high","provider":"antigravity","reset_
2026-09-14 21:56:17,276 INFO HTTP Request: POST https://vps.lpzproxy.xyz/v1/chat/completions "HTTP/1.1 429 Too Many Requests"
2026-09-14 21:56:17,348 INFO HTTP Request: POST https://vps.lpzproxy.xyz/v1/chat/completions "HTTP/1.1 429 Too Many Requests"
2026-09-14 21:56:17,503 INFO HTTP Request: POST https://vps.lpzproxy.xyz/v1/chat/completions "HTTP/1.1 429 Too Many Requests"
2026-09-14 21:56:17,567 INFO HTTP Request: POST https://vps.lpzproxy.xyz/v1/chat/completions "HTTP/1.1 429 Too Many Requests"
2026-09-14 21:56:17,574 INFO HTTP Request: POST https://vps.lpzproxy.xyz/v1/chat/completions "HTTP/1.1 429 Too Many Requests"
2026-09-14 21:56:17,599 INFO HTTP Request: POST https://vps.lpzproxy.xyz/v1/chat/completions "HTTP/1.1 429 Too Many Requests"
2026-09-14 21:56:17,609 INFO HTTP Request: POST https://vps.lpzproxy.xyz/v1/chat/completions "HTTP/1.1 429 Too Many Requests"
2026-09-14 21:56:17,659 INFO HTTP Request: POST https://vps.lpzproxy.xyz/v1/chat/completions "HTTP/1.1 429 Too Many Requests"
2026-09-14 21:56:17,728 INFO HTTP Request: POST https://vps.lpzproxy.xyz/v1/chat/completions "HTTP/1.1 429 Too Many Requests"
2026-09-14 21:56:17,777 INFO HTTP Request: POST https://vps.lpzproxy.xyz/v1/chat/completions "HTTP/1.1 429 Too Many Requests"
2026-09-14 21:56:17,936 INFO HTTP Request: POST https://vps.lpzproxy.xyz/v1/chat/completions "HTTP/1.1 429 Too Many Requests"
2026-09-14 21:56:17,958 INFO HTTP Request: POST https://vps.lpzproxy.xyz/v1/chat/completions "HTTP/1.1 429 Too Many Requests"
2026-09-14 21:56:17,983 INFO HTTP Request: POST https://vps.lpzproxy.xyz/v1/chat/completions "HTTP/1.1 429 Too Many Requests"
2026-09-14 21:56:18,168 INFO HTTP Request: POST https://vps.lpzproxy.xyz/v1/chat/completions "HTTP/1.1 429 Too Many Requests"
2026-09-14 21:56:18,172 INFO HTTP Request: POST https://vps.lpzproxy.xyz/v1/chat/completions "HTTP/1.1 429 Too Many Requests"
2026-09-14 21:56:18,203 INFO HTTP Request: POST https://vps.lpzproxy.xyz/v1/chat/completions "HTTP/1.1 429 Too Many Requests"
2026-09-14 21:56:18,301 INFO HTTP Request: POST https://vps.lpzproxy.xyz/v1/chat/completions "HTTP/1.1 429 Too Many Requests"
2026-09-14 21:56:18,310 INFO HTTP Request: POST https://vps.lpzproxy.xyz/v1/chat/completions "HTTP/1.1 429 Too Many Requests"
2026-09-14 21:56:18,311 INFO HTTP Request: POST https://vps.lpzproxy.xyz/v1/chat/completions "HTTP/1.1 429 Too Many Requests"
2026-09-14 21:56:18,332 INFO HTTP Request: POST https://vps.lpzproxy.xyz/v1/chat/completions "HTTP/1.1 429 Too Many Requests"
2026-09-14 21:56:18,335 INFO HTTP Request: POST https://vps.lpzproxy.xyz/v1/chat/completions "HTTP/1.1 429 Too Many Requests"
2026-09-14 21:56:18,358 INFO HTTP Request: POST https://vps.lpzproxy.xyz/v1/chat/completions "HTTP/1.1 429 Too Many Requests"
2026-09-14 21:56:18,358 INFO HTTP Request: POST https://vps.lpzproxy.xyz/v1/chat/completions "HTTP/1.1 429 Too Many Requests"
2026-09-14 21:56:18,598 INFO HTTP Request: POST https://vps.lpzproxy.xyz/v1/chat/completions "HTTP/1.1 429 Too Many Requests"
2026-09-14 21:56:18,599 ERROR judge job failed after retries: API request failed after retries: retryable HTTP 429: {"error":{"code":"model_cooldown","message":"All credentials for model gemini-3.7-flash-high are cooling down via provider antigravity","model":"gemini-3.7-flash-high","provider":"antigravity","reset_
2026-09-14 21:56:18,646 INFO HTTP Request: POST https://vps.lpzproxy.xyz/v1/chat/completions "HTTP/1.1 429 Too Many Requests"
2026-09-14 21:56:18,665 INFO HTTP Request: POST https://vps.lpzproxy.xyz/v1/chat/completions "HTTP/1.1 429 Too Many Requests"
2026-09-14 21:56:18,763 INFO HTTP Request: POST https://vps.lpzproxy.xyz/v1/chat/completions "HTTP/1.1 429 Too Many Requests"
2026-09-14 21:56:18,853 INFO HTTP Request: POST https://vps.lpzproxy.xyz/v1/chat/completions "HTTP/1.1 429 Too Many Requests"
2026-09-14 21:56:18,934 INFO HTTP Request: POST https://vps.lpzproxy.xyz/v1/chat/completions "HTTP/1.1 429 Too Many Requests"
2026-09-14 21:56:18,935 ERROR judge job failed after retries: API request failed after retries: retryable HTTP 429: {"error":{"code":"model_cooldown","message":"All credentials for model gemini-3.7-flash-high are cooling down via provider antigravity","model":"gemini-3.7-flash-high","provider":"antigravity","reset_
2026-09-14 21:56:18,951 INFO HTTP Request: POST https://vps.lpzproxy.xyz/v1/chat/completions "HTTP/1.1 429 Too Many Requests"
2026-09-14 21:56:18,998 INFO HTTP Request: POST https://vps.lpzproxy.xyz/v1/chat/completions "HTTP/1.1 429 Too Many Requests"
2026-09-14 21:56:19,325 INFO HTTP Request: POST https://vps.lpzproxy.xyz/v1/chat/completions "HTTP/1.1 429 Too Many Requests"
2026-09-14 21:56:19,341 INFO HTTP Request: POST https://vps.lpzproxy.xyz/v1/chat/completions "HTTP/1.1 429 Too Many Requests"
2026-09-14 21:56:19,354 INFO HTTP Request: POST https://vps.lpzproxy.xyz/v1/chat/completions "HTTP/1.1 429 Too Many Requests"
2026-09-14 21:56:19,439 INFO HTTP Request: POST https://vps.lpzproxy.xyz/v1/chat/completions "HTTP/1.1 429 Too Many Requests"
2026-09-14 21:56:19,529 INFO HTTP Request: POST https://vps.lpzproxy.xyz/v1/chat/completions "HTTP/1.1 429 Too Many Requests"
2026-09-14 21:56:19,615 INFO HTTP Request: POST https://vps.lpzproxy.xyz/v1/chat/completions "HTTP/1.1 429 Too Many Requests"
2026-09-14 21:56:19,749 INFO HTTP Request: POST https://vps.lpzproxy.xyz/v1/chat/completions "HTTP/1.1 429 Too Many Requests"
2026-09-14 21:56:19,765 INFO HTTP Request: POST https://vps.lpzproxy.xyz/v1/chat/completions "HTTP/1.1 429 Too Many Requests"
2026-09-14 21:56:19,799 INFO HTTP Request: POST https://vps.lpzproxy.xyz/v1/chat/completions "HTTP/1.1 429 Too Many Requests"
2026-09-14 21:56:19,837 INFO HTTP Request: POST https://vps.lpzproxy.xyz/v1/chat/completions "HTTP/1.1 429 Too Many Requests"
2026-09-14 21:56:19,925 INFO HTTP Request: POST https://vps.lpzproxy.xyz/v1/chat/completions "HTTP/1.1 429 Too Many Requests"
2026-09-14 21:56:19,998 INFO HTTP Request: POST https://vps.lpzproxy.xyz/v1/chat/completions "HTTP/1.1 429 Too Many Requests"
2026-09-14 21:56:20,010 INFO HTTP Request: POST https://vps.lpzproxy.xyz/v1/chat/completions "HTTP/1.1 429 Too Many Requests"
2026-09-14 21:56:20,077 INFO HTTP Request: POST https://vps.lpzproxy.xyz/v1/chat/completions "HTTP/1.1 429 Too Many Requests"
2026-09-14 21:56:20,095 INFO HTTP Request: POST https://vps.lpzproxy.xyz/v1/chat/completions "HTTP/1.1 429 Too Many Requests"
2026-09-14 21:56:20,098 INFO HTTP Request: POST https://vps.lpzproxy.xyz/v1/chat/completions "HTTP/1.1 429 Too Many Requests"
2026-09-14 21:56:20,318 INFO HTTP Request: POST https://vps.lpzproxy.xyz/v1/chat/completions "HTTP/1.1 429 Too Many Requests"
2026-09-14 21:56:20,325 INFO HTTP Request: POST https://vps.lpzproxy.xyz/v1/chat/completions "HTTP/1.1 429 Too Many Requests"
2026-09-14 21:56:20,337 INFO HTTP Request: POST https://vps.lpzproxy.xyz/v1/chat/completions "HTTP/1.1 429 Too Many Requests"
2026-09-14 21:56:20,364 INFO HTTP Request: POST https://vps.lpzproxy.xyz/v1/chat/completions "HTTP/1.1 429 Too Many Requests"
2026-09-14 21:56:20,404 INFO HTTP Request: POST https://vps.lpzproxy.xyz/v1/chat/completions "HTTP/1.1 429 Too Many Requests"
2026-09-14 21:56:20,449 INFO HTTP Request: POST https://vps.lpzproxy.xyz/v1/chat/completions "HTTP/1.1 429 Too Many Requests"
2026-09-14 21:56:20,519 INFO HTTP Request: POST https://vps.lpzproxy.xyz/v1/chat/completions "HTTP/1.1 429 Too Many Requests"
2026-09-14 21:56:20,689 INFO HTTP Request: POST https://vps.lpzproxy.xyz/v1/chat/completions "HTTP/1.1 429 Too Many Requests"
2026-09-14 21:56:20,731 INFO HTTP Request: POST https://vps.lpzproxy.xyz/v1/chat/completions "HTTP/1.1 429 Too Many Requests"
2026-09-14 21:56:20,867 INFO HTTP Request: POST https://vps.lpzproxy.xyz/v1/chat/completions "HTTP/1.1 429 Too Many Requests"
2026-09-14 21:56:20,893 INFO HTTP Request: POST https://vps.lpzproxy.xyz/v1/chat/completions "HTTP/1.1 429 Too Many Requests"
2026-09-14 21:56:21,001 INFO HTTP Request: POST https://vps.lpzproxy.xyz/v1/chat/completions "HTTP/1.1 429 Too Many Requests"
2026-09-14 21:56:21,289 INFO HTTP Request: POST https://vps.lpzproxy.xyz/v1/chat/completions "HTTP/1.1 429 Too Many Requests"
2026-09-14 21:56:21,604 INFO HTTP Request: POST https://vps.lpzproxy.xyz/v1/chat/completions "HTTP/1.1 429 Too Many Requests"
2026-09-14 21:56:22,083 INFO HTTP Request: POST https://vps.lpzproxy.xyz/v1/chat/completions "HTTP/1.1 429 Too Many Requests"
2026-09-14 21:56:22,134 INFO HTTP Request: POST https://vps.lpzproxy.xyz/v1/chat/completions "HTTP/1.1 429 Too Many Requests"
2026-09-14 21:56:22,141 INFO HTTP Request: POST https://vps.lpzproxy.xyz/v1/chat/completions "HTTP/1.1 429 Too Many Requests"
2026-09-14 21:56:22,237 INFO HTTP Request: POST https://vps.lpzproxy.xyz/v1/chat/completions "HTTP/1.1 429 Too Many Requests"
2026-09-14 21:56:22,299 INFO HTTP Request: POST https://vps.lpzproxy.xyz/v1/chat/completions "HTTP/1.1 429 Too Many Requests"
2026-09-14 21:56:22,439 INFO HTTP Request: POST https://vps.lpzproxy.xyz/v1/chat/completions "HTTP/1.1 429 Too Many Requests"
2026-09-14 21:56:22,518 INFO HTTP Request: POST https://vps.lpzproxy.xyz/v1/chat/completions "HTTP/1.1 429 Too Many Requests"
2026-09-14 21:56:22,718 INFO HTTP Request: POST https://vps.lpzproxy.xyz/v1/chat/completions "HTTP/1.1 429 Too Many Requests"
2026-09-14 21:56:22,799 INFO HTTP Request: POST https://vps.lpzproxy.xyz/v1/chat/completions "HTTP/1.1 429 Too Many Requests"
2026-09-14 21:56:22,813 INFO HTTP Request: POST https://vps.lpzproxy.xyz/v1/chat/completions "HTTP/1.1 429 Too Many Requests"
2026-09-14 21:56:22,825 INFO HTTP Request: POST https://vps.lpzproxy.xyz/v1/chat/completions "HTTP/1.1 429 Too Many Requests"
2026-09-14 21:56:22,918 INFO HTTP Request: POST https://vps.lpzproxy.xyz/v1/chat/completions "HTTP/1.1 429 Too Many Requests"
2026-09-14 21:56:22,929 INFO HTTP Request: POST https://vps.lpzproxy.xyz/v1/chat/completions "HTTP/1.1 429 Too Many Requests"
2026-09-14 21:56:23,104 INFO HTTP Request: POST https://vps.lpzproxy.xyz/v1/chat/completions "HTTP/1.1 429 Too Many Requests"
2026-09-14 21:56:23,106 INFO HTTP Request: POST https://vps.lpzproxy.xyz/v1/chat/completions "HTTP/1.1 429 Too Many Requests"
2026-09-14 21:56:23,347 INFO HTTP Request: POST https://vps.lpzproxy.xyz/v1/chat/completions "HTTP/1.1 429 Too Many Requests"
2026-09-14 21:56:23,487 INFO HTTP Request: POST https://vps.lpzproxy.xyz/v1/chat/completions "HTTP/1.1 429 Too Many Requests"
2026-09-14 21:56:23,500 INFO HTTP Request: POST https://vps.lpzproxy.xyz/v1/chat/completions "HTTP/1.1 429 Too Many Requests"
2026-09-14 21:56:23,611 INFO HTTP Request: POST https://vps.lpzproxy.xyz/v1/chat/completions "HTTP/1.1 429 Too Many Requests"
2026-09-14 21:56:23,752 INFO HTTP Request: POST https://vps.lpzproxy.xyz/v1/chat/completions "HTTP/1.1 429 Too Many Requests"
2026-09-14 21:56:24,038 INFO HTTP Request: POST https://vps.lpzproxy.xyz/v1/chat/completions "HTTP/1.1 429 Too Many Requests"
2026-09-14 21:56:24,164 INFO HTTP Request: POST https://vps.lpzproxy.xyz/v1/chat/completions "HTTP/1.1 429 Too Many Requests"
2026-09-14 21:56:24,227 INFO HTTP Request: POST https://vps.lpzproxy.xyz/v1/chat/completions "HTTP/1.1 429 Too Many Requests"
2026-09-14 21:56:24,287 INFO HTTP Request: POST https://vps.lpzproxy.xyz/v1/chat/completions "HTTP/1.1 429 Too Many Requests"
2026-09-14 21:56:24,384 INFO HTTP Request: POST https://vps.lpzproxy.xyz/v1/chat/completions "HTTP/1.1 429 Too Many Requests"
2026-09-14 21:56:24,606 INFO HTTP Request: POST https://vps.lpzproxy.xyz/v1/chat/completions "HTTP/1.1 429 Too Many Requests"
2026-09-14 21:56:24,817 INFO HTTP Request: POST https://vps.lpzproxy.xyz/v1/chat/completions "HTTP/1.1 429 Too Many Requests"
2026-09-14 21:56:24,952 INFO HTTP Request: POST https://vps.lpzproxy.xyz/v1/chat/completions "HTTP/1.1 429 Too Many Requests"
2026-09-14 21:56:24,977 INFO HTTP Request: POST https://vps.lpzproxy.xyz/v1/chat/completions "HTTP/1.1 429 Too Many Requests"
2026-09-14 21:56:24,998 INFO HTTP Request: POST https://vps.lpzproxy.xyz/v1/chat/completions "HTTP/1.1 429 Too Many Requests"
2026-09-14 21:56:25,044 INFO HTTP Request: POST https://vps.lpzproxy.xyz/v1/chat/completions "HTTP/1.1 429 Too Many Requests"
2026-09-14 21:56:25,487 INFO HTTP Request: POST https://vps.lpzproxy.xyz/v1/chat/completions "HTTP/1.1 429 Too Many Requests"
2026-09-14 21:56:25,505 INFO HTTP Request: POST https://vps.lpzproxy.xyz/v1/chat/completions "HTTP/1.1 429 Too Many Requests"
2026-09-14 21:56:25,585 INFO HTTP Request: POST https://vps.lpzproxy.xyz/v1/chat/completions "HTTP/1.1 429 Too Many Requests"
2026-09-14 21:56:25,592 INFO HTTP Request: POST https://vps.lpzproxy.xyz/v1/chat/completions "HTTP/1.1 429 Too Many Requests"
2026-09-14 21:56:25,674 INFO HTTP Request: POST https://vps.lpzproxy.xyz/v1/chat/completions "HTTP/1.1 429 Too Many Requests"
2026-09-14 21:56:25,724 INFO HTTP Request: POST https://vps.lpzproxy.xyz/v1/chat/completions "HTTP/1.1 429 Too Many Requests"
2026-09-14 21:56:25,727 INFO HTTP Request: POST https://vps.lpzproxy.xyz/v1/chat/completions "HTTP/1.1 429 Too Many Requests"
2026-09-14 21:56:25,921 INFO HTTP Request: POST https://vps.lpzproxy.xyz/v1/chat/completions "HTTP/1.1 429 Too Many Requests"
2026-09-14 21:56:26,150 INFO HTTP Request: POST https://vps.lpzproxy.xyz/v1/chat/completions "HTTP/1.1 429 Too Many Requests"
2026-09-14 21:56:26,154 INFO HTTP Request: POST https://vps.lpzproxy.xyz/v1/chat/completions "HTTP/1.1 429 Too Many Requests"
2026-09-14 21:56:26,791 INFO HTTP Request: POST https://vps.lpzproxy.xyz/v1/chat/completions "HTTP/1.1 429 Too Many Requests"
2026-09-14 21:56:27,132 INFO HTTP Request: POST https://vps.lpzproxy.xyz/v1/chat/completions "HTTP/1.1 429 Too Many Requests"
2026-09-14 21:56:27,615 INFO HTTP Request: POST https://vps.lpzproxy.xyz/v1/chat/completions "HTTP/1.1 429 Too Many Requests"
2026-09-14 21:56:27,669 INFO HTTP Request: POST https://vps.lpzproxy.xyz/v1/chat/completions "HTTP/1.1 429 Too Many Requests"
2026-09-14 21:56:27,754 INFO HTTP Request: POST https://vps.lpzproxy.xyz/v1/chat/completions "HTTP/1.1 429 Too Many Requests"
2026-09-14 21:56:28,089 INFO HTTP Request: POST https://vps.lpzproxy.xyz/v1/chat/completions "HTTP/1.1 429 Too Many Requests"
2026-09-14 21:56:28,287 INFO HTTP Request: POST https://vps.lpzproxy.xyz/v1/chat/completions "HTTP/1.1 429 Too Many Requests"
2026-09-14 21:56:28,322 INFO HTTP Request: POST https://vps.lpzproxy.xyz/v1/chat/completions "HTTP/1.1 429 Too Many Requests"
2026-09-14 21:56:28,495 INFO HTTP Request: POST https://vps.lpzproxy.xyz/v1/chat/completions "HTTP/1.1 429 Too Many Requests"
2026-09-14 21:56:28,500 INFO HTTP Request: POST https://vps.lpzproxy.xyz/v1/chat/completions "HTTP/1.1 429 Too Many Requests"
2026-09-14 21:56:28,821 INFO HTTP Request: POST https://vps.lpzproxy.xyz/v1/chat/completions "HTTP/1.1 429 Too Many Requests"
2026-09-14 21:56:29,144 INFO HTTP Request: POST https://vps.lpzproxy.xyz/v1/chat/completions "HTTP/1.1 429 Too Many Requests"
2026-09-14 21:56:29,836 INFO HTTP Request: POST https://vps.lpzproxy.xyz/v1/chat/completions "HTTP/1.1 429 Too Many Requests"
2026-09-14 21:56:30,656 INFO HTTP Request: POST https://vps.lpzproxy.xyz/v1/chat/completions "HTTP/1.1 429 Too Many Requests"
2026-09-14 21:56:31,900 INFO HTTP Request: POST https://vps.lpzproxy.xyz/v1/chat/completions "HTTP/1.1 429 Too Many Requests"
2026-09-14 21:56:31,901 ERROR judge job failed after retries: API request failed after retries: retryable HTTP 429: {"error":{"code":"model_cooldown","message":"All credentials for model gemini-3.7-flash-high are cooling down via provider antigravity","model":"gemini-3.7-flash-high","provider":"antigravity","reset_
2026-09-14 21:56:32,068 INFO HTTP Request: POST https://vps.lpzproxy.xyz/v1/chat/completions "HTTP/1.1 429 Too Many Requests"
2026-09-14 21:56:32,069 ERROR judge job failed after retries: API request failed after retries: retryable HTTP 429: {"error":{"code":"model_cooldown","message":"All credentials for model gemini-3.7-flash-high are cooling down via provider antigravity","model":"gemini-3.7-flash-high","provider":"antigravity","reset_
2026-09-14 21:56:32,458 INFO HTTP Request: POST https://vps.lpzproxy.xyz/v1/chat/completions "HTTP/1.1 429 Too Many Requests"
2026-09-14 21:56:32,459 ERROR judge job failed after retries: API request failed after retries: retryable HTTP 429: {"error":{"code":"model_cooldown","message":"All credentials for model gemini-3.7-flash-high are cooling down via provider antigravity","model":"gemini-3.7-flash-high","provider":"antigravity","reset_
2026-09-14 21:56:32,985 INFO HTTP Request: POST https://vps.lpzproxy.xyz/v1/chat/completions "HTTP/1.1 429 Too Many Requests"
2026-09-14 21:56:32,986 ERROR judge job failed after retries: API request failed after retries: retryable HTTP 429: {"error":{"code":"model_cooldown","message":"All credentials for model gemini-3.7-flash-high are cooling down via provider antigravity","model":"gemini-3.7-flash-high","provider":"antigravity","reset_
2026-09-14 21:56:33,262 INFO HTTP Request: POST https://vps.lpzproxy.xyz/v1/chat/completions "HTTP/1.1 429 Too Many Requests"
2026-09-14 21:56:33,262 ERROR judge job failed after retries: API request failed after retries: retryable HTTP 429: {"error":{"code":"model_cooldown","message":"All credentials for model gemini-3.7-flash-high are cooling down via provider antigravity","model":"gemini-3.7-flash-high","provider":"antigravity","reset_
2026-09-14 21:56:33,308 INFO HTTP Request: POST https://vps.lpzproxy.xyz/v1/chat/completions "HTTP/1.1 429 Too Many Requests"
2026-09-14 21:56:33,309 ERROR judge job failed after retries: API request failed after retries: retryable HTTP 429: {"error":{"code":"model_cooldown","message":"All credentials for model gemini-3.7-flash-high are cooling down via provider antigravity","model":"gemini-3.7-flash-high","provider":"antigravity","reset_
2026-09-14 21:56:33,319 INFO HTTP Request: POST https://vps.lpzproxy.xyz/v1/chat/completions "HTTP/1.1 429 Too Many Requests"
2026-09-14 21:56:33,433 INFO HTTP Request: POST https://vps.lpzproxy.xyz/v1/chat/completions "HTTP/1.1 429 Too Many Requests"
2026-09-14 21:56:33,434 ERROR judge job failed after retries: API request failed after retries: retryable HTTP 429: {"error":{"code":"model_cooldown","message":"All credentials for model gemini-3.7-flash-high are cooling down via provider antigravity","model":"gemini-3.7-flash-high","provider":"antigravity","reset_
2026-09-14 21:56:33,493 INFO HTTP Request: POST https://vps.lpzproxy.xyz/v1/chat/completions "HTTP/1.1 429 Too Many Requests"
2026-09-14 21:56:33,799 INFO HTTP Request: POST https://vps.lpzproxy.xyz/v1/chat/completions "HTTP/1.1 429 Too Many Requests"
2026-09-14 21:56:33,800 ERROR judge job failed after retries: API request failed after retries: retryable HTTP 429: {"error":{"code":"model_cooldown","message":"All credentials for model gemini-3.7-flash-high are cooling down via provider antigravity","model":"gemini-3.7-flash-high","provider":"antigravity","reset_
2026-09-14 21:56:33,843 INFO HTTP Request: POST https://vps.lpzproxy.xyz/v1/chat/completions "HTTP/1.1 429 Too Many Requests"
2026-09-14 21:56:33,844 ERROR judge job failed after retries: API request failed after retries: retryable HTTP 429: {"error":{"code":"model_cooldown","message":"All credentials for model gemini-3.7-flash-high are cooling down via provider antigravity","model":"gemini-3.7-flash-high","provider":"antigravity","reset_
2026-09-14 21:56:33,864 INFO HTTP Request: POST https://vps.lpzproxy.xyz/v1/chat/completions "HTTP/1.1 429 Too Many Requests"
2026-09-14 21:56:33,920 INFO HTTP Request: POST https://vps.lpzproxy.xyz/v1/chat/completions "HTTP/1.1 429 Too Many Requests"
2026-09-14 21:56:33,921 ERROR judge job failed after retries: API request failed after retries: retryable HTTP 429: {"error":{"code":"model_cooldown","message":"All credentials for model gemini-3.7-flash-high are cooling down via provider antigravity","model":"gemini-3.7-flash-high","provider":"antigravity","reset_
2026-09-14 21:56:34,128 INFO HTTP Request: POST https://vps.lpzproxy.xyz/v1/chat/completions "HTTP/1.1 429 Too Many Requests"
2026-09-14 21:56:34,130 ERROR judge job failed after retries: API request failed after retries: retryable HTTP 429: {"error":{"code":"model_cooldown","message":"All credentials for model gemini-3.7-flash-high are cooling down via provider antigravity","model":"gemini-3.7-flash-high","provider":"antigravity","reset_
2026-09-14 21:56:34,130 INFO HTTP Request: POST https://vps.lpzproxy.xyz/v1/chat/completions "HTTP/1.1 429 Too Many Requests"
2026-09-14 21:56:34,132 ERROR judge job failed after retries: API request failed after retries: retryable HTTP 429: {"error":{"code":"model_cooldown","message":"All credentials for model gemini-3.7-flash-high are cooling down via provider antigravity","model":"gemini-3.7-flash-high","provider":"antigravity","reset_
2026-09-14 21:56:34,408 INFO HTTP Request: POST https://vps.lpzproxy.xyz/v1/chat/completions "HTTP/1.1 429 Too Many Requests"
2026-09-14 21:56:34,549 INFO HTTP Request: POST https://vps.lpzproxy.xyz/v1/chat/completions "HTTP/1.1 429 Too Many Requests"
2026-09-14 21:56:34,550 ERROR judge job failed after retries: API request failed after retries: retryable HTTP 429: {"error":{"code":"model_cooldown","message":"All credentials for model gemini-3.7-flash-high are cooling down via provider antigravity","model":"gemini-3.7-flash-high","provider":"antigravity","reset_
2026-09-14 21:56:34,617 INFO HTTP Request: POST https://vps.lpzproxy.xyz/v1/chat/completions "HTTP/1.1 429 Too Many Requests"
2026-09-14 21:56:34,617 ERROR judge job failed after retries: API request failed after retries: retryable HTTP 429: {"error":{"code":"model_cooldown","message":"All credentials for model gemini-3.7-flash-high are cooling down via provider antigravity","model":"gemini-3.7-flash-high","provider":"antigravity","reset_
2026-09-14 21:56:34,646 INFO HTTP Request: POST https://vps.lpzproxy.xyz/v1/chat/completions "HTTP/1.1 429 Too Many Requests"
2026-09-14 21:56:34,743 INFO HTTP Request: POST https://vps.lpzproxy.xyz/v1/chat/completions "HTTP/1.1 429 Too Many Requests"
2026-09-14 21:56:34,847 INFO HTTP Request: POST https://vps.lpzproxy.xyz/v1/chat/completions "HTTP/1.1 429 Too Many Requests"
2026-09-14 21:56:35,014 INFO HTTP Request: POST https://vps.lpzproxy.xyz/v1/chat/completions "HTTP/1.1 429 Too Many Requests"
2026-09-14 21:56:35,015 ERROR judge job failed after retries: API request failed after retries: retryable HTTP 429: {"error":{"code":"model_cooldown","message":"All credentials for model gemini-3.7-flash-high are cooling down via provider antigravity","model":"gemini-3.7-flash-high","provider":"antigravity","reset_
2026-09-14 21:56:35,016 INFO HTTP Request: POST https://vps.lpzproxy.xyz/v1/chat/completions "HTTP/1.1 429 Too Many Requests"
2026-09-14 21:56:35,018 ERROR judge job failed after retries: API request failed after retries: retryable HTTP 429: {"error":{"code":"model_cooldown","message":"All credentials for model gemini-3.7-flash-high are cooling down via provider antigravity","model":"gemini-3.7-flash-high","provider":"antigravity","reset_
2026-09-14 21:56:35,112 INFO HTTP Request: POST https://vps.lpzproxy.xyz/v1/chat/completions "HTTP/1.1 429 Too Many Requests"
2026-09-14 21:56:35,113 ERROR judge job failed after retries: API request failed after retries: retryable HTTP 429: {"error":{"code":"model_cooldown","message":"All credentials for model gemini-3.7-flash-high are cooling down via provider antigravity","model":"gemini-3.7-flash-high","provider":"antigravity","reset_
2026-09-14 21:56:35,164 INFO HTTP Request: POST https://vps.lpzproxy.xyz/v1/chat/completions "HTTP/1.1 429 Too Many Requests"
2026-09-14 21:56:35,165 ERROR judge job failed after retries: API request failed after retries: retryable HTTP 429: {"error":{"code":"model_cooldown","message":"All credentials for model gemini-3.7-flash-high are cooling down via provider antigravity","model":"gemini-3.7-flash-high","provider":"antigravity","reset_
2026-09-14 21:56:35,176 INFO HTTP Request: POST https://vps.lpzproxy.xyz/v1/chat/completions "HTTP/1.1 429 Too Many Requests"
2026-09-14 21:56:35,237 INFO HTTP Request: POST https://vps.lpzproxy.xyz/v1/chat/completions "HTTP/1.1 429 Too Many Requests"
2026-09-14 21:56:35,325 INFO HTTP Request: POST https://vps.lpzproxy.xyz/v1/chat/completions "HTTP/1.1 429 Too Many Requests"
2026-09-14 21:56:35,337 INFO HTTP Request: POST https://vps.lpzproxy.xyz/v1/chat/completions "HTTP/1.1 429 Too Many Requests"
2026-09-14 21:56:35,338 ERROR judge job failed after retries: API request failed after retries: retryable HTTP 429: {"error":{"code":"model_cooldown","message":"All credentials for model gemini-3.7-flash-high are cooling down via provider antigravity","model":"gemini-3.7-flash-high","provider":"antigravity","reset_
2026-09-14 21:56:35,432 INFO HTTP Request: POST https://vps.lpzproxy.xyz/v1/chat/completions "HTTP/1.1 429 Too Many Requests"
2026-09-14 21:56:35,433 ERROR judge job failed after retries: API request failed after retries: retryable HTTP 429: {"error":{"code":"model_cooldown","message":"All credentials for model gemini-3.7-flash-high are cooling down via provider antigravity","model":"gemini-3.7-flash-high","provider":"antigravity","reset_
2026-09-14 21:56:35,477 INFO HTTP Request: POST https://vps.lpzproxy.xyz/v1/chat/completions "HTTP/1.1 429 Too Many Requests"
2026-09-14 21:56:35,573 INFO HTTP Request: POST https://vps.lpzproxy.xyz/v1/chat/completions "HTTP/1.1 429 Too Many Requests"
2026-09-14 21:56:35,574 ERROR judge job failed after retries: API request failed after retries: retryable HTTP 429: {"error":{"code":"model_cooldown","message":"All credentials for model gemini-3.7-flash-high are cooling down via provider antigravity","model":"gemini-3.7-flash-high","provider":"antigravity","reset_
2026-09-14 21:56:35,584 INFO HTTP Request: POST https://vps.lpzproxy.xyz/v1/chat/completions "HTTP/1.1 429 Too Many Requests"
2026-09-14 21:56:35,584 INFO HTTP Request: POST https://vps.lpzproxy.xyz/v1/chat/completions "HTTP/1.1 429 Too Many Requests"
2026-09-14 21:56:35,671 INFO HTTP Request: POST https://vps.lpzproxy.xyz/v1/chat/completions "HTTP/1.1 429 Too Many Requests"
2026-09-14 21:56:35,886 INFO HTTP Request: POST https://vps.lpzproxy.xyz/v1/chat/completions "HTTP/1.1 429 Too Many Requests"
2026-09-14 21:56:35,887 ERROR judge job failed after retries: API request failed after retries: retryable HTTP 429: {"error":{"code":"model_cooldown","message":"All credentials for model gemini-3.7-flash-high are cooling down via provider antigravity","model":"gemini-3.7-flash-high","provider":"antigravity","reset_
2026-09-14 21:56:35,906 INFO HTTP Request: POST https://vps.lpzproxy.xyz/v1/chat/completions "HTTP/1.1 429 Too Many Requests"
2026-09-14 21:56:35,906 ERROR judge job failed after retries: API request failed after retries: retryable HTTP 429: {"error":{"code":"model_cooldown","message":"All credentials for model gemini-3.7-flash-high are cooling down via provider antigravity","model":"gemini-3.7-flash-high","provider":"antigravity","reset_
2026-09-14 21:56:35,935 INFO HTTP Request: POST https://vps.lpzproxy.xyz/v1/chat/completions "HTTP/1.1 429 Too Many Requests"
2026-09-14 21:56:35,966 INFO HTTP Request: POST https://vps.lpzproxy.xyz/v1/chat/completions "HTTP/1.1 429 Too Many Requests"
2026-09-14 21:56:35,972 INFO HTTP Request: POST https://vps.lpzproxy.xyz/v1/chat/completions "HTTP/1.1 429 Too Many Requests"
2026-09-14 21:56:35,973 ERROR judge job failed after retries: API request failed after retries: retryable HTTP 429: {"error":{"code":"model_cooldown","message":"All credentials for model gemini-3.7-flash-high are cooling down via provider antigravity","model":"gemini-3.7-flash-high","provider":"antigravity","reset_
2026-09-14 21:56:35,997 INFO HTTP Request: POST https://vps.lpzproxy.xyz/v1/chat/completions "HTTP/1.1 429 Too Many Requests"
2026-09-14 21:56:35,997 INFO HTTP Request: POST https://vps.lpzproxy.xyz/v1/chat/completions "HTTP/1.1 429 Too Many Requests"
2026-09-14 21:56:36,288 INFO HTTP Request: POST https://vps.lpzproxy.xyz/v1/chat/completions "HTTP/1.1 429 Too Many Requests"
2026-09-14 21:56:36,289 ERROR judge job failed after retries: API request failed after retries: retryable HTTP 429: {"error":{"code":"model_cooldown","message":"All credentials for model gemini-3.7-flash-high are cooling down via provider antigravity","model":"gemini-3.7-flash-high","provider":"antigravity","reset_
2026-09-14 21:56:36,391 INFO HTTP Request: POST https://vps.lpzproxy.xyz/v1/chat/completions "HTTP/1.1 429 Too Many Requests"
2026-09-14 21:56:36,407 INFO HTTP Request: POST https://vps.lpzproxy.xyz/v1/chat/completions "HTTP/1.1 429 Too Many Requests"
2026-09-14 21:56:36,459 INFO HTTP Request: POST https://vps.lpzproxy.xyz/v1/chat/completions "HTTP/1.1 429 Too Many Requests"
2026-09-14 21:56:36,460 ERROR judge job failed after retries: API request failed after retries: retryable HTTP 429: {"error":{"code":"model_cooldown","message":"All credentials for model gemini-3.7-flash-high are cooling down via provider antigravity","model":"gemini-3.7-flash-high","provider":"antigravity","reset_
2026-09-14 21:56:36,487 INFO HTTP Request: POST https://vps.lpzproxy.xyz/v1/chat/completions "HTTP/1.1 429 Too Many Requests"
2026-09-14 21:56:36,520 INFO HTTP Request: POST https://vps.lpzproxy.xyz/v1/chat/completions "HTTP/1.1 429 Too Many Requests"
2026-09-14 21:56:36,677 INFO HTTP Request: POST https://vps.lpzproxy.xyz/v1/chat/completions "HTTP/1.1 429 Too Many Requests"
2026-09-14 21:56:36,757 INFO HTTP Request: POST https://vps.lpzproxy.xyz/v1/chat/completions "HTTP/1.1 429 Too Many Requests"
2026-09-14 21:56:36,773 INFO HTTP Request: POST https://vps.lpzproxy.xyz/v1/chat/completions "HTTP/1.1 429 Too Many Requests"
2026-09-14 21:56:36,774 ERROR judge job failed after retries: API request failed after retries: retryable HTTP 429: {"error":{"code":"model_cooldown","message":"All credentials for model gemini-3.7-flash-high are cooling down via provider antigravity","model":"gemini-3.7-flash-high","provider":"antigravity","reset_
2026-09-14 21:56:36,822 INFO HTTP Request: POST https://vps.lpzproxy.xyz/v1/chat/completions "HTTP/1.1 429 Too Many Requests"
2026-09-14 21:56:36,828 INFO HTTP Request: POST https://vps.lpzproxy.xyz/v1/chat/completions "HTTP/1.1 429 Too Many Requests"
2026-09-14 21:56:36,944 INFO HTTP Request: POST https://vps.lpzproxy.xyz/v1/chat/completions "HTTP/1.1 429 Too Many Requests"
2026-09-14 21:56:36,983 INFO HTTP Request: POST https://vps.lpzproxy.xyz/v1/chat/completions "HTTP/1.1 429 Too Many Requests"
2026-09-14 21:56:37,157 INFO HTTP Request: POST https://vps.lpzproxy.xyz/v1/chat/completions "HTTP/1.1 429 Too Many Requests"
2026-09-14 21:56:37,158 ERROR judge job failed after retries: API request failed after retries: retryable HTTP 429: {"error":{"code":"model_cooldown","message":"All credentials for model gemini-3.7-flash-high are cooling down via provider antigravity","model":"gemini-3.7-flash-high","provider":"antigravity","reset_
2026-09-14 21:56:37,160 INFO HTTP Request: POST https://vps.lpzproxy.xyz/v1/chat/completions "HTTP/1.1 429 Too Many Requests"
2026-09-14 21:56:37,214 INFO HTTP Request: POST https://vps.lpzproxy.xyz/v1/chat/completions "HTTP/1.1 429 Too Many Requests"
2026-09-14 21:56:37,251 INFO HTTP Request: POST https://vps.lpzproxy.xyz/v1/chat/completions "HTTP/1.1 429 Too Many Requests"
2026-09-14 21:56:37,276 INFO HTTP Request: POST https://vps.lpzproxy.xyz/v1/chat/completions "HTTP/1.1 429 Too Many Requests"
2026-09-14 21:56:37,277 INFO HTTP Request: POST https://vps.lpzproxy.xyz/v1/chat/completions "HTTP/1.1 429 Too Many Requests"
2026-09-14 21:56:37,346 INFO HTTP Request: POST https://vps.lpzproxy.xyz/v1/chat/completions "HTTP/1.1 429 Too Many Requests"
2026-09-14 21:56:37,693 INFO HTTP Request: POST https://vps.lpzproxy.xyz/v1/chat/completions "HTTP/1.1 429 Too Many Requests"
2026-09-14 21:56:37,707 INFO HTTP Request: POST https://vps.lpzproxy.xyz/v1/chat/completions "HTTP/1.1 429 Too Many Requests"
2026-09-14 21:56:37,744 INFO HTTP Request: POST https://vps.lpzproxy.xyz/v1/chat/completions "HTTP/1.1 429 Too Many Requests"
2026-09-14 21:56:37,787 INFO HTTP Request: POST https://vps.lpzproxy.xyz/v1/chat/completions "HTTP/1.1 429 Too Many Requests"
2026-09-14 21:56:37,787 ERROR judge job failed after retries: API request failed after retries: retryable HTTP 429: {"error":{"code":"model_cooldown","message":"All credentials for model gemini-3.7-flash-high are cooling down via provider antigravity","model":"gemini-3.7-flash-high","provider":"antigravity","reset_
2026-09-14 21:56:37,867 INFO HTTP Request: POST https://vps.lpzproxy.xyz/v1/chat/completions "HTTP/1.1 429 Too Many Requests"
2026-09-14 21:56:37,916 INFO HTTP Request: POST https://vps.lpzproxy.xyz/v1/chat/completions "HTTP/1.1 429 Too Many Requests"
2026-09-14 21:56:37,917 ERROR judge job failed after retries: API request failed after retries: retryable HTTP 429: {"error":{"code":"model_cooldown","message":"All credentials for model gemini-3.7-flash-high are cooling down via provider antigravity","model":"gemini-3.7-flash-high","provider":"antigravity","reset_
2026-09-14 21:56:37,921 INFO HTTP Request: POST https://vps.lpzproxy.xyz/v1/chat/completions "HTTP/1.1 429 Too Many Requests"
2026-09-14 21:56:37,989 INFO HTTP Request: POST https://vps.lpzproxy.xyz/v1/chat/completions "HTTP/1.1 429 Too Many Requests"
2026-09-14 21:56:37,990 ERROR judge job failed after retries: API request failed after retries: retryable HTTP 429: {"error":{"code":"model_cooldown","message":"All credentials for model gemini-3.7-flash-high are cooling down via provider antigravity","model":"gemini-3.7-flash-high","provider":"antigravity","reset_
2026-09-14 21:56:38,012 INFO HTTP Request: POST https://vps.lpzproxy.xyz/v1/chat/completions "HTTP/1.1 429 Too Many Requests"
2026-09-14 21:56:38,013 ERROR judge job failed after retries: API request failed after retries: retryable HTTP 429: {"error":{"code":"model_cooldown","message":"All credentials for model gemini-3.7-flash-high are cooling down via provider antigravity","model":"gemini-3.7-flash-high","provider":"antigravity","reset_
2026-09-14 21:56:38,068 INFO HTTP Request: POST https://vps.lpzproxy.xyz/v1/chat/completions "HTTP/1.1 429 Too Many Requests"
2026-09-14 21:56:38,069 ERROR judge job failed after retries: API request failed after retries: retryable HTTP 429: {"error":{"code":"model_cooldown","message":"All credentials for model gemini-3.7-flash-high are cooling down via provider antigravity","model":"gemini-3.7-flash-high","provider":"antigravity","reset_
2026-09-14 21:56:38,162 INFO HTTP Request: POST https://vps.lpzproxy.xyz/v1/chat/completions "HTTP/1.1 429 Too Many Requests"
2026-09-14 21:56:38,244 INFO HTTP Request: POST https://vps.lpzproxy.xyz/v1/chat/completions "HTTP/1.1 429 Too Many Requests"
2026-09-14 21:56:38,244 ERROR judge job failed after retries: API request failed after retries: retryable HTTP 429: {"error":{"code":"model_cooldown","message":"All credentials for model gemini-3.7-flash-high are cooling down via provider antigravity","model":"gemini-3.7-flash-high","provider":"antigravity","reset_
2026-09-14 21:56:38,262 INFO HTTP Request: POST https://vps.lpzproxy.xyz/v1/chat/completions "HTTP/1.1 429 Too Many Requests"
2026-09-14 21:56:38,262 ERROR judge job failed after retries: API request failed after retries: retryable HTTP 429: {"error":{"code":"model_cooldown","message":"All credentials for model gemini-3.7-flash-high are cooling down via provider antigravity","model":"gemini-3.7-flash-high","provider":"antigravity","reset_
2026-09-14 21:56:38,294 INFO HTTP Request: POST https://vps.lpzproxy.xyz/v1/chat/completions "HTTP/1.1 429 Too Many Requests"
2026-09-14 21:56:38,327 INFO HTTP Request: POST https://vps.lpzproxy.xyz/v1/chat/completions "HTTP/1.1 429 Too Many Requests"
2026-09-14 21:56:38,386 INFO HTTP Request: POST https://vps.lpzproxy.xyz/v1/chat/completions "HTTP/1.1 429 Too Many Requests"
2026-09-14 21:56:38,462 INFO HTTP Request: POST https://vps.lpzproxy.xyz/v1/chat/completions "HTTP/1.1 429 Too Many Requests"
2026-09-14 21:56:38,463 ERROR judge job failed after retries: API request failed after retries: retryable HTTP 429: {"error":{"code":"model_cooldown","message":"All credentials for model gemini-3.7-flash-high are cooling down via provider antigravity","model":"gemini-3.7-flash-high","provider":"antigravity","reset_
2026-09-14 21:56:38,580 INFO HTTP Request: POST https://vps.lpzproxy.xyz/v1/chat/completions "HTTP/1.1 429 Too Many Requests"
2026-09-14 21:56:38,772 INFO HTTP Request: POST https://vps.lpzproxy.xyz/v1/chat/completions "HTTP/1.1 429 Too Many Requests"
2026-09-14 21:56:38,774 INFO HTTP Request: POST https://vps.lpzproxy.xyz/v1/chat/completions "HTTP/1.1 429 Too Many Requests"
2026-09-14 21:56:38,799 INFO HTTP Request: POST https://vps.lpzproxy.xyz/v1/chat/completions "HTTP/1.1 429 Too Many Requests"
2026-09-14 21:56:38,848 INFO HTTP Request: POST https://vps.lpzproxy.xyz/v1/chat/completions "HTTP/1.1 429 Too Many Requests"
2026-09-14 21:56:38,849 ERROR judge job failed after retries: API request failed after retries: retryable HTTP 429: {"error":{"code":"model_cooldown","message":"All credentials for model gemini-3.7-flash-high are cooling down via provider antigravity","model":"gemini-3.7-flash-high","provider":"antigravity","reset_
2026-09-14 21:56:38,853 INFO HTTP Request: POST https://vps.lpzproxy.xyz/v1/chat/completions "HTTP/1.1 429 Too Many Requests"
2026-09-14 21:56:39,017 INFO HTTP Request: POST https://vps.lpzproxy.xyz/v1/chat/completions "HTTP/1.1 429 Too Many Requests"
2026-09-14 21:56:39,034 INFO HTTP Request: POST https://vps.lpzproxy.xyz/v1/chat/completions "HTTP/1.1 429 Too Many Requests"
2026-09-14 21:56:39,041 INFO HTTP Request: POST https://vps.lpzproxy.xyz/v1/chat/completions "HTTP/1.1 429 Too Many Requests"
2026-09-14 21:56:39,041 ERROR judge job failed after retries: API request failed after retries: retryable HTTP 429: {"error":{"code":"model_cooldown","message":"All credentials for model gemini-3.7-flash-high are cooling down via provider antigravity","model":"gemini-3.7-flash-high","provider":"antigravity","reset_
2026-09-14 21:56:39,078 INFO HTTP Request: POST https://vps.lpzproxy.xyz/v1/chat/completions "HTTP/1.1 429 Too Many Requests"
2026-09-14 21:56:39,097 INFO HTTP Request: POST https://vps.lpzproxy.xyz/v1/chat/completions "HTTP/1.1 429 Too Many Requests"
2026-09-14 21:56:39,111 INFO HTTP Request: POST https://vps.lpzproxy.xyz/v1/chat/completions "HTTP/1.1 429 Too Many Requests"
2026-09-14 21:56:39,191 INFO HTTP Request: POST https://vps.lpzproxy.xyz/v1/chat/completions "HTTP/1.1 429 Too Many Requests"
2026-09-14 21:56:39,194 INFO HTTP Request: POST https://vps.lpzproxy.xyz/v1/chat/completions "HTTP/1.1 429 Too Many Requests"
2026-09-14 21:56:39,209 INFO HTTP Request: POST https://vps.lpzproxy.xyz/v1/chat/completions "HTTP/1.1 429 Too Many Requests"
2026-09-14 21:56:39,209 ERROR judge job failed after retries: API request failed after retries: retryable HTTP 429: {"error":{"code":"model_cooldown","message":"All credentials for model gemini-3.7-flash-high are cooling down via provider antigravity","model":"gemini-3.7-flash-high","provider":"antigravity","reset_
2026-09-14 21:56:39,300 INFO HTTP Request: POST https://vps.lpzproxy.xyz/v1/chat/completions "HTTP/1.1 429 Too Many Requests"
2026-09-14 21:56:39,325 INFO HTTP Request: POST https://vps.lpzproxy.xyz/v1/chat/completions "HTTP/1.1 429 Too Many Requests"
2026-09-14 21:56:39,373 INFO HTTP Request: POST https://vps.lpzproxy.xyz/v1/chat/completions "HTTP/1.1 429 Too Many Requests"
2026-09-14 21:56:39,375 INFO HTTP Request: POST https://vps.lpzproxy.xyz/v1/chat/completions "HTTP/1.1 429 Too Many Requests"
2026-09-14 21:56:39,409 INFO HTTP Request: POST https://vps.lpzproxy.xyz/v1/chat/completions "HTTP/1.1 429 Too Many Requests"
2026-09-14 21:56:39,423 INFO HTTP Request: POST https://vps.lpzproxy.xyz/v1/chat/completions "HTTP/1.1 429 Too Many Requests"
2026-09-14 21:56:39,505 INFO HTTP Request: POST https://vps.lpzproxy.xyz/v1/chat/completions "HTTP/1.1 429 Too Many Requests"
2026-09-14 21:56:39,557 INFO HTTP Request: POST https://vps.lpzproxy.xyz/v1/chat/completions "HTTP/1.1 429 Too Many Requests"
2026-09-14 21:56:39,612 INFO HTTP Request: POST https://vps.lpzproxy.xyz/v1/chat/completions "HTTP/1.1 429 Too Many Requests"
2026-09-14 21:56:39,637 INFO HTTP Request: POST https://vps.lpzproxy.xyz/v1/chat/completions "HTTP/1.1 429 Too Many Requests"
2026-09-14 21:56:39,840 INFO HTTP Request: POST https://vps.lpzproxy.xyz/v1/chat/completions "HTTP/1.1 429 Too Many Requests"
2026-09-14 21:56:40,003 INFO HTTP Request: POST https://vps.lpzproxy.xyz/v1/chat/completions "HTTP/1.1 429 Too Many Requests"
2026-09-14 21:56:40,021 INFO HTTP Request: POST https://vps.lpzproxy.xyz/v1/chat/completions "HTTP/1.1 429 Too Many Requests"
2026-09-14 21:56:40,039 INFO HTTP Request: POST https://vps.lpzproxy.xyz/v1/chat/completions "HTTP/1.1 429 Too Many Requests"
2026-09-14 21:56:40,080 INFO HTTP Request: POST https://vps.lpzproxy.xyz/v1/chat/completions "HTTP/1.1 429 Too Many Requests"
2026-09-14 21:56:40,245 INFO HTTP Request: POST https://vps.lpzproxy.xyz/v1/chat/completions "HTTP/1.1 429 Too Many Requests"
2026-09-14 21:56:40,335 INFO HTTP Request: POST https://vps.lpzproxy.xyz/v1/chat/completions "HTTP/1.1 429 Too Many Requests"
2026-09-14 21:56:40,375 INFO HTTP Request: POST https://vps.lpzproxy.xyz/v1/chat/completions "HTTP/1.1 429 Too Many Requests"
2026-09-14 21:56:40,377 INFO HTTP Request: POST https://vps.lpzproxy.xyz/v1/chat/completions "HTTP/1.1 429 Too Many Requests"
2026-09-14 21:56:40,427 INFO HTTP Request: POST https://vps.lpzproxy.xyz/v1/chat/completions "HTTP/1.1 429 Too Many Requests"
2026-09-14 21:56:40,437 INFO HTTP Request: POST https://vps.lpzproxy.xyz/v1/chat/completions "HTTP/1.1 429 Too Many Requests"
2026-09-14 21:56:40,489 INFO HTTP Request: POST https://vps.lpzproxy.xyz/v1/chat/completions "HTTP/1.1 429 Too Many Requests"
2026-09-14 21:56:40,540 INFO HTTP Request: POST https://vps.lpzproxy.xyz/v1/chat/completions "HTTP/1.1 429 Too Many Requests"
2026-09-14 21:56:40,654 INFO HTTP Request: POST https://vps.lpzproxy.xyz/v1/chat/completions "HTTP/1.1 429 Too Many Requests"
2026-09-14 21:56:40,677 INFO HTTP Request: POST https://vps.lpzproxy.xyz/v1/chat/completions "HTTP/1.1 429 Too Many Requests"
2026-09-14 21:56:40,677 ERROR judge job failed after retries: API request failed after retries: retryable HTTP 429: {"error":{"code":"model_cooldown","message":"All credentials for model gemini-3.7-flash-high are cooling down via provider antigravity","model":"gemini-3.7-flash-high","provider":"antigravity","reset_
2026-09-14 21:56:40,826 INFO HTTP Request: POST https://vps.lpzproxy.xyz/v1/chat/completions "HTTP/1.1 429 Too Many Requests"
2026-09-14 21:56:41,260 INFO HTTP Request: POST https://vps.lpzproxy.xyz/v1/chat/completions "HTTP/1.1 429 Too Many Requests"
2026-09-14 21:56:41,343 INFO HTTP Request: POST https://vps.lpzproxy.xyz/v1/chat/completions "HTTP/1.1 429 Too Many Requests"
2026-09-14 21:56:41,374 INFO HTTP Request: POST https://vps.lpzproxy.xyz/v1/chat/completions "HTTP/1.1 429 Too Many Requests"
2026-09-14 21:56:41,476 INFO HTTP Request: POST https://vps.lpzproxy.xyz/v1/chat/completions "HTTP/1.1 429 Too Many Requests"
2026-09-14 21:56:41,509 INFO HTTP Request: POST https://vps.lpzproxy.xyz/v1/chat/completions "HTTP/1.1 429 Too Many Requests"
2026-09-14 21:56:41,537 INFO HTTP Request: POST https://vps.lpzproxy.xyz/v1/chat/completions "HTTP/1.1 429 Too Many Requests"
2026-09-14 21:56:41,558 INFO HTTP Request: POST https://vps.lpzproxy.xyz/v1/chat/completions "HTTP/1.1 429 Too Many Requests"
2026-09-14 21:56:41,698 INFO HTTP Request: POST https://vps.lpzproxy.xyz/v1/chat/completions "HTTP/1.1 429 Too Many Requests"
2026-09-14 21:56:41,723 INFO HTTP Request: POST https://vps.lpzproxy.xyz/v1/chat/completions "HTTP/1.1 429 Too Many Requests"
2026-09-14 21:56:41,798 INFO HTTP Request: POST https://vps.lpzproxy.xyz/v1/chat/completions "HTTP/1.1 429 Too Many Requests"
2026-09-14 21:56:41,812 INFO HTTP Request: POST https://vps.lpzproxy.xyz/v1/chat/completions "HTTP/1.1 429 Too Many Requests"
2026-09-14 21:56:41,828 INFO HTTP Request: POST https://vps.lpzproxy.xyz/v1/chat/completions "HTTP/1.1 429 Too Many Requests"
2026-09-14 21:56:41,846 INFO HTTP Request: POST https://vps.lpzproxy.xyz/v1/chat/completions "HTTP/1.1 429 Too Many Requests"
2026-09-14 21:56:41,852 INFO HTTP Request: POST https://vps.lpzproxy.xyz/v1/chat/completions "HTTP/1.1 429 Too Many Requests"
2026-09-14 21:56:41,858 INFO HTTP Request: POST https://vps.lpzproxy.xyz/v1/chat/completions "HTTP/1.1 429 Too Many Requests"
2026-09-14 21:56:41,890 INFO HTTP Request: POST https://vps.lpzproxy.xyz/v1/chat/completions "HTTP/1.1 429 Too Many Requests"
2026-09-14 21:56:41,896 INFO HTTP Request: POST https://vps.lpzproxy.xyz/v1/chat/completions "HTTP/1.1 429 Too Many Requests"
2026-09-14 21:56:42,077 INFO HTTP Request: POST https://vps.lpzproxy.xyz/v1/chat/completions "HTTP/1.1 429 Too Many Requests"
2026-09-14 21:56:42,182 INFO HTTP Request: POST https://vps.lpzproxy.xyz/v1/chat/completions "HTTP/1.1 429 Too Many Requests"
2026-09-14 21:56:42,298 INFO HTTP Request: POST https://vps.lpzproxy.xyz/v1/chat/completions "HTTP/1.1 429 Too Many Requests"
2026-09-14 21:56:42,315 INFO HTTP Request: POST https://vps.lpzproxy.xyz/v1/chat/completions "HTTP/1.1 429 Too Many Requests"
2026-09-14 21:56:42,524 INFO HTTP Request: POST https://vps.lpzproxy.xyz/v1/chat/completions "HTTP/1.1 429 Too Many Requests"
2026-09-14 21:56:42,534 INFO HTTP Request: POST https://vps.lpzproxy.xyz/v1/chat/completions "HTTP/1.1 429 Too Many Requests"
2026-09-14 21:56:42,642 INFO HTTP Request: POST https://vps.lpzproxy.xyz/v1/chat/completions "HTTP/1.1 429 Too Many Requests"
2026-09-14 21:56:43,077 INFO HTTP Request: POST https://vps.lpzproxy.xyz/v1/chat/completions "HTTP/1.1 429 Too Many Requests"
2026-09-14 21:56:43,201 INFO HTTP Request: POST https://vps.lpzproxy.xyz/v1/chat/completions "HTTP/1.1 429 Too Many Requests"
2026-09-14 21:56:43,299 INFO HTTP Request: POST https://vps.lpzproxy.xyz/v1/chat/completions "HTTP/1.1 429 Too Many Requests"
2026-09-14 21:56:43,557 INFO HTTP Request: POST https://vps.lpzproxy.xyz/v1/chat/completions "HTTP/1.1 429 Too Many Requests"
2026-09-14 21:56:43,797 INFO HTTP Request: POST https://vps.lpzproxy.xyz/v1/chat/completions "HTTP/1.1 429 Too Many Requests"
2026-09-14 21:56:44,147 INFO HTTP Request: POST https://vps.lpzproxy.xyz/v1/chat/completions "HTTP/1.1 429 Too Many Requests"
2026-09-14 21:56:44,154 INFO HTTP Request: POST https://vps.lpzproxy.xyz/v1/chat/completions "HTTP/1.1 429 Too Many Requests"
2026-09-14 21:56:44,368 INFO HTTP Request: POST https://vps.lpzproxy.xyz/v1/chat/completions "HTTP/1.1 429 Too Many Requests"
2026-09-14 21:56:44,389 INFO HTTP Request: POST https://vps.lpzproxy.xyz/v1/chat/completions "HTTP/1.1 429 Too Many Requests"
2026-09-14 21:56:44,437 INFO HTTP Request: POST https://vps.lpzproxy.xyz/v1/chat/completions "HTTP/1.1 429 Too Many Requests"
2026-09-14 21:56:44,626 INFO HTTP Request: POST https://vps.lpzproxy.xyz/v1/chat/completions "HTTP/1.1 429 Too Many Requests"
2026-09-14 21:56:44,637 INFO HTTP Request: POST https://vps.lpzproxy.xyz/v1/chat/completions "HTTP/1.1 429 Too Many Requests"
2026-09-14 21:56:44,697 INFO HTTP Request: POST https://vps.lpzproxy.xyz/v1/chat/completions "HTTP/1.1 429 Too Many Requests"
2026-09-14 21:56:44,734 INFO HTTP Request: POST https://vps.lpzproxy.xyz/v1/chat/completions "HTTP/1.1 429 Too Many Requests"
2026-09-14 21:56:44,757 INFO HTTP Request: POST https://vps.lpzproxy.xyz/v1/chat/completions "HTTP/1.1 429 Too Many Requests"
2026-09-14 21:56:44,784 INFO HTTP Request: POST https://vps.lpzproxy.xyz/v1/chat/completions "HTTP/1.1 429 Too Many Requests"
2026-09-14 21:56:44,857 INFO HTTP Request: POST https://vps.lpzproxy.xyz/v1/chat/completions "HTTP/1.1 429 Too Many Requests"
2026-09-14 21:56:44,888 INFO HTTP Request: POST https://vps.lpzproxy.xyz/v1/chat/completions "HTTP/1.1 429 Too Many Requests"
2026-09-14 21:56:44,926 INFO HTTP Request: POST https://vps.lpzproxy.xyz/v1/chat/completions "HTTP/1.1 429 Too Many Requests"
2026-09-14 21:56:45,034 INFO HTTP Request: POST https://vps.lpzproxy.xyz/v1/chat/completions "HTTP/1.1 429 Too Many Requests"
2026-09-14 21:56:45,164 INFO HTTP Request: POST https://vps.lpzproxy.xyz/v1/chat/completions "HTTP/1.1 429 Too Many Requests"
2026-09-14 21:56:45,305 INFO HTTP Request: POST https://vps.lpzproxy.xyz/v1/chat/completions "HTTP/1.1 429 Too Many Requests"
2026-09-14 21:56:45,379 INFO HTTP Request: POST https://vps.lpzproxy.xyz/v1/chat/completions "HTTP/1.1 429 Too Many Requests"
2026-09-14 21:56:45,577 INFO HTTP Request: POST https://vps.lpzproxy.xyz/v1/chat/completions "HTTP/1.1 429 Too Many Requests"
2026-09-14 21:56:45,579 INFO HTTP Request: POST https://vps.lpzproxy.xyz/v1/chat/completions "HTTP/1.1 429 Too Many Requests"
2026-09-14 21:56:45,584 INFO HTTP Request: POST https://vps.lpzproxy.xyz/v1/chat/completions "HTTP/1.1 429 Too Many Requests"
2026-09-14 21:56:45,957 INFO HTTP Request: POST https://vps.lpzproxy.xyz/v1/chat/completions "HTTP/1.1 429 Too Many Requests"
2026-09-14 21:56:46,084 INFO HTTP Request: POST https://vps.lpzproxy.xyz/v1/chat/completions "HTTP/1.1 429 Too Many Requests"
2026-09-14 21:56:46,356 INFO HTTP Request: POST https://vps.lpzproxy.xyz/v1/chat/completions "HTTP/1.1 429 Too Many Requests"
2026-09-14 21:56:46,451 INFO HTTP Request: POST https://vps.lpzproxy.xyz/v1/chat/completions "HTTP/1.1 429 Too Many Requests"
2026-09-14 21:56:46,726 INFO HTTP Request: POST https://vps.lpzproxy.xyz/v1/chat/completions "HTTP/1.1 429 Too Many Requests"
2026-09-14 21:56:46,813 INFO HTTP Request: POST https://vps.lpzproxy.xyz/v1/chat/completions "HTTP/1.1 429 Too Many Requests"
2026-09-14 21:56:46,877 INFO HTTP Request: POST https://vps.lpzproxy.xyz/v1/chat/completions "HTTP/1.1 429 Too Many Requests"
2026-09-14 21:56:46,961 INFO HTTP Request: POST https://vps.lpzproxy.xyz/v1/chat/completions "HTTP/1.1 429 Too Many Requests"
2026-09-14 21:56:46,968 INFO HTTP Request: POST https://vps.lpzproxy.xyz/v1/chat/completions "HTTP/1.1 429 Too Many Requests"
2026-09-14 21:56:46,997 INFO HTTP Request: POST https://vps.lpzproxy.xyz/v1/chat/completions "HTTP/1.1 429 Too Many Requests"
2026-09-14 21:56:47,027 INFO HTTP Request: POST https://vps.lpzproxy.xyz/v1/chat/completions "HTTP/1.1 429 Too Many Requests"
2026-09-14 21:56:47,111 INFO HTTP Request: POST https://vps.lpzproxy.xyz/v1/chat/completions "HTTP/1.1 429 Too Many Requests"
2026-09-14 21:56:47,237 INFO HTTP Request: POST https://vps.lpzproxy.xyz/v1/chat/completions "HTTP/1.1 429 Too Many Requests"
2026-09-14 21:56:47,787 INFO HTTP Request: POST https://vps.lpzproxy.xyz/v1/chat/completions "HTTP/1.1 429 Too Many Requests"
2026-09-14 21:56:47,898 INFO HTTP Request: POST https://vps.lpzproxy.xyz/v1/chat/completions "HTTP/1.1 429 Too Many Requests"
2026-09-14 21:56:48,248 INFO HTTP Request: POST https://vps.lpzproxy.xyz/v1/chat/completions "HTTP/1.1 429 Too Many Requests"
2026-09-14 21:56:48,623 INFO HTTP Request: POST https://vps.lpzproxy.xyz/v1/chat/completions "HTTP/1.1 429 Too Many Requests"
2026-09-14 21:56:48,654 INFO HTTP Request: POST https://vps.lpzproxy.xyz/v1/chat/completions "HTTP/1.1 429 Too Many Requests"
2026-09-14 21:56:49,157 INFO HTTP Request: POST https://vps.lpzproxy.xyz/v1/chat/completions "HTTP/1.1 429 Too Many Requests"
2026-09-14 21:56:49,574 INFO HTTP Request: POST https://vps.lpzproxy.xyz/v1/chat/completions "HTTP/1.1 429 Too Many Requests"
2026-09-14 21:56:49,739 INFO HTTP Request: POST https://vps.lpzproxy.xyz/v1/chat/completions "HTTP/1.1 429 Too Many Requests"
2026-09-14 21:56:49,876 INFO HTTP Request: POST https://vps.lpzproxy.xyz/v1/chat/completions "HTTP/1.1 429 Too Many Requests"
2026-09-14 21:56:49,877 INFO HTTP Request: POST https://vps.lpzproxy.xyz/v1/chat/completions "HTTP/1.1 429 Too Many Requests"
2026-09-14 21:56:50,043 INFO HTTP Request: POST https://vps.lpzproxy.xyz/v1/chat/completions "HTTP/1.1 429 Too Many Requests"
2026-09-14 21:56:50,149 INFO HTTP Request: POST https://vps.lpzproxy.xyz/v1/chat/completions "HTTP/1.1 429 Too Many Requests"
2026-09-14 21:56:50,463 INFO HTTP Request: POST https://vps.lpzproxy.xyz/v1/chat/completions "HTTP/1.1 429 Too Many Requests"
2026-09-14 21:56:50,465 INFO HTTP Request: POST https://vps.lpzproxy.xyz/v1/chat/completions "HTTP/1.1 429 Too Many Requests"
2026-09-14 21:56:50,466 INFO HTTP Request: POST https://vps.lpzproxy.xyz/v1/chat/completions "HTTP/1.1 429 Too Many Requests"
2026-09-14 21:56:51,003 INFO HTTP Request: POST https://vps.lpzproxy.xyz/v1/chat/completions "HTTP/1.1 429 Too Many Requests"
2026-09-14 21:56:51,449 INFO HTTP Request: POST https://vps.lpzproxy.xyz/v1/chat/completions "HTTP/1.1 429 Too Many Requests"
2026-09-14 21:56:53,451 INFO HTTP Request: POST https://vps.lpzproxy.xyz/v1/chat/completions "HTTP/1.1 429 Too Many Requests"
2026-09-14 21:56:53,452 ERROR judge job failed after retries: API request failed after retries: retryable HTTP 429: {"error":{"code":"model_cooldown","message":"All credentials for model gemini-3.7-flash-high are cooling down via provider antigravity","model":"gemini-3.7-flash-high","provider":"antigravity","reset_
2026-09-14 21:56:54,105 INFO HTTP Request: POST https://vps.lpzproxy.xyz/v1/chat/completions "HTTP/1.1 429 Too Many Requests"
2026-09-14 21:56:54,106 ERROR judge job failed after retries: API request failed after retries: retryable HTTP 429: {"error":{"code":"model_cooldown","message":"All credentials for model gemini-3.7-flash-high are cooling down via provider antigravity","model":"gemini-3.7-flash-high","provider":"antigravity","reset_
2026-09-14 21:56:54,126 INFO HTTP Request: POST https://vps.lpzproxy.xyz/v1/chat/completions "HTTP/1.1 429 Too Many Requests"
2026-09-14 21:56:54,126 ERROR judge job failed after retries: API request failed after retries: retryable HTTP 429: {"error":{"code":"model_cooldown","message":"All credentials for model gemini-3.7-flash-high are cooling down via provider antigravity","model":"gemini-3.7-flash-high","provider":"antigravity","reset_
2026-09-14 21:56:54,217 INFO HTTP Request: POST https://vps.lpzproxy.xyz/v1/chat/completions "HTTP/1.1 429 Too Many Requests"
2026-09-14 21:56:54,218 ERROR judge job failed after retries: API request failed after retries: retryable HTTP 429: {"error":{"code":"model_cooldown","message":"All credentials for model gemini-3.7-flash-high are cooling down via provider antigravity","model":"gemini-3.7-flash-high","provider":"antigravity","reset_
2026-09-14 21:56:54,575 INFO HTTP Request: POST https://vps.lpzproxy.xyz/v1/chat/completions "HTTP/1.1 429 Too Many Requests"
2026-09-14 21:56:54,576 ERROR judge job failed after retries: API request failed after retries: retryable HTTP 429: {"error":{"code":"model_cooldown","message":"All credentials for model gemini-3.7-flash-high are cooling down via provider antigravity","model":"gemini-3.7-flash-high","provider":"antigravity","reset_
2026-09-14 21:56:54,817 INFO HTTP Request: POST https://vps.lpzproxy.xyz/v1/chat/completions "HTTP/1.1 429 Too Many Requests"
2026-09-14 21:56:54,890 INFO HTTP Request: POST https://vps.lpzproxy.xyz/v1/chat/completions "HTTP/1.1 429 Too Many Requests"
2026-09-14 21:56:54,890 ERROR judge job failed after retries: API request failed after retries: retryable HTTP 429: {"error":{"code":"model_cooldown","message":"All credentials for model gemini-3.7-flash-high are cooling down via provider antigravity","model":"gemini-3.7-flash-high","provider":"antigravity","reset_
2026-09-14 21:56:55,000 INFO HTTP Request: POST https://vps.lpzproxy.xyz/v1/chat/completions "HTTP/1.1 429 Too Many Requests"
2026-09-14 21:56:55,001 ERROR judge job failed after retries: API request failed after retries: retryable HTTP 429: {"error":{"code":"model_cooldown","message":"All credentials for model gemini-3.7-flash-high are cooling down via provider antigravity","model":"gemini-3.7-flash-high","provider":"antigravity","reset_
2026-09-14 21:56:55,018 INFO HTTP Request: POST https://vps.lpzproxy.xyz/v1/chat/completions "HTTP/1.1 429 Too Many Requests"
2026-09-14 21:56:55,018 ERROR judge job failed after retries: API request failed after retries: retryable HTTP 429: {"error":{"code":"model_cooldown","message":"All credentials for model gemini-3.7-flash-high are cooling down via provider antigravity","model":"gemini-3.7-flash-high","provider":"antigravity","reset_
2026-09-14 21:56:55,118 INFO HTTP Request: POST https://vps.lpzproxy.xyz/v1/chat/completions "HTTP/1.1 429 Too Many Requests"
2026-09-14 21:56:55,118 ERROR judge job failed after retries: API request failed after retries: retryable HTTP 429: {"error":{"code":"model_cooldown","message":"All credentials for model gemini-3.7-flash-high are cooling down via provider antigravity","model":"gemini-3.7-flash-high","provider":"antigravity","reset_
2026-09-14 21:56:55,265 INFO HTTP Request: POST https://vps.lpzproxy.xyz/v1/chat/completions "HTTP/1.1 429 Too Many Requests"
2026-09-14 21:56:55,266 ERROR judge job failed after retries: API request failed after retries: retryable HTTP 429: {"error":{"code":"model_cooldown","message":"All credentials for model gemini-3.7-flash-high are cooling down via provider antigravity","model":"gemini-3.7-flash-high","provider":"antigravity","reset_
2026-09-14 21:56:55,332 INFO HTTP Request: POST https://vps.lpzproxy.xyz/v1/chat/completions "HTTP/1.1 429 Too Many Requests"
2026-09-14 21:56:55,333 ERROR judge job failed after retries: API request failed after retries: retryable HTTP 429: {"error":{"code":"model_cooldown","message":"All credentials for model gemini-3.7-flash-high are cooling down via provider antigravity","model":"gemini-3.7-flash-high","provider":"antigravity","reset_
2026-09-14 21:56:55,502 INFO HTTP Request: POST https://vps.lpzproxy.xyz/v1/chat/completions "HTTP/1.1 429 Too Many Requests"
2026-09-14 21:56:55,529 INFO HTTP Request: POST https://vps.lpzproxy.xyz/v1/chat/completions "HTTP/1.1 429 Too Many Requests"
2026-09-14 21:56:55,656 INFO HTTP Request: POST https://vps.lpzproxy.xyz/v1/chat/completions "HTTP/1.1 429 Too Many Requests"
2026-09-14 21:56:55,750 INFO HTTP Request: POST https://vps.lpzproxy.xyz/v1/chat/completions "HTTP/1.1 429 Too Many Requests"
2026-09-14 21:56:55,751 ERROR judge job failed after retries: API request failed after retries: retryable HTTP 429: {"error":{"code":"model_cooldown","message":"All credentials for model gemini-3.7-flash-high are cooling down via provider antigravity","model":"gemini-3.7-flash-high","provider":"antigravity","reset_
2026-09-14 21:56:56,000 INFO HTTP Request: POST https://vps.lpzproxy.xyz/v1/chat/completions "HTTP/1.1 429 Too Many Requests"
2026-09-14 21:56:56,011 INFO HTTP Request: POST https://vps.lpzproxy.xyz/v1/chat/completions "HTTP/1.1 429 Too Many Requests"
2026-09-14 21:56:56,012 ERROR judge job failed after retries: API request failed after retries: retryable HTTP 429: {"error":{"code":"model_cooldown","message":"All credentials for model gemini-3.7-flash-high are cooling down via provider antigravity","model":"gemini-3.7-flash-high","provider":"antigravity","reset_
2026-09-14 21:56:56,013 INFO HTTP Request: POST https://vps.lpzproxy.xyz/v1/chat/completions "HTTP/1.1 429 Too Many Requests"
2026-09-14 21:56:56,014 ERROR judge job failed after retries: API request failed after retries: retryable HTTP 429: {"error":{"code":"model_cooldown","message":"All credentials for model gemini-3.7-flash-high are cooling down via provider antigravity","model":"gemini-3.7-flash-high","provider":"antigravity","reset_
2026-09-14 21:56:56,276 INFO HTTP Request: POST https://vps.lpzproxy.xyz/v1/chat/completions "HTTP/1.1 429 Too Many Requests"
2026-09-14 21:56:56,325 INFO HTTP Request: POST https://vps.lpzproxy.xyz/v1/chat/completions "HTTP/1.1 429 Too Many Requests"
2026-09-14 21:56:56,326 ERROR judge job failed after retries: API request failed after retries: retryable HTTP 429: {"error":{"code":"model_cooldown","message":"All credentials for model gemini-3.7-flash-high are cooling down via provider antigravity","model":"gemini-3.7-flash-high","provider":"antigravity","reset_
2026-09-14 21:56:56,362 INFO HTTP Request: POST https://vps.lpzproxy.xyz/v1/chat/completions "HTTP/1.1 429 Too Many Requests"
2026-09-14 21:56:56,362 ERROR judge job failed after retries: API request failed after retries: retryable HTTP 429: {"error":{"code":"model_cooldown","message":"All credentials for model gemini-3.7-flash-high are cooling down via provider antigravity","model":"gemini-3.7-flash-high","provider":"antigravity","reset_
2026-09-14 21:56:56,401 INFO HTTP Request: POST https://vps.lpzproxy.xyz/v1/chat/completions "HTTP/1.1 429 Too Many Requests"
2026-09-14 21:56:56,413 INFO HTTP Request: POST https://vps.lpzproxy.xyz/v1/chat/completions "HTTP/1.1 429 Too Many Requests"
2026-09-14 21:56:56,528 INFO HTTP Request: POST https://vps.lpzproxy.xyz/v1/chat/completions "HTTP/1.1 429 Too Many Requests"
2026-09-14 21:56:56,628 INFO HTTP Request: POST https://vps.lpzproxy.xyz/v1/chat/completions "HTTP/1.1 429 Too Many Requests"
2026-09-14 21:56:56,629 ERROR judge job failed after retries: API request failed after retries: retryable HTTP 429: {"error":{"code":"model_cooldown","message":"All credentials for model gemini-3.7-flash-high are cooling down via provider antigravity","model":"gemini-3.7-flash-high","provider":"antigravity","reset_
2026-09-14 21:56:56,630 INFO HTTP Request: POST https://vps.lpzproxy.xyz/v1/chat/completions "HTTP/1.1 429 Too Many Requests"
2026-09-14 21:56:56,703 INFO HTTP Request: POST https://vps.lpzproxy.xyz/v1/chat/completions "HTTP/1.1 429 Too Many Requests"
2026-09-14 21:56:56,796 INFO HTTP Request: POST https://vps.lpzproxy.xyz/v1/chat/completions "HTTP/1.1 429 Too Many Requests"
2026-09-14 21:56:56,797 ERROR judge job failed after retries: API request failed after retries: retryable HTTP 429: {"error":{"code":"model_cooldown","message":"All credentials for model gemini-3.7-flash-high are cooling down via provider antigravity","model":"gemini-3.7-flash-high","provider":"antigravity","reset_
2026-09-14 21:56:56,926 INFO HTTP Request: POST https://vps.lpzproxy.xyz/v1/chat/completions "HTTP/1.1 429 Too Many Requests"
2026-09-14 21:56:56,926 ERROR judge job failed after retries: API request failed after retries: retryable HTTP 429: {"error":{"code":"model_cooldown","message":"All credentials for model gemini-3.7-flash-high are cooling down via provider antigravity","model":"gemini-3.7-flash-high","provider":"antigravity","reset_
2026-09-14 21:56:57,016 INFO HTTP Request: POST https://vps.lpzproxy.xyz/v1/chat/completions "HTTP/1.1 429 Too Many Requests"
2026-09-14 21:56:57,016 ERROR judge job failed after retries: API request failed after retries: retryable HTTP 429: {"error":{"code":"model_cooldown","message":"All credentials for model gemini-3.7-flash-high are cooling down via provider antigravity","model":"gemini-3.7-flash-high","provider":"antigravity","reset_
2026-09-14 21:56:57,023 INFO HTTP Request: POST https://vps.lpzproxy.xyz/v1/chat/completions "HTTP/1.1 429 Too Many Requests"
2026-09-14 21:56:57,024 ERROR judge job failed after retries: API request failed after retries: retryable HTTP 429: {"error":{"code":"model_cooldown","message":"All credentials for model gemini-3.7-flash-high are cooling down via provider antigravity","model":"gemini-3.7-flash-high","provider":"antigravity","reset_
2026-09-14 21:56:57,131 INFO HTTP Request: POST https://vps.lpzproxy.xyz/v1/chat/completions "HTTP/1.1 429 Too Many Requests"
2026-09-14 21:56:57,158 INFO HTTP Request: POST https://vps.lpzproxy.xyz/v1/chat/completions "HTTP/1.1 429 Too Many Requests"
2026-09-14 21:56:57,159 ERROR judge job failed after retries: API request failed after retries: retryable HTTP 429: {"error":{"code":"model_cooldown","message":"All credentials for model gemini-3.7-flash-high are cooling down via provider antigravity","model":"gemini-3.7-flash-high","provider":"antigravity","reset_
2026-09-14 21:56:57,276 INFO HTTP Request: POST https://vps.lpzproxy.xyz/v1/chat/completions "HTTP/1.1 429 Too Many Requests"
2026-09-14 21:56:57,276 ERROR judge job failed after retries: API request failed after retries: retryable HTTP 429: {"error":{"code":"model_cooldown","message":"All credentials for model gemini-3.7-flash-high are cooling down via provider antigravity","model":"gemini-3.7-flash-high","provider":"antigravity","reset_
2026-09-14 21:56:57,332 INFO HTTP Request: POST https://vps.lpzproxy.xyz/v1/chat/completions "HTTP/1.1 429 Too Many Requests"
2026-09-14 21:56:57,378 INFO HTTP Request: POST https://vps.lpzproxy.xyz/v1/chat/completions "HTTP/1.1 429 Too Many Requests"
2026-09-14 21:56:57,398 INFO HTTP Request: POST https://vps.lpzproxy.xyz/v1/chat/completions "HTTP/1.1 429 Too Many Requests"
2026-09-14 21:56:57,662 INFO HTTP Request: POST https://vps.lpzproxy.xyz/v1/chat/completions "HTTP/1.1 429 Too Many Requests"
2026-09-14 21:56:57,723 INFO HTTP Request: POST https://vps.lpzproxy.xyz/v1/chat/completions "HTTP/1.1 429 Too Many Requests"
2026-09-14 21:56:57,769 INFO HTTP Request: POST https://vps.lpzproxy.xyz/v1/chat/completions "HTTP/1.1 429 Too Many Requests"
2026-09-14 21:56:57,798 INFO HTTP Request: POST https://vps.lpzproxy.xyz/v1/chat/completions "HTTP/1.1 429 Too Many Requests"
2026-09-14 21:56:57,798 ERROR judge job failed after retries: API request failed after retries: retryable HTTP 429: {"error":{"code":"model_cooldown","message":"All credentials for model gemini-3.7-flash-high are cooling down via provider antigravity","model":"gemini-3.7-flash-high","provider":"antigravity","reset_
2026-09-14 21:56:57,916 INFO HTTP Request: POST https://vps.lpzproxy.xyz/v1/chat/completions "HTTP/1.1 429 Too Many Requests"
2026-09-14 21:56:57,943 INFO HTTP Request: POST https://vps.lpzproxy.xyz/v1/chat/completions "HTTP/1.1 429 Too Many Requests"
2026-09-14 21:56:58,023 INFO HTTP Request: POST https://vps.lpzproxy.xyz/v1/chat/completions "HTTP/1.1 429 Too Many Requests"
2026-09-14 21:56:58,085 INFO HTTP Request: POST https://vps.lpzproxy.xyz/v1/chat/completions "HTTP/1.1 429 Too Many Requests"
2026-09-14 21:56:58,206 INFO HTTP Request: POST https://vps.lpzproxy.xyz/v1/chat/completions "HTTP/1.1 429 Too Many Requests"
2026-09-14 21:56:58,206 INFO HTTP Request: POST https://vps.lpzproxy.xyz/v1/chat/completions "HTTP/1.1 429 Too Many Requests"
2026-09-14 21:56:58,207 ERROR judge job failed after retries: API request failed after retries: retryable HTTP 429: {"error":{"code":"model_cooldown","message":"All credentials for model gemini-3.7-flash-high are cooling down via provider antigravity","model":"gemini-3.7-flash-high","provider":"antigravity","reset_
2026-09-14 21:56:58,280 INFO HTTP Request: POST https://vps.lpzproxy.xyz/v1/chat/completions "HTTP/1.1 429 Too Many Requests"
2026-09-14 21:56:58,319 INFO HTTP Request: POST https://vps.lpzproxy.xyz/v1/chat/completions "HTTP/1.1 429 Too Many Requests"
2026-09-14 21:56:58,331 INFO HTTP Request: POST https://vps.lpzproxy.xyz/v1/chat/completions "HTTP/1.1 429 Too Many Requests"
2026-09-14 21:56:58,340 INFO HTTP Request: POST https://vps.lpzproxy.xyz/v1/chat/completions "HTTP/1.1 429 Too Many Requests"
2026-09-14 21:56:58,341 ERROR judge job failed after retries: API request failed after retries: retryable HTTP 429: {"error":{"code":"model_cooldown","message":"All credentials for model gemini-3.7-flash-high are cooling down via provider antigravity","model":"gemini-3.7-flash-high","provider":"antigravity","reset_
2026-09-14 21:56:58,404 INFO HTTP Request: POST https://vps.lpzproxy.xyz/v1/chat/completions "HTTP/1.1 429 Too Many Requests"
2026-09-14 21:56:58,423 INFO HTTP Request: POST https://vps.lpzproxy.xyz/v1/chat/completions "HTTP/1.1 429 Too Many Requests"
2026-09-14 21:56:58,474 INFO HTTP Request: POST https://vps.lpzproxy.xyz/v1/chat/completions "HTTP/1.1 429 Too Many Requests"
2026-09-14 21:56:58,475 ERROR judge job failed after retries: API request failed after retries: retryable HTTP 429: {"error":{"code":"model_cooldown","message":"All credentials for model gemini-3.7-flash-high are cooling down via provider antigravity","model":"gemini-3.7-flash-high","provider":"antigravity","reset_
2026-09-14 21:56:58,486 INFO HTTP Request: POST https://vps.lpzproxy.xyz/v1/chat/completions "HTTP/1.1 429 Too Many Requests"
2026-09-14 21:56:58,584 INFO HTTP Request: POST https://vps.lpzproxy.xyz/v1/chat/completions "HTTP/1.1 429 Too Many Requests"
2026-09-14 21:56:58,600 INFO HTTP Request: POST https://vps.lpzproxy.xyz/v1/chat/completions "HTTP/1.1 429 Too Many Requests"
2026-09-14 21:56:58,601 ERROR judge job failed after retries: API request failed after retries: retryable HTTP 429: {"error":{"code":"model_cooldown","message":"All credentials for model gemini-3.7-flash-high are cooling down via provider antigravity","model":"gemini-3.7-flash-high","provider":"antigravity","reset_
2026-09-14 21:56:58,654 INFO HTTP Request: POST https://vps.lpzproxy.xyz/v1/chat/completions "HTTP/1.1 429 Too Many Requests"
2026-09-14 21:56:58,700 INFO HTTP Request: POST https://vps.lpzproxy.xyz/v1/chat/completions "HTTP/1.1 429 Too Many Requests"
2026-09-14 21:56:58,855 INFO HTTP Request: POST https://vps.lpzproxy.xyz/v1/chat/completions "HTTP/1.1 429 Too Many Requests"
2026-09-14 21:56:58,956 INFO HTTP Request: POST https://vps.lpzproxy.xyz/v1/chat/completions "HTTP/1.1 429 Too Many Requests"
2026-09-14 21:56:59,172 INFO HTTP Request: POST https://vps.lpzproxy.xyz/v1/chat/completions "HTTP/1.1 429 Too Many Requests"
2026-09-14 21:56:59,172 INFO HTTP Request: POST https://vps.lpzproxy.xyz/v1/chat/completions "HTTP/1.1 429 Too Many Requests"
2026-09-14 21:56:59,173 ERROR judge job failed after retries: API request failed after retries: retryable HTTP 429: {"error":{"code":"model_cooldown","message":"All credentials for model gemini-3.7-flash-high are cooling down via provider antigravity","model":"gemini-3.7-flash-high","provider":"antigravity","reset_
2026-09-14 21:56:59,191 INFO HTTP Request: POST https://vps.lpzproxy.xyz/v1/chat/completions "HTTP/1.1 429 Too Many Requests"
2026-09-14 21:56:59,206 INFO HTTP Request: POST https://vps.lpzproxy.xyz/v1/chat/completions "HTTP/1.1 429 Too Many Requests"
2026-09-14 21:56:59,368 INFO HTTP Request: POST https://vps.lpzproxy.xyz/v1/chat/completions "HTTP/1.1 429 Too Many Requests"
2026-09-14 21:56:59,486 INFO HTTP Request: POST https://vps.lpzproxy.xyz/v1/chat/completions "HTTP/1.1 429 Too Many Requests"
2026-09-14 21:56:59,500 INFO HTTP Request: POST https://vps.lpzproxy.xyz/v1/chat/completions "HTTP/1.1 429 Too Many Requests"
2026-09-14 21:56:59,500 INFO HTTP Request: POST https://vps.lpzproxy.xyz/v1/chat/completions "HTTP/1.1 429 Too Many Requests"
2026-09-14 21:56:59,501 INFO HTTP Request: POST https://vps.lpzproxy.xyz/v1/chat/completions "HTTP/1.1 429 Too Many Requests"
2026-09-14 21:56:59,501 ERROR judge job failed after retries: API request failed after retries: retryable HTTP 429: {"error":{"code":"model_cooldown","message":"All credentials for model gemini-3.7-flash-high are cooling down via provider antigravity","model":"gemini-3.7-flash-high","provider":"antigravity","reset_
2026-09-14 21:56:59,501 ERROR judge job failed after retries: API request failed after retries: retryable HTTP 429: {"error":{"code":"model_cooldown","message":"All credentials for model gemini-3.7-flash-high are cooling down via provider antigravity","model":"gemini-3.7-flash-high","provider":"antigravity","reset_
2026-09-14 21:56:59,606 INFO HTTP Request: POST https://vps.lpzproxy.xyz/v1/chat/completions "HTTP/1.1 429 Too Many Requests"
2026-09-14 21:56:59,717 INFO HTTP Request: POST https://vps.lpzproxy.xyz/v1/chat/completions "HTTP/1.1 429 Too Many Requests"
2026-09-14 21:56:59,718 ERROR judge job failed after retries: API request failed after retries: retryable HTTP 429: {"error":{"code":"model_cooldown","message":"All credentials for model gemini-3.7-flash-high are cooling down via provider antigravity","model":"gemini-3.7-flash-high","provider":"antigravity","reset_
2026-09-14 21:56:59,736 INFO HTTP Request: POST https://vps.lpzproxy.xyz/v1/chat/completions "HTTP/1.1 429 Too Many Requests"
2026-09-14 21:56:59,881 INFO HTTP Request: POST https://vps.lpzproxy.xyz/v1/chat/completions "HTTP/1.1 429 Too Many Requests"
2026-09-14 21:56:59,966 INFO HTTP Request: POST https://vps.lpzproxy.xyz/v1/chat/completions "HTTP/1.1 429 Too Many Requests"
2026-09-14 21:56:59,966 ERROR judge job failed after retries: API request failed after retries: retryable HTTP 429: {"error":{"code":"model_cooldown","message":"All credentials for model gemini-3.7-flash-high are cooling down via provider antigravity","model":"gemini-3.7-flash-high","provider":"antigravity","reset_
2026-09-14 21:56:59,989 INFO HTTP Request: POST https://vps.lpzproxy.xyz/v1/chat/completions "HTTP/1.1 429 Too Many Requests"
2026-09-14 21:57:00,119 INFO HTTP Request: POST https://vps.lpzproxy.xyz/v1/chat/completions "HTTP/1.1 429 Too Many Requests"
2026-09-14 21:57:00,152 INFO HTTP Request: POST https://vps.lpzproxy.xyz/v1/chat/completions "HTTP/1.1 429 Too Many Requests"
2026-09-14 21:57:00,153 ERROR judge job failed after retries: API request failed after retries: retryable HTTP 429: {"error":{"code":"model_cooldown","message":"All credentials for model gemini-3.7-flash-high are cooling down via provider antigravity","model":"gemini-3.7-flash-high","provider":"antigravity","reset_
2026-09-14 21:57:00,199 INFO HTTP Request: POST https://vps.lpzproxy.xyz/v1/chat/completions "HTTP/1.1 429 Too Many Requests"
2026-09-14 21:57:00,289 INFO HTTP Request: POST https://vps.lpzproxy.xyz/v1/chat/completions "HTTP/1.1 429 Too Many Requests"
2026-09-14 21:57:00,290 ERROR judge job failed after retries: API request failed after retries: retryable HTTP 429: {"error":{"code":"model_cooldown","message":"All credentials for model gemini-3.7-flash-high are cooling down via provider antigravity","model":"gemini-3.7-flash-high","provider":"antigravity","reset_
2026-09-14 21:57:00,295 INFO HTTP Request: POST https://vps.lpzproxy.xyz/v1/chat/completions "HTTP/1.1 429 Too Many Requests"
2026-09-14 21:57:00,361 INFO HTTP Request: POST https://vps.lpzproxy.xyz/v1/chat/completions "HTTP/1.1 429 Too Many Requests"
2026-09-14 21:57:00,379 INFO HTTP Request: POST https://vps.lpzproxy.xyz/v1/chat/completions "HTTP/1.1 429 Too Many Requests"
2026-09-14 21:57:00,379 INFO HTTP Request: POST https://vps.lpzproxy.xyz/v1/chat/completions "HTTP/1.1 429 Too Many Requests"
2026-09-14 21:57:00,380 ERROR judge job failed after retries: API request failed after retries: retryable HTTP 429: {"error":{"code":"model_cooldown","message":"All credentials for model gemini-3.7-flash-high are cooling down via provider antigravity","model":"gemini-3.7-flash-high","provider":"antigravity","reset_
2026-09-14 21:57:00,380 ERROR judge job failed after retries: API request failed after retries: retryable HTTP 429: {"error":{"code":"model_cooldown","message":"All credentials for model gemini-3.7-flash-high are cooling down via provider antigravity","model":"gemini-3.7-flash-high","provider":"antigravity","reset_
2026-09-14 21:57:00,386 INFO HTTP Request: POST https://vps.lpzproxy.xyz/v1/chat/completions "HTTP/1.1 429 Too Many Requests"
2026-09-14 21:57:00,400 INFO HTTP Request: POST https://vps.lpzproxy.xyz/v1/chat/completions "HTTP/1.1 429 Too Many Requests"
2026-09-14 21:57:00,567 INFO HTTP Request: POST https://vps.lpzproxy.xyz/v1/chat/completions "HTTP/1.1 429 Too Many Requests"
2026-09-14 21:57:00,772 INFO HTTP Request: POST https://vps.lpzproxy.xyz/v1/chat/completions "HTTP/1.1 429 Too Many Requests"
2026-09-14 21:57:00,773 ERROR judge job failed after retries: API request failed after retries: retryable HTTP 429: {"error":{"code":"model_cooldown","message":"All credentials for model gemini-3.7-flash-high are cooling down via provider antigravity","model":"gemini-3.7-flash-high","provider":"antigravity","reset_
2026-09-14 21:57:00,782 INFO HTTP Request: POST https://vps.lpzproxy.xyz/v1/chat/completions "HTTP/1.1 429 Too Many Requests"
2026-09-14 21:57:00,820 INFO HTTP Request: POST https://vps.lpzproxy.xyz/v1/chat/completions "HTTP/1.1 429 Too Many Requests"
2026-09-14 21:57:00,822 INFO HTTP Request: POST https://vps.lpzproxy.xyz/v1/chat/completions "HTTP/1.1 429 Too Many Requests"
2026-09-14 21:57:00,853 INFO HTTP Request: POST https://vps.lpzproxy.xyz/v1/chat/completions "HTTP/1.1 429 Too Many Requests"
2026-09-14 21:57:00,857 INFO HTTP Request: POST https://vps.lpzproxy.xyz/v1/chat/completions "HTTP/1.1 429 Too Many Requests"
2026-09-14 21:57:00,865 INFO HTTP Request: POST https://vps.lpzproxy.xyz/v1/chat/completions "HTTP/1.1 429 Too Many Requests"
2026-09-14 21:57:00,865 ERROR judge job failed after retries: API request failed after retries: retryable HTTP 429: {"error":{"code":"model_cooldown","message":"All credentials for model gemini-3.7-flash-high are cooling down via provider antigravity","model":"gemini-3.7-flash-high","provider":"antigravity","reset_
2026-09-14 21:57:00,938 INFO HTTP Request: POST https://vps.lpzproxy.xyz/v1/chat/completions "HTTP/1.1 429 Too Many Requests"
2026-09-14 21:57:00,938 ERROR judge job failed after retries: API request failed after retries: retryable HTTP 429: {"error":{"code":"model_cooldown","message":"All credentials for model gemini-3.7-flash-high are cooling down via provider antigravity","model":"gemini-3.7-flash-high","provider":"antigravity","reset_
2026-09-14 21:57:00,984 INFO HTTP Request: POST https://vps.lpzproxy.xyz/v1/chat/completions "HTTP/1.1 429 Too Many Requests"
2026-09-14 21:57:01,076 INFO HTTP Request: POST https://vps.lpzproxy.xyz/v1/chat/completions "HTTP/1.1 429 Too Many Requests"
2026-09-14 21:57:01,122 INFO HTTP Request: POST https://vps.lpzproxy.xyz/v1/chat/completions "HTTP/1.1 429 Too Many Requests"
2026-09-14 21:57:01,136 INFO HTTP Request: POST https://vps.lpzproxy.xyz/v1/chat/completions "HTTP/1.1 429 Too Many Requests"
2026-09-14 21:57:01,201 INFO HTTP Request: POST https://vps.lpzproxy.xyz/v1/chat/completions "HTTP/1.1 429 Too Many Requests"
2026-09-14 21:57:01,303 INFO HTTP Request: POST https://vps.lpzproxy.xyz/v1/chat/completions "HTTP/1.1 429 Too Many Requests"
2026-09-14 21:57:01,376 INFO HTTP Request: POST https://vps.lpzproxy.xyz/v1/chat/completions "HTTP/1.1 429 Too Many Requests"
2026-09-14 21:57:01,383 INFO HTTP Request: POST https://vps.lpzproxy.xyz/v1/chat/completions "HTTP/1.1 429 Too Many Requests"
2026-09-14 21:57:01,466 INFO HTTP Request: POST https://vps.lpzproxy.xyz/v1/chat/completions "HTTP/1.1 429 Too Many Requests"
2026-09-14 21:57:01,535 INFO HTTP Request: POST https://vps.lpzproxy.xyz/v1/chat/completions "HTTP/1.1 429 Too Many Requests"
2026-09-14 21:57:01,557 INFO HTTP Request: POST https://vps.lpzproxy.xyz/v1/chat/completions "HTTP/1.1 429 Too Many Requests"
2026-09-14 21:57:01,637 INFO HTTP Request: POST https://vps.lpzproxy.xyz/v1/chat/completions "HTTP/1.1 429 Too Many Requests"
2026-09-14 21:57:01,701 INFO HTTP Request: POST https://vps.lpzproxy.xyz/v1/chat/completions "HTTP/1.1 429 Too Many Requests"
2026-09-14 21:57:01,719 INFO HTTP Request: POST https://vps.lpzproxy.xyz/v1/chat/completions "HTTP/1.1 429 Too Many Requests"
2026-09-14 21:57:01,730 INFO HTTP Request: POST https://vps.lpzproxy.xyz/v1/chat/completions "HTTP/1.1 429 Too Many Requests"
2026-09-14 21:57:01,776 INFO HTTP Request: POST https://vps.lpzproxy.xyz/v1/chat/completions "HTTP/1.1 429 Too Many Requests"
2026-09-14 21:57:01,796 INFO HTTP Request: POST https://vps.lpzproxy.xyz/v1/chat/completions "HTTP/1.1 429 Too Many Requests"
2026-09-14 21:57:01,806 INFO HTTP Request: POST https://vps.lpzproxy.xyz/v1/chat/completions "HTTP/1.1 429 Too Many Requests"
2026-09-14 21:57:01,840 INFO HTTP Request: POST https://vps.lpzproxy.xyz/v1/chat/completions "HTTP/1.1 429 Too Many Requests"
2026-09-14 21:57:01,918 INFO HTTP Request: POST https://vps.lpzproxy.xyz/v1/chat/completions "HTTP/1.1 429 Too Many Requests"
2026-09-14 21:57:02,174 INFO HTTP Request: POST https://vps.lpzproxy.xyz/v1/chat/completions "HTTP/1.1 429 Too Many Requests"
2026-09-14 21:57:02,229 INFO HTTP Request: POST https://vps.lpzproxy.xyz/v1/chat/completions "HTTP/1.1 429 Too Many Requests"
2026-09-14 21:57:02,327 INFO HTTP Request: POST https://vps.lpzproxy.xyz/v1/chat/completions "HTTP/1.1 429 Too Many Requests"
2026-09-14 21:57:02,372 INFO HTTP Request: POST https://vps.lpzproxy.xyz/v1/chat/completions "HTTP/1.1 429 Too Many Requests"
2026-09-14 21:57:02,645 INFO HTTP Request: POST https://vps.lpzproxy.xyz/v1/chat/completions "HTTP/1.1 429 Too Many Requests"
2026-09-14 21:57:02,647 INFO HTTP Request: POST https://vps.lpzproxy.xyz/v1/chat/completions "HTTP/1.1 429 Too Many Requests"
2026-09-14 21:57:02,659 INFO HTTP Request: POST https://vps.lpzproxy.xyz/v1/chat/completions "HTTP/1.1 429 Too Many Requests"
2026-09-14 21:57:02,785 INFO HTTP Request: POST https://vps.lpzproxy.xyz/v1/chat/completions "HTTP/1.1 429 Too Many Requests"
2026-09-14 21:57:02,811 INFO HTTP Request: POST https://vps.lpzproxy.xyz/v1/chat/completions "HTTP/1.1 429 Too Many Requests"
2026-09-14 21:57:02,896 INFO HTTP Request: POST https://vps.lpzproxy.xyz/v1/chat/completions "HTTP/1.1 429 Too Many Requests"
2026-09-14 21:57:03,088 INFO HTTP Request: POST https://vps.lpzproxy.xyz/v1/chat/completions "HTTP/1.1 429 Too Many Requests"
2026-09-14 21:57:03,092 INFO HTTP Request: POST https://vps.lpzproxy.xyz/v1/chat/completions "HTTP/1.1 429 Too Many Requests"
2026-09-14 21:57:03,093 INFO HTTP Request: POST https://vps.lpzproxy.xyz/v1/chat/completions "HTTP/1.1 429 Too Many Requests"
2026-09-14 21:57:03,101 INFO HTTP Request: POST https://vps.lpzproxy.xyz/v1/chat/completions "HTTP/1.1 429 Too Many Requests"
2026-09-14 21:57:03,157 INFO HTTP Request: POST https://vps.lpzproxy.xyz/v1/chat/completions "HTTP/1.1 429 Too Many Requests"
2026-09-14 21:57:03,203 INFO HTTP Request: POST https://vps.lpzproxy.xyz/v1/chat/completions "HTTP/1.1 429 Too Many Requests"
2026-09-14 21:57:03,210 INFO HTTP Request: POST https://vps.lpzproxy.xyz/v1/chat/completions "HTTP/1.1 429 Too Many Requests"
2026-09-14 21:57:03,532 INFO HTTP Request: POST https://vps.lpzproxy.xyz/v1/chat/completions "HTTP/1.1 429 Too Many Requests"
2026-09-14 21:57:03,534 INFO HTTP Request: POST https://vps.lpzproxy.xyz/v1/chat/completions "HTTP/1.1 429 Too Many Requests"
2026-09-14 21:57:03,543 INFO HTTP Request: POST https://vps.lpzproxy.xyz/v1/chat/completions "HTTP/1.1 429 Too Many Requests"
2026-09-14 21:57:03,702 INFO HTTP Request: POST https://vps.lpzproxy.xyz/v1/chat/completions "HTTP/1.1 429 Too Many Requests"
2026-09-14 21:57:03,742 INFO HTTP Request: POST https://vps.lpzproxy.xyz/v1/chat/completions "HTTP/1.1 429 Too Many Requests"
2026-09-14 21:57:03,877 INFO HTTP Request: POST https://vps.lpzproxy.xyz/v1/chat/completions "HTTP/1.1 429 Too Many Requests"
2026-09-14 21:57:03,934 INFO HTTP Request: POST https://vps.lpzproxy.xyz/v1/chat/completions "HTTP/1.1 429 Too Many Requests"
2026-09-14 21:57:04,203 INFO HTTP Request: POST https://vps.lpzproxy.xyz/v1/chat/completions "HTTP/1.1 429 Too Many Requests"
2026-09-14 21:57:04,250 INFO HTTP Request: POST https://vps.lpzproxy.xyz/v1/chat/completions "HTTP/1.1 429 Too Many Requests"
2026-09-14 21:57:04,300 INFO HTTP Request: POST https://vps.lpzproxy.xyz/v1/chat/completions "HTTP/1.1 429 Too Many Requests"
2026-09-14 21:57:04,442 INFO HTTP Request: POST https://vps.lpzproxy.xyz/v1/chat/completions "HTTP/1.1 429 Too Many Requests"
2026-09-14 21:57:04,515 INFO HTTP Request: POST https://vps.lpzproxy.xyz/v1/chat/completions "HTTP/1.1 429 Too Many Requests"
2026-09-14 21:57:04,549 INFO HTTP Request: POST https://vps.lpzproxy.xyz/v1/chat/completions "HTTP/1.1 429 Too Many Requests"
2026-09-14 21:57:04,901 INFO HTTP Request: POST https://vps.lpzproxy.xyz/v1/chat/completions "HTTP/1.1 429 Too Many Requests"
2026-09-14 21:57:05,055 INFO HTTP Request: POST https://vps.lpzproxy.xyz/v1/chat/completions "HTTP/1.1 429 Too Many Requests"
2026-09-14 21:57:05,431 INFO HTTP Request: POST https://vps.lpzproxy.xyz/v1/chat/completions "HTTP/1.1 429 Too Many Requests"
2026-09-14 21:57:05,558 INFO HTTP Request: POST https://vps.lpzproxy.xyz/v1/chat/completions "HTTP/1.1 429 Too Many Requests"
2026-09-14 21:57:05,559 INFO HTTP Request: POST https://vps.lpzproxy.xyz/v1/chat/completions "HTTP/1.1 429 Too Many Requests"
2026-09-14 21:57:05,636 INFO HTTP Request: POST https://vps.lpzproxy.xyz/v1/chat/completions "HTTP/1.1 429 Too Many Requests"
2026-09-14 21:57:05,939 INFO HTTP Request: POST https://vps.lpzproxy.xyz/v1/chat/completions "HTTP/1.1 429 Too Many Requests"
2026-09-14 21:57:05,970 INFO HTTP Request: POST https://vps.lpzproxy.xyz/v1/chat/completions "HTTP/1.1 429 Too Many Requests"
2026-09-14 21:57:06,020 INFO HTTP Request: POST https://vps.lpzproxy.xyz/v1/chat/completions "HTTP/1.1 429 Too Many Requests"
2026-09-14 21:57:06,040 INFO HTTP Request: POST https://vps.lpzproxy.xyz/v1/chat/completions "HTTP/1.1 429 Too Many Requests"
2026-09-14 21:57:06,136 INFO HTTP Request: POST https://vps.lpzproxy.xyz/v1/chat/completions "HTTP/1.1 429 Too Many Requests"
2026-09-14 21:57:06,345 INFO HTTP Request: POST https://vps.lpzproxy.xyz/v1/chat/completions "HTTP/1.1 429 Too Many Requests"
2026-09-14 21:57:06,363 INFO HTTP Request: POST https://vps.lpzproxy.xyz/v1/chat/completions "HTTP/1.1 429 Too Many Requests"
2026-09-14 21:57:06,542 INFO HTTP Request: POST https://vps.lpzproxy.xyz/v1/chat/completions "HTTP/1.1 429 Too Many Requests"
2026-09-14 21:57:06,544 INFO HTTP Request: POST https://vps.lpzproxy.xyz/v1/chat/completions "HTTP/1.1 429 Too Many Requests"
2026-09-14 21:57:06,621 INFO HTTP Request: POST https://vps.lpzproxy.xyz/v1/chat/completions "HTTP/1.1 429 Too Many Requests"
2026-09-14 21:57:06,621 INFO HTTP Request: POST https://vps.lpzproxy.xyz/v1/chat/completions "HTTP/1.1 429 Too Many Requests"
2026-09-14 21:57:06,837 INFO HTTP Request: POST https://vps.lpzproxy.xyz/v1/chat/completions "HTTP/1.1 429 Too Many Requests"
2026-09-14 21:57:06,892 INFO HTTP Request: POST https://vps.lpzproxy.xyz/v1/chat/completions "HTTP/1.1 429 Too Many Requests"
2026-09-14 21:57:06,896 INFO HTTP Request: POST https://vps.lpzproxy.xyz/v1/chat/completions "HTTP/1.1 429 Too Many Requests"
2026-09-14 21:57:07,056 INFO HTTP Request: POST https://vps.lpzproxy.xyz/v1/chat/completions "HTTP/1.1 429 Too Many Requests"
2026-09-14 21:57:07,056 INFO HTTP Request: POST https://vps.lpzproxy.xyz/v1/chat/completions "HTTP/1.1 429 Too Many Requests"
2026-09-14 21:57:07,108 INFO HTTP Request: POST https://vps.lpzproxy.xyz/v1/chat/completions "HTTP/1.1 429 Too Many Requests"
2026-09-14 21:57:07,485 INFO HTTP Request: POST https://vps.lpzproxy.xyz/v1/chat/completions "HTTP/1.1 429 Too Many Requests"
2026-09-14 21:57:07,487 INFO HTTP Request: POST https://vps.lpzproxy.xyz/v1/chat/completions "HTTP/1.1 429 Too Many Requests"
2026-09-14 21:57:07,723 INFO HTTP Request: POST https://vps.lpzproxy.xyz/v1/chat/completions "HTTP/1.1 429 Too Many Requests"
2026-09-14 21:57:07,775 INFO HTTP Request: POST https://vps.lpzproxy.xyz/v1/chat/completions "HTTP/1.1 429 Too Many Requests"
2026-09-14 21:57:07,782 INFO HTTP Request: POST https://vps.lpzproxy.xyz/v1/chat/completions "HTTP/1.1 429 Too Many Requests"
2026-09-14 21:57:07,796 INFO HTTP Request: POST https://vps.lpzproxy.xyz/v1/chat/completions "HTTP/1.1 429 Too Many Requests"
2026-09-14 21:57:07,881 INFO HTTP Request: POST https://vps.lpzproxy.xyz/v1/chat/completions "HTTP/1.1 429 Too Many Requests"
2026-09-14 21:57:08,125 INFO HTTP Request: POST https://vps.lpzproxy.xyz/v1/chat/completions "HTTP/1.1 429 Too Many Requests"
2026-09-14 21:57:08,252 INFO HTTP Request: POST https://vps.lpzproxy.xyz/v1/chat/completions "HTTP/1.1 429 Too Many Requests"
2026-09-14 21:57:08,377 INFO HTTP Request: POST https://vps.lpzproxy.xyz/v1/chat/completions "HTTP/1.1 429 Too Many Requests"
2026-09-14 21:57:08,588 INFO HTTP Request: POST https://vps.lpzproxy.xyz/v1/chat/completions "HTTP/1.1 429 Too Many Requests"
2026-09-14 21:57:08,589 INFO HTTP Request: POST https://vps.lpzproxy.xyz/v1/chat/completions "HTTP/1.1 429 Too Many Requests"
2026-09-14 21:57:08,690 INFO HTTP Request: POST https://vps.lpzproxy.xyz/v1/chat/completions "HTTP/1.1 429 Too Many Requests"
2026-09-14 21:57:09,142 INFO HTTP Request: POST https://vps.lpzproxy.xyz/v1/chat/completions "HTTP/1.1 429 Too Many Requests"
2026-09-14 21:57:09,289 INFO HTTP Request: POST https://vps.lpzproxy.xyz/v1/chat/completions "HTTP/1.1 429 Too Many Requests"
2026-09-14 21:57:09,316 INFO HTTP Request: POST https://vps.lpzproxy.xyz/v1/chat/completions "HTTP/1.1 429 Too Many Requests"
2026-09-14 21:57:09,675 INFO HTTP Request: POST https://vps.lpzproxy.xyz/v1/chat/completions "HTTP/1.1 429 Too Many Requests"
2026-09-14 21:57:09,755 INFO HTTP Request: POST https://vps.lpzproxy.xyz/v1/chat/completions "HTTP/1.1 429 Too Many Requests"
2026-09-14 21:57:10,443 INFO HTTP Request: POST https://vps.lpzproxy.xyz/v1/chat/completions "HTTP/1.1 429 Too Many Requests"
2026-09-14 21:57:10,575 INFO HTTP Request: POST https://vps.lpzproxy.xyz/v1/chat/completions "HTTP/1.1 429 Too Many Requests"
2026-09-14 21:57:10,650 INFO HTTP Request: POST https://vps.lpzproxy.xyz/v1/chat/completions "HTTP/1.1 429 Too Many Requests"
2026-09-14 21:57:10,765 INFO HTTP Request: POST https://vps.lpzproxy.xyz/v1/chat/completions "HTTP/1.1 429 Too Many Requests"
2026-09-14 21:57:10,901 INFO HTTP Request: POST https://vps.lpzproxy.xyz/v1/chat/completions "HTTP/1.1 429 Too Many Requests"
2026-09-14 21:57:11,127 INFO HTTP Request: POST https://vps.lpzproxy.xyz/v1/chat/completions "HTTP/1.1 429 Too Many Requests"
2026-09-14 21:57:11,681 INFO HTTP Request: POST https://vps.lpzproxy.xyz/v1/chat/completions "HTTP/1.1 429 Too Many Requests"
2026-09-14 21:57:11,736 INFO HTTP Request: POST https://vps.lpzproxy.xyz/v1/chat/completions "HTTP/1.1 429 Too Many Requests"
2026-09-14 21:57:11,756 INFO HTTP Request: POST https://vps.lpzproxy.xyz/v1/chat/completions "HTTP/1.1 429 Too Many Requests"
2026-09-14 21:57:11,757 INFO HTTP Request: POST https://vps.lpzproxy.xyz/v1/chat/completions "HTTP/1.1 429 Too Many Requests"
2026-09-14 21:57:12,335 INFO HTTP Request: POST https://vps.lpzproxy.xyz/v1/chat/completions "HTTP/1.1 429 Too Many Requests"
2026-09-14 21:57:12,380 INFO HTTP Request: POST https://vps.lpzproxy.xyz/v1/chat/completions "HTTP/1.1 429 Too Many Requests"
2026-09-14 21:57:14,356 INFO HTTP Request: POST https://vps.lpzproxy.xyz/v1/chat/completions "HTTP/1.1 429 Too Many Requests"
2026-09-14 21:57:15,106 INFO HTTP Request: POST https://vps.lpzproxy.xyz/v1/chat/completions "HTTP/1.1 429 Too Many Requests"
2026-09-14 21:57:15,107 ERROR judge job failed after retries: API request failed after retries: retryable HTTP 429: {"error":{"code":"model_cooldown","message":"All credentials for model gemini-3.7-flash-high are cooling down via provider antigravity","model":"gemini-3.7-flash-high","provider":"antigravity","reset_
2026-09-14 21:57:15,221 INFO HTTP Request: POST https://vps.lpzproxy.xyz/v1/chat/completions "HTTP/1.1 429 Too Many Requests"
2026-09-14 21:57:15,221 ERROR judge job failed after retries: API request failed after retries: retryable HTTP 429: {"error":{"code":"model_cooldown","message":"All credentials for model gemini-3.7-flash-high are cooling down via provider antigravity","model":"gemini-3.7-flash-high","provider":"antigravity","reset_
2026-09-14 21:57:15,920 INFO HTTP Request: POST https://vps.lpzproxy.xyz/v1/chat/completions "HTTP/1.1 429 Too Many Requests"
2026-09-14 21:57:15,921 ERROR judge job failed after retries: API request failed after retries: retryable HTTP 429: {"error":{"code":"model_cooldown","message":"All credentials for model gemini-3.7-flash-high are cooling down via provider antigravity","model":"gemini-3.7-flash-high","provider":"antigravity","reset_
2026-09-14 21:57:16,077 INFO HTTP Request: POST https://vps.lpzproxy.xyz/v1/chat/completions "HTTP/1.1 429 Too Many Requests"
2026-09-14 21:57:16,077 ERROR judge job failed after retries: API request failed after retries: retryable HTTP 429: {"error":{"code":"model_cooldown","message":"All credentials for model gemini-3.7-flash-high are cooling down via provider antigravity","model":"gemini-3.7-flash-high","provider":"antigravity","reset_
2026-09-14 21:57:16,251 INFO HTTP Request: POST https://vps.lpzproxy.xyz/v1/chat/completions "HTTP/1.1 429 Too Many Requests"
2026-09-14 21:57:16,251 ERROR judge job failed after retries: API request failed after retries: retryable HTTP 429: {"error":{"code":"model_cooldown","message":"All credentials for model gemini-3.7-flash-high are cooling down via provider antigravity","model":"gemini-3.7-flash-high","provider":"antigravity","reset_
2026-09-14 21:57:16,276 INFO HTTP Request: POST https://vps.lpzproxy.xyz/v1/chat/completions "HTTP/1.1 429 Too Many Requests"
2026-09-14 21:57:16,277 ERROR judge job failed after retries: API request failed after retries: retryable HTTP 429: {"error":{"code":"model_cooldown","message":"All credentials for model gemini-3.7-flash-high are cooling down via provider antigravity","model":"gemini-3.7-flash-high","provider":"antigravity","reset_
2026-09-14 21:57:16,369 INFO HTTP Request: POST https://vps.lpzproxy.xyz/v1/chat/completions "HTTP/1.1 429 Too Many Requests"
2026-09-14 21:57:16,370 ERROR judge job failed after retries: API request failed after retries: retryable HTTP 429: {"error":{"code":"model_cooldown","message":"All credentials for model gemini-3.7-flash-high are cooling down via provider antigravity","model":"gemini-3.7-flash-high","provider":"antigravity","reset_
2026-09-14 21:57:16,381 INFO HTTP Request: POST https://vps.lpzproxy.xyz/v1/chat/completions "HTTP/1.1 429 Too Many Requests"
2026-09-14 21:57:16,381 ERROR judge job failed after retries: API request failed after retries: retryable HTTP 429: {"error":{"code":"model_cooldown","message":"All credentials for model gemini-3.7-flash-high are cooling down via provider antigravity","model":"gemini-3.7-flash-high","provider":"antigravity","reset_
2026-09-14 21:57:16,536 INFO HTTP Request: POST https://vps.lpzproxy.xyz/v1/chat/completions "HTTP/1.1 429 Too Many Requests"
2026-09-14 21:57:16,567 INFO HTTP Request: POST https://vps.lpzproxy.xyz/v1/chat/completions "HTTP/1.1 429 Too Many Requests"
2026-09-14 21:57:16,567 ERROR judge job failed after retries: API request failed after retries: retryable HTTP 429: {"error":{"code":"model_cooldown","message":"All credentials for model gemini-3.7-flash-high are cooling down via provider antigravity","model":"gemini-3.7-flash-high","provider":"antigravity","reset_
2026-09-14 21:57:16,625 INFO HTTP Request: POST https://vps.lpzproxy.xyz/v1/chat/completions "HTTP/1.1 429 Too Many Requests"
2026-09-14 21:57:16,635 INFO HTTP Request: POST https://vps.lpzproxy.xyz/v1/chat/completions "HTTP/1.1 429 Too Many Requests"
2026-09-14 21:57:16,636 ERROR judge job failed after retries: API request failed after retries: retryable HTTP 429: {"error":{"code":"model_cooldown","message":"All credentials for model gemini-3.7-flash-high are cooling down via provider antigravity","model":"gemini-3.7-flash-high","provider":"antigravity","reset_
2026-09-14 21:57:16,641 INFO HTTP Request: POST https://vps.lpzproxy.xyz/v1/chat/completions "HTTP/1.1 429 Too Many Requests"
2026-09-14 21:57:16,641 ERROR judge job failed after retries: API request failed after retries: retryable HTTP 429: {"error":{"code":"model_cooldown","message":"All credentials for model gemini-3.7-flash-high are cooling down via provider antigravity","model":"gemini-3.7-flash-high","provider":"antigravity","reset_
2026-09-14 21:57:16,883 INFO HTTP Request: POST https://vps.lpzproxy.xyz/v1/chat/completions "HTTP/1.1 429 Too Many Requests"
2026-09-14 21:57:16,884 ERROR judge job failed after retries: API request failed after retries: retryable HTTP 429: {"error":{"code":"model_cooldown","message":"All credentials for model gemini-3.7-flash-high are cooling down via provider antigravity","model":"gemini-3.7-flash-high","provider":"antigravity","reset_
2026-09-14 21:57:17,309 INFO HTTP Request: POST https://vps.lpzproxy.xyz/v1/chat/completions "HTTP/1.1 429 Too Many Requests"
2026-09-14 21:57:17,310 ERROR judge job failed after retries: API request failed after retries: retryable HTTP 429: {"error":{"code":"model_cooldown","message":"All credentials for model gemini-3.7-flash-high are cooling down via provider antigravity","model":"gemini-3.7-flash-high","provider":"antigravity","reset_
2026-09-14 21:57:17,324 INFO HTTP Request: POST https://vps.lpzproxy.xyz/v1/chat/completions "HTTP/1.1 429 Too Many Requests"
2026-09-14 21:57:17,413 INFO HTTP Request: POST https://vps.lpzproxy.xyz/v1/chat/completions "HTTP/1.1 429 Too Many Requests"
2026-09-14 21:57:17,414 ERROR judge job failed after retries: API request failed after retries: retryable HTTP 429: {"error":{"code":"model_cooldown","message":"All credentials for model gemini-3.7-flash-high are cooling down via provider antigravity","model":"gemini-3.7-flash-high","provider":"antigravity","reset_
2026-09-14 21:57:17,452 INFO HTTP Request: POST https://vps.lpzproxy.xyz/v1/chat/completions "HTTP/1.1 429 Too Many Requests"
2026-09-14 21:57:17,647 INFO HTTP Request: POST https://vps.lpzproxy.xyz/v1/chat/completions "HTTP/1.1 429 Too Many Requests"
2026-09-14 21:57:17,686 INFO HTTP Request: POST https://vps.lpzproxy.xyz/v1/chat/completions "HTTP/1.1 429 Too Many Requests"
2026-09-14 21:57:17,754 INFO HTTP Request: POST https://vps.lpzproxy.xyz/v1/chat/completions "HTTP/1.1 429 Too Many Requests"
2026-09-14 21:57:17,755 ERROR judge job failed after retries: API request failed after retries: retryable HTTP 429: {"error":{"code":"model_cooldown","message":"All credentials for model gemini-3.7-flash-high are cooling down via provider antigravity","model":"gemini-3.7-flash-high","provider":"antigravity","reset_
2026-09-14 21:57:17,783 INFO HTTP Request: POST https://vps.lpzproxy.xyz/v1/chat/completions "HTTP/1.1 429 Too Many Requests"
2026-09-14 21:57:17,785 INFO HTTP Request: POST https://vps.lpzproxy.xyz/v1/chat/completions "HTTP/1.1 429 Too Many Requests"
2026-09-14 21:57:17,850 INFO HTTP Request: POST https://vps.lpzproxy.xyz/v1/chat/completions "HTTP/1.1 429 Too Many Requests"
2026-09-14 21:57:17,851 ERROR judge job failed after retries: API request failed after retries: retryable HTTP 429: {"error":{"code":"model_cooldown","message":"All credentials for model gemini-3.7-flash-high are cooling down via provider antigravity","model":"gemini-3.7-flash-high","provider":"antigravity","reset_
2026-09-14 21:57:17,962 INFO HTTP Request: POST https://vps.lpzproxy.xyz/v1/chat/completions "HTTP/1.1 429 Too Many Requests"
2026-09-14 21:57:17,963 ERROR judge job failed after retries: API request failed after retries: retryable HTTP 429: {"error":{"code":"model_cooldown","message":"All credentials for model gemini-3.7-flash-high are cooling down via provider antigravity","model":"gemini-3.7-flash-high","provider":"antigravity","reset_
2026-09-14 21:57:17,989 INFO HTTP Request: POST https://vps.lpzproxy.xyz/v1/chat/completions "HTTP/1.1 429 Too Many Requests"
2026-09-14 21:57:18,022 INFO HTTP Request: POST https://vps.lpzproxy.xyz/v1/chat/completions "HTTP/1.1 429 Too Many Requests"
2026-09-14 21:57:18,045 INFO HTTP Request: POST https://vps.lpzproxy.xyz/v1/chat/completions "HTTP/1.1 429 Too Many Requests"
2026-09-14 21:57:18,088 INFO HTTP Request: POST https://vps.lpzproxy.xyz/v1/chat/completions "HTTP/1.1 429 Too Many Requests"
2026-09-14 21:57:18,089 ERROR judge job failed after retries: API request failed after retries: retryable HTTP 429: {"error":{"code":"model_cooldown","message":"All credentials for model gemini-3.7-flash-high are cooling down via provider antigravity","model":"gemini-3.7-flash-high","provider":"antigravity","reset_
2026-09-14 21:57:18,183 INFO HTTP Request: POST https://vps.lpzproxy.xyz/v1/chat/completions "HTTP/1.1 429 Too Many Requests"
2026-09-14 21:57:18,184 ERROR judge job failed after retries: API request failed after retries: retryable HTTP 429: {"error":{"code":"model_cooldown","message":"All credentials for model gemini-3.7-flash-high are cooling down via provider antigravity","model":"gemini-3.7-flash-high","provider":"antigravity","reset_
2026-09-14 21:57:18,282 INFO HTTP Request: POST https://vps.lpzproxy.xyz/v1/chat/completions "HTTP/1.1 429 Too Many Requests"
2026-09-14 21:57:18,283 ERROR judge job failed after retries: API request failed after retries: retryable HTTP 429: {"error":{"code":"model_cooldown","message":"All credentials for model gemini-3.7-flash-high are cooling down via provider antigravity","model":"gemini-3.7-flash-high","provider":"antigravity","reset_
2026-09-14 21:57:18,285 INFO HTTP Request: POST https://vps.lpzproxy.xyz/v1/chat/completions "HTTP/1.1 429 Too Many Requests"
2026-09-14 21:57:18,475 INFO HTTP Request: POST https://vps.lpzproxy.xyz/v1/chat/completions "HTTP/1.1 429 Too Many Requests"
2026-09-14 21:57:18,476 ERROR judge job failed after retries: API request failed after retries: retryable HTTP 429: {"error":{"code":"model_cooldown","message":"All credentials for model gemini-3.7-flash-high are cooling down via provider antigravity","model":"gemini-3.7-flash-high","provider":"antigravity","reset_
2026-09-14 21:57:18,555 INFO HTTP Request: POST https://vps.lpzproxy.xyz/v1/chat/completions "HTTP/1.1 429 Too Many Requests"
2026-09-14 21:57:18,709 INFO HTTP Request: POST https://vps.lpzproxy.xyz/v1/chat/completions "HTTP/1.1 429 Too Many Requests"
2026-09-14 21:57:18,785 INFO HTTP Request: POST https://vps.lpzproxy.xyz/v1/chat/completions "HTTP/1.1 429 Too Many Requests"
2026-09-14 21:57:18,786 ERROR judge job failed after retries: API request failed after retries: retryable HTTP 429: {"error":{"code":"model_cooldown","message":"All credentials for model gemini-3.7-flash-high are cooling down via provider antigravity","model":"gemini-3.7-flash-high","provider":"antigravity","reset_
2026-09-14 21:57:18,790 INFO HTTP Request: POST https://vps.lpzproxy.xyz/v1/chat/completions "HTTP/1.1 429 Too Many Requests"
2026-09-14 21:57:18,793 INFO HTTP Request: POST https://vps.lpzproxy.xyz/v1/chat/completions "HTTP/1.1 429 Too Many Requests"
2026-09-14 21:57:18,793 ERROR judge job failed after retries: API request failed after retries: retryable HTTP 429: {"error":{"code":"model_cooldown","message":"All credentials for model gemini-3.7-flash-high are cooling down via provider antigravity","model":"gemini-3.7-flash-high","provider":"antigravity","reset_
2026-09-14 21:57:18,804 INFO HTTP Request: POST https://vps.lpzproxy.xyz/v1/chat/completions "HTTP/1.1 429 Too Many Requests"
2026-09-14 21:57:18,878 INFO HTTP Request: POST https://vps.lpzproxy.xyz/v1/chat/completions "HTTP/1.1 429 Too Many Requests"
2026-09-14 21:57:18,879 ERROR judge job failed after retries: API request failed after retries: retryable HTTP 429: {"error":{"code":"model_cooldown","message":"All credentials for model gemini-3.7-flash-high are cooling down via provider antigravity","model":"gemini-3.7-flash-high","provider":"antigravity","reset_
2026-09-14 21:57:18,974 INFO HTTP Request: POST https://vps.lpzproxy.xyz/v1/chat/completions "HTTP/1.1 429 Too Many Requests"
2026-09-14 21:57:19,119 INFO HTTP Request: POST https://vps.lpzproxy.xyz/v1/chat/completions "HTTP/1.1 429 Too Many Requests"
2026-09-14 21:57:19,262 INFO HTTP Request: POST https://vps.lpzproxy.xyz/v1/chat/completions "HTTP/1.1 429 Too Many Requests"
2026-09-14 21:57:19,341 INFO HTTP Request: POST https://vps.lpzproxy.xyz/v1/chat/completions "HTTP/1.1 429 Too Many Requests"
2026-09-14 21:57:19,436 INFO HTTP Request: POST https://vps.lpzproxy.xyz/v1/chat/completions "HTTP/1.1 429 Too Many Requests"
2026-09-14 21:57:19,456 INFO HTTP Request: POST https://vps.lpzproxy.xyz/v1/chat/completions "HTTP/1.1 429 Too Many Requests"
2026-09-14 21:57:19,456 ERROR judge job failed after retries: API request failed after retries: retryable HTTP 429: {"error":{"code":"model_cooldown","message":"All credentials for model gemini-3.7-flash-high are cooling down via provider antigravity","model":"gemini-3.7-flash-high","provider":"antigravity","reset_
2026-09-14 21:57:19,506 INFO HTTP Request: POST https://vps.lpzproxy.xyz/v1/chat/completions "HTTP/1.1 429 Too Many Requests"
2026-09-14 21:57:19,574 INFO HTTP Request: POST https://vps.lpzproxy.xyz/v1/chat/completions "HTTP/1.1 429 Too Many Requests"
2026-09-14 21:57:19,600 INFO HTTP Request: POST https://vps.lpzproxy.xyz/v1/chat/completions "HTTP/1.1 429 Too Many Requests"
2026-09-14 21:57:19,600 ERROR judge job failed after retries: API request failed after retries: retryable HTTP 429: {"error":{"code":"model_cooldown","message":"All credentials for model gemini-3.7-flash-high are cooling down via provider antigravity","model":"gemini-3.7-flash-high","provider":"antigravity","reset_
2026-09-14 21:57:19,673 INFO HTTP Request: POST https://vps.lpzproxy.xyz/v1/chat/completions "HTTP/1.1 429 Too Many Requests"
2026-09-14 21:57:19,742 INFO HTTP Request: POST https://vps.lpzproxy.xyz/v1/chat/completions "HTTP/1.1 429 Too Many Requests"
2026-09-14 21:57:19,877 INFO HTTP Request: POST https://vps.lpzproxy.xyz/v1/chat/completions "HTTP/1.1 429 Too Many Requests"
2026-09-14 21:57:19,890 INFO HTTP Request: POST https://vps.lpzproxy.xyz/v1/chat/completions "HTTP/1.1 429 Too Many Requests"
2026-09-14 21:57:19,900 INFO HTTP Request: POST https://vps.lpzproxy.xyz/v1/chat/completions "HTTP/1.1 429 Too Many Requests"
2026-09-14 21:57:19,907 INFO HTTP Request: POST https://vps.lpzproxy.xyz/v1/chat/completions "HTTP/1.1 429 Too Many Requests"
2026-09-14 21:57:19,966 INFO HTTP Request: POST https://vps.lpzproxy.xyz/v1/chat/completions "HTTP/1.1 429 Too Many Requests"
2026-09-14 21:57:20,037 INFO HTTP Request: POST https://vps.lpzproxy.xyz/v1/chat/completions "HTTP/1.1 429 Too Many Requests"
2026-09-14 21:57:20,039 INFO HTTP Request: POST https://vps.lpzproxy.xyz/v1/chat/completions "HTTP/1.1 429 Too Many Requests"
2026-09-14 21:57:20,040 ERROR judge job failed after retries: API request failed after retries: retryable HTTP 429: {"error":{"code":"model_cooldown","message":"All credentials for model gemini-3.7-flash-high are cooling down via provider antigravity","model":"gemini-3.7-flash-high","provider":"antigravity","reset_
2026-09-14 21:57:20,070 INFO HTTP Request: POST https://vps.lpzproxy.xyz/v1/chat/completions "HTTP/1.1 429 Too Many Requests"
2026-09-14 21:57:20,091 INFO HTTP Request: POST https://vps.lpzproxy.xyz/v1/chat/completions "HTTP/1.1 429 Too Many Requests"
2026-09-14 21:57:20,175 INFO HTTP Request: POST https://vps.lpzproxy.xyz/v1/chat/completions "HTTP/1.1 429 Too Many Requests"
2026-09-14 21:57:20,175 ERROR judge job failed after retries: API request failed after retries: retryable HTTP 429: {"error":{"code":"model_cooldown","message":"All credentials for model gemini-3.7-flash-high are cooling down via provider antigravity","model":"gemini-3.7-flash-high","provider":"antigravity","reset_
2026-09-14 21:57:20,178 INFO HTTP Request: POST https://vps.lpzproxy.xyz/v1/chat/completions "HTTP/1.1 429 Too Many Requests"
2026-09-14 21:57:20,199 INFO HTTP Request: POST https://vps.lpzproxy.xyz/v1/chat/completions "HTTP/1.1 429 Too Many Requests"
2026-09-14 21:57:20,199 INFO HTTP Request: POST https://vps.lpzproxy.xyz/v1/chat/completions "HTTP/1.1 429 Too Many Requests"
2026-09-14 21:57:20,200 ERROR judge job failed after retries: API request failed after retries: retryable HTTP 429: {"error":{"code":"model_cooldown","message":"All credentials for model gemini-3.7-flash-high are cooling down via provider antigravity","model":"gemini-3.7-flash-high","provider":"antigravity","reset_
2026-09-14 21:57:20,288 INFO HTTP Request: POST https://vps.lpzproxy.xyz/v1/chat/completions "HTTP/1.1 429 Too Many Requests"
2026-09-14 21:57:20,598 INFO HTTP Request: POST https://vps.lpzproxy.xyz/v1/chat/completions "HTTP/1.1 429 Too Many Requests"
2026-09-14 21:57:20,599 ERROR judge job failed after retries: API request failed after retries: retryable HTTP 429: {"error":{"code":"model_cooldown","message":"All credentials for model gemini-3.7-flash-high are cooling down via provider antigravity","model":"gemini-3.7-flash-high","provider":"antigravity","reset_
2026-09-14 21:57:20,612 INFO HTTP Request: POST https://vps.lpzproxy.xyz/v1/chat/completions "HTTP/1.1 429 Too Many Requests"
2026-09-14 21:57:20,635 INFO HTTP Request: POST https://vps.lpzproxy.xyz/v1/chat/completions "HTTP/1.1 429 Too Many Requests"
2026-09-14 21:57:20,636 ERROR judge job failed after retries: API request failed after retries: retryable HTTP 429: {"error":{"code":"model_cooldown","message":"All credentials for model gemini-3.7-flash-high are cooling down via provider antigravity","model":"gemini-3.7-flash-high","provider":"antigravity","reset_
2026-09-14 21:57:20,860 INFO HTTP Request: POST https://vps.lpzproxy.xyz/v1/chat/completions "HTTP/1.1 429 Too Many Requests"
2026-09-14 21:57:20,861 INFO HTTP Request: POST https://vps.lpzproxy.xyz/v1/chat/completions "HTTP/1.1 429 Too Many Requests"
2026-09-14 21:57:20,872 INFO HTTP Request: POST https://vps.lpzproxy.xyz/v1/chat/completions "HTTP/1.1 429 Too Many Requests"
2026-09-14 21:57:20,873 ERROR judge job failed after retries: API request failed after retries: retryable HTTP 429: {"error":{"code":"model_cooldown","message":"All credentials for model gemini-3.7-flash-high are cooling down via provider antigravity","model":"gemini-3.7-flash-high","provider":"antigravity","reset_
2026-09-14 21:57:20,922 INFO HTTP Request: POST https://vps.lpzproxy.xyz/v1/chat/completions "HTTP/1.1 429 Too Many Requests"
2026-09-14 21:57:21,042 INFO HTTP Request: POST https://vps.lpzproxy.xyz/v1/chat/completions "HTTP/1.1 429 Too Many Requests"
2026-09-14 21:57:21,375 INFO HTTP Request: POST https://vps.lpzproxy.xyz/v1/chat/completions "HTTP/1.1 429 Too Many Requests"
2026-09-14 21:57:21,436 INFO HTTP Request: POST https://vps.lpzproxy.xyz/v1/chat/completions "HTTP/1.1 429 Too Many Requests"
2026-09-14 21:57:21,444 INFO HTTP Request: POST https://vps.lpzproxy.xyz/v1/chat/completions "HTTP/1.1 429 Too Many Requests"
2026-09-14 21:57:21,445 ERROR judge job failed after retries: API request failed after retries: retryable HTTP 429: {"error":{"code":"model_cooldown","message":"All credentials for model gemini-3.7-flash-high are cooling down via provider antigravity","model":"gemini-3.7-flash-high","provider":"antigravity","reset_
2026-09-14 21:57:21,448 INFO HTTP Request: POST https://vps.lpzproxy.xyz/v1/chat/completions "HTTP/1.1 429 Too Many Requests"
2026-09-14 21:57:21,457 INFO HTTP Request: POST https://vps.lpzproxy.xyz/v1/chat/completions "HTTP/1.1 429 Too Many Requests"
2026-09-14 21:57:21,495 INFO HTTP Request: POST https://vps.lpzproxy.xyz/v1/chat/completions "HTTP/1.1 429 Too Many Requests"
2026-09-14 21:57:21,496 ERROR judge job failed after retries: API request failed after retries: retryable HTTP 429: {"error":{"code":"model_cooldown","message":"All credentials for model gemini-3.7-flash-high are cooling down via provider antigravity","model":"gemini-3.7-flash-high","provider":"antigravity","reset_
2026-09-14 21:57:21,621 INFO HTTP Request: POST https://vps.lpzproxy.xyz/v1/chat/completions "HTTP/1.1 429 Too Many Requests"
2026-09-14 21:57:21,696 INFO HTTP Request: POST https://vps.lpzproxy.xyz/v1/chat/completions "HTTP/1.1 429 Too Many Requests"
2026-09-14 21:57:21,880 INFO HTTP Request: POST https://vps.lpzproxy.xyz/v1/chat/completions "HTTP/1.1 429 Too Many Requests"
2026-09-14 21:57:21,960 INFO HTTP Request: POST https://vps.lpzproxy.xyz/v1/chat/completions "HTTP/1.1 429 Too Many Requests"
2026-09-14 21:57:21,989 INFO HTTP Request: POST https://vps.lpzproxy.xyz/v1/chat/completions "HTTP/1.1 429 Too Many Requests"
2026-09-14 21:57:22,037 INFO HTTP Request: POST https://vps.lpzproxy.xyz/v1/chat/completions "HTTP/1.1 429 Too Many Requests"
2026-09-14 21:57:22,045 INFO HTTP Request: POST https://vps.lpzproxy.xyz/v1/chat/completions "HTTP/1.1 429 Too Many Requests"
2026-09-14 21:57:22,050 INFO HTTP Request: POST https://vps.lpzproxy.xyz/v1/chat/completions "HTTP/1.1 429 Too Many Requests"
2026-09-14 21:57:22,070 INFO HTTP Request: POST https://vps.lpzproxy.xyz/v1/chat/completions "HTTP/1.1 429 Too Many Requests"
2026-09-14 21:57:22,105 INFO HTTP Request: POST https://vps.lpzproxy.xyz/v1/chat/completions "HTTP/1.1 429 Too Many Requests"
2026-09-14 21:57:22,105 ERROR judge job failed after retries: API request failed after retries: retryable HTTP 429: {"error":{"code":"model_cooldown","message":"All credentials for model gemini-3.7-flash-high are cooling down via provider antigravity","model":"gemini-3.7-flash-high","provider":"antigravity","reset_
2026-09-14 21:57:22,165 INFO HTTP Request: POST https://vps.lpzproxy.xyz/v1/chat/completions "HTTP/1.1 429 Too Many Requests"
2026-09-14 21:57:22,166 ERROR judge job failed after retries: API request failed after retries: retryable HTTP 429: {"error":{"code":"model_cooldown","message":"All credentials for model gemini-3.7-flash-high are cooling down via provider antigravity","model":"gemini-3.7-flash-high","provider":"antigravity","reset_
2026-09-14 21:57:22,179 INFO HTTP Request: POST https://vps.lpzproxy.xyz/v1/chat/completions "HTTP/1.1 429 Too Many Requests"
2026-09-14 21:57:22,246 INFO HTTP Request: POST https://vps.lpzproxy.xyz/v1/chat/completions "HTTP/1.1 429 Too Many Requests"
2026-09-14 21:57:22,247 ERROR judge job failed after retries: API request failed after retries: retryable HTTP 429: {"error":{"code":"model_cooldown","message":"All credentials for model gemini-3.7-flash-high are cooling down via provider antigravity","model":"gemini-3.7-flash-high","provider":"antigravity","reset_
2026-09-14 21:57:22,249 INFO HTTP Request: POST https://vps.lpzproxy.xyz/v1/chat/completions "HTTP/1.1 429 Too Many Requests"
2026-09-14 21:57:22,262 INFO HTTP Request: POST https://vps.lpzproxy.xyz/v1/chat/completions "HTTP/1.1 429 Too Many Requests"
2026-09-14 21:57:22,262 INFO HTTP Request: POST https://vps.lpzproxy.xyz/v1/chat/completions "HTTP/1.1 429 Too Many Requests"
2026-09-14 21:57:22,277 INFO HTTP Request: POST https://vps.lpzproxy.xyz/v1/chat/completions "HTTP/1.1 429 Too Many Requests"
2026-09-14 21:57:22,277 ERROR judge job failed after retries: API request failed after retries: retryable HTTP 429: {"error":{"code":"model_cooldown","message":"All credentials for model gemini-3.7-flash-high are cooling down via provider antigravity","model":"gemini-3.7-flash-high","provider":"antigravity","reset_
2026-09-14 21:57:22,336 INFO HTTP Request: POST https://vps.lpzproxy.xyz/v1/chat/completions "HTTP/1.1 429 Too Many Requests"
2026-09-14 21:57:22,337 ERROR judge job failed after retries: API request failed after retries: retryable HTTP 429: {"error":{"code":"model_cooldown","message":"All credentials for model gemini-3.7-flash-high are cooling down via provider antigravity","model":"gemini-3.7-flash-high","provider":"antigravity","reset_
2026-09-14 21:57:22,395 INFO HTTP Request: POST https://vps.lpzproxy.xyz/v1/chat/completions "HTTP/1.1 429 Too Many Requests"
2026-09-14 21:57:22,654 INFO HTTP Request: POST https://vps.lpzproxy.xyz/v1/chat/completions "HTTP/1.1 429 Too Many Requests"
2026-09-14 21:57:22,709 INFO HTTP Request: POST https://vps.lpzproxy.xyz/v1/chat/completions "HTTP/1.1 429 Too Many Requests"
2026-09-14 21:57:22,712 INFO HTTP Request: POST https://vps.lpzproxy.xyz/v1/chat/completions "HTTP/1.1 429 Too Many Requests"
2026-09-14 21:57:22,714 INFO HTTP Request: POST https://vps.lpzproxy.xyz/v1/chat/completions "HTTP/1.1 429 Too Many Requests"
2026-09-14 21:57:22,721 INFO HTTP Request: POST https://vps.lpzproxy.xyz/v1/chat/completions "HTTP/1.1 429 Too Many Requests"
2026-09-14 21:57:22,858 INFO HTTP Request: POST https://vps.lpzproxy.xyz/v1/chat/completions "HTTP/1.1 429 Too Many Requests"
2026-09-14 21:57:22,919 INFO HTTP Request: POST https://vps.lpzproxy.xyz/v1/chat/completions "HTTP/1.1 429 Too Many Requests"
2026-09-14 21:57:22,933 INFO HTTP Request: POST https://vps.lpzproxy.xyz/v1/chat/completions "HTTP/1.1 429 Too Many Requests"
2026-09-14 21:57:22,944 INFO HTTP Request: POST https://vps.lpzproxy.xyz/v1/chat/completions "HTTP/1.1 429 Too Many Requests"
2026-09-14 21:57:23,012 INFO HTTP Request: POST https://vps.lpzproxy.xyz/v1/chat/completions "HTTP/1.1 429 Too Many Requests"
2026-09-14 21:57:23,378 INFO HTTP Request: POST https://vps.lpzproxy.xyz/v1/chat/completions "HTTP/1.1 429 Too Many Requests"
2026-09-14 21:57:23,398 INFO HTTP Request: POST https://vps.lpzproxy.xyz/v1/chat/completions "HTTP/1.1 429 Too Many Requests"
2026-09-14 21:57:23,431 INFO HTTP Request: POST https://vps.lpzproxy.xyz/v1/chat/completions "HTTP/1.1 429 Too Many Requests"
2026-09-14 21:57:23,459 INFO HTTP Request: POST https://vps.lpzproxy.xyz/v1/chat/completions "HTTP/1.1 429 Too Many Requests"
2026-09-14 21:57:23,475 INFO HTTP Request: POST https://vps.lpzproxy.xyz/v1/chat/completions "HTTP/1.1 429 Too Many Requests"
2026-09-14 21:57:23,484 INFO HTTP Request: POST https://vps.lpzproxy.xyz/v1/chat/completions "HTTP/1.1 429 Too Many Requests"
2026-09-14 21:57:23,558 INFO HTTP Request: POST https://vps.lpzproxy.xyz/v1/chat/completions "HTTP/1.1 429 Too Many Requests"
2026-09-14 21:57:23,650 INFO HTTP Request: POST https://vps.lpzproxy.xyz/v1/chat/completions "HTTP/1.1 429 Too Many Requests"
2026-09-14 21:57:23,682 INFO HTTP Request: POST https://vps.lpzproxy.xyz/v1/chat/completions "HTTP/1.1 429 Too Many Requests"
2026-09-14 21:57:23,744 INFO HTTP Request: POST https://vps.lpzproxy.xyz/v1/chat/completions "HTTP/1.1 429 Too Many Requests"
2026-09-14 21:57:23,768 INFO HTTP Request: POST https://vps.lpzproxy.xyz/v1/chat/completions "HTTP/1.1 429 Too Many Requests"
2026-09-14 21:57:23,805 INFO HTTP Request: POST https://vps.lpzproxy.xyz/v1/chat/completions "HTTP/1.1 429 Too Many Requests"
2026-09-14 21:57:23,846 INFO HTTP Request: POST https://vps.lpzproxy.xyz/v1/chat/completions "HTTP/1.1 429 Too Many Requests"
2026-09-14 21:57:24,010 INFO HTTP Request: POST https://vps.lpzproxy.xyz/v1/chat/completions "HTTP/1.1 429 Too Many Requests"
2026-09-14 21:57:24,010 INFO HTTP Request: POST https://vps.lpzproxy.xyz/v1/chat/completions "HTTP/1.1 429 Too Many Requests"
2026-09-14 21:57:24,044 INFO HTTP Request: POST https://vps.lpzproxy.xyz/v1/chat/completions "HTTP/1.1 429 Too Many Requests"
2026-09-14 21:57:24,207 INFO HTTP Request: POST https://vps.lpzproxy.xyz/v1/chat/completions "HTTP/1.1 429 Too Many Requests"
2026-09-14 21:57:24,289 INFO HTTP Request: POST https://vps.lpzproxy.xyz/v1/chat/completions "HTTP/1.1 429 Too Many Requests"
2026-09-14 21:57:24,572 INFO HTTP Request: POST https://vps.lpzproxy.xyz/v1/chat/completions "HTTP/1.1 429 Too Many Requests"
2026-09-14 21:57:24,596 INFO HTTP Request: POST https://vps.lpzproxy.xyz/v1/chat/completions "HTTP/1.1 429 Too Many Requests"
2026-09-14 21:57:24,632 INFO HTTP Request: POST https://vps.lpzproxy.xyz/v1/chat/completions "HTTP/1.1 429 Too Many Requests"
2026-09-14 21:57:24,632 ERROR judge job failed after retries: API request failed after retries: retryable HTTP 429: {"error":{"code":"model_cooldown","message":"All credentials for model gemini-3.7-flash-high are cooling down via provider antigravity","model":"gemini-3.7-flash-high","provider":"antigravity","reset_
2026-09-14 21:57:24,651 INFO HTTP Request: POST https://vps.lpzproxy.xyz/v1/chat/completions "HTTP/1.1 429 Too Many Requests"
2026-09-14 21:57:24,839 INFO HTTP Request: POST https://vps.lpzproxy.xyz/v1/chat/completions "HTTP/1.1 429 Too Many Requests"
2026-09-14 21:57:24,952 INFO HTTP Request: POST https://vps.lpzproxy.xyz/v1/chat/completions "HTTP/1.1 429 Too Many Requests"
2026-09-14 21:57:25,087 INFO HTTP Request: POST https://vps.lpzproxy.xyz/v1/chat/completions "HTTP/1.1 429 Too Many Requests"
2026-09-14 21:57:25,178 INFO HTTP Request: POST https://vps.lpzproxy.xyz/v1/chat/completions "HTTP/1.1 429 Too Many Requests"
2026-09-14 21:57:25,187 INFO HTTP Request: POST https://vps.lpzproxy.xyz/v1/chat/completions "HTTP/1.1 429 Too Many Requests"
2026-09-14 21:57:25,235 INFO HTTP Request: POST https://vps.lpzproxy.xyz/v1/chat/completions "HTTP/1.1 429 Too Many Requests"
2026-09-14 21:57:25,315 INFO HTTP Request: POST https://vps.lpzproxy.xyz/v1/chat/completions "HTTP/1.1 429 Too Many Requests"
2026-09-14 21:57:25,402 INFO HTTP Request: POST https://vps.lpzproxy.xyz/v1/chat/completions "HTTP/1.1 429 Too Many Requests"
2026-09-14 21:57:25,531 INFO HTTP Request: POST https://vps.lpzproxy.xyz/v1/chat/completions "HTTP/1.1 429 Too Many Requests"
2026-09-14 21:57:25,716 INFO HTTP Request: POST https://vps.lpzproxy.xyz/v1/chat/completions "HTTP/1.1 429 Too Many Requests"
2026-09-14 21:57:25,722 INFO HTTP Request: POST https://vps.lpzproxy.xyz/v1/chat/completions "HTTP/1.1 429 Too Many Requests"
2026-09-14 21:57:25,832 INFO HTTP Request: POST https://vps.lpzproxy.xyz/v1/chat/completions "HTTP/1.1 429 Too Many Requests"
2026-09-14 21:57:25,985 INFO HTTP Request: POST https://vps.lpzproxy.xyz/v1/chat/completions "HTTP/1.1 429 Too Many Requests"
2026-09-14 21:57:26,005 INFO HTTP Request: POST https://vps.lpzproxy.xyz/v1/chat/completions "HTTP/1.1 429 Too Many Requests"
2026-09-14 21:57:26,188 INFO HTTP Request: POST https://vps.lpzproxy.xyz/v1/chat/completions "HTTP/1.1 429 Too Many Requests"
2026-09-14 21:57:26,375 INFO HTTP Request: POST https://vps.lpzproxy.xyz/v1/chat/completions "HTTP/1.1 429 Too Many Requests"
2026-09-14 21:57:26,381 INFO HTTP Request: POST https://vps.lpzproxy.xyz/v1/chat/completions "HTTP/1.1 429 Too Many Requests"
2026-09-14 21:57:26,816 INFO HTTP Request: POST https://vps.lpzproxy.xyz/v1/chat/completions "HTTP/1.1 429 Too Many Requests"
2026-09-14 21:57:26,837 INFO HTTP Request: POST https://vps.lpzproxy.xyz/v1/chat/completions "HTTP/1.1 429 Too Many Requests"
2026-09-14 21:57:26,917 INFO HTTP Request: POST https://vps.lpzproxy.xyz/v1/chat/completions "HTTP/1.1 429 Too Many Requests"
2026-09-14 21:57:27,271 INFO HTTP Request: POST https://vps.lpzproxy.xyz/v1/chat/completions "HTTP/1.1 429 Too Many Requests"
2026-09-14 21:57:27,271 INFO HTTP Request: POST https://vps.lpzproxy.xyz/v1/chat/completions "HTTP/1.1 429 Too Many Requests"
2026-09-14 21:57:27,274 INFO HTTP Request: POST https://vps.lpzproxy.xyz/v1/chat/completions "HTTP/1.1 429 Too Many Requests"
2026-09-14 21:57:27,315 INFO HTTP Request: POST https://vps.lpzproxy.xyz/v1/chat/completions "HTTP/1.1 429 Too Many Requests"
2026-09-14 21:57:27,325 INFO HTTP Request: POST https://vps.lpzproxy.xyz/v1/chat/completions "HTTP/1.1 429 Too Many Requests"
2026-09-14 21:57:27,394 INFO HTTP Request: POST https://vps.lpzproxy.xyz/v1/chat/completions "HTTP/1.1 429 Too Many Requests"
2026-09-14 21:57:27,784 INFO HTTP Request: POST https://vps.lpzproxy.xyz/v1/chat/completions "HTTP/1.1 429 Too Many Requests"
2026-09-14 21:57:27,832 INFO HTTP Request: POST https://vps.lpzproxy.xyz/v1/chat/completions "HTTP/1.1 429 Too Many Requests"
2026-09-14 21:57:27,892 INFO HTTP Request: POST https://vps.lpzproxy.xyz/v1/chat/completions "HTTP/1.1 429 Too Many Requests"
2026-09-14 21:57:27,904 INFO HTTP Request: POST https://vps.lpzproxy.xyz/v1/chat/completions "HTTP/1.1 429 Too Many Requests"
2026-09-14 21:57:27,975 INFO HTTP Request: POST https://vps.lpzproxy.xyz/v1/chat/completions "HTTP/1.1 429 Too Many Requests"
2026-09-14 21:57:27,981 INFO HTTP Request: POST https://vps.lpzproxy.xyz/v1/chat/completions "HTTP/1.1 429 Too Many Requests"
2026-09-14 21:57:28,043 INFO HTTP Request: POST https://vps.lpzproxy.xyz/v1/chat/completions "HTTP/1.1 429 Too Many Requests"
2026-09-14 21:57:28,048 INFO HTTP Request: POST https://vps.lpzproxy.xyz/v1/chat/completions "HTTP/1.1 429 Too Many Requests"
2026-09-14 21:57:28,161 INFO HTTP Request: POST https://vps.lpzproxy.xyz/v1/chat/completions "HTTP/1.1 429 Too Many Requests"
2026-09-14 21:57:28,302 INFO HTTP Request: POST https://vps.lpzproxy.xyz/v1/chat/completions "HTTP/1.1 429 Too Many Requests"
2026-09-14 21:57:28,388 INFO HTTP Request: POST https://vps.lpzproxy.xyz/v1/chat/completions "HTTP/1.1 429 Too Many Requests"
2026-09-14 21:57:28,398 INFO HTTP Request: POST https://vps.lpzproxy.xyz/v1/chat/completions "HTTP/1.1 429 Too Many Requests"
2026-09-14 21:57:28,476 INFO HTTP Request: POST https://vps.lpzproxy.xyz/v1/chat/completions "HTTP/1.1 429 Too Many Requests"
2026-09-14 21:57:28,625 INFO HTTP Request: POST https://vps.lpzproxy.xyz/v1/chat/completions "HTTP/1.1 429 Too Many Requests"
2026-09-14 21:57:28,662 INFO HTTP Request: POST https://vps.lpzproxy.xyz/v1/chat/completions "HTTP/1.1 429 Too Many Requests"
2026-09-14 21:57:28,809 INFO HTTP Request: POST https://vps.lpzproxy.xyz/v1/chat/completions "HTTP/1.1 429 Too Many Requests"
2026-09-14 21:57:28,916 INFO HTTP Request: POST https://vps.lpzproxy.xyz/v1/chat/completions "HTTP/1.1 429 Too Many Requests"
2026-09-14 21:57:29,195 INFO HTTP Request: POST https://vps.lpzproxy.xyz/v1/chat/completions "HTTP/1.1 429 Too Many Requests"
2026-09-14 21:57:29,524 INFO HTTP Request: POST https://vps.lpzproxy.xyz/v1/chat/completions "HTTP/1.1 429 Too Many Requests"
2026-09-14 21:57:29,526 INFO HTTP Request: POST https://vps.lpzproxy.xyz/v1/chat/completions "HTTP/1.1 429 Too Many Requests"
2026-09-14 21:57:29,860 INFO HTTP Request: POST https://vps.lpzproxy.xyz/v1/chat/completions "HTTP/1.1 429 Too Many Requests"
2026-09-14 21:57:30,080 INFO HTTP Request: POST https://vps.lpzproxy.xyz/v1/chat/completions "HTTP/1.1 429 Too Many Requests"
2026-09-14 21:57:30,313 INFO HTTP Request: POST https://vps.lpzproxy.xyz/v1/chat/completions "HTTP/1.1 429 Too Many Requests"
2026-09-14 21:57:30,359 INFO HTTP Request: POST https://vps.lpzproxy.xyz/v1/chat/completions "HTTP/1.1 429 Too Many Requests"
2026-09-14 21:57:30,496 INFO HTTP Request: POST https://vps.lpzproxy.xyz/v1/chat/completions "HTTP/1.1 429 Too Many Requests"
2026-09-14 21:57:30,550 INFO HTTP Request: POST https://vps.lpzproxy.xyz/v1/chat/completions "HTTP/1.1 429 Too Many Requests"
2026-09-14 21:57:30,835 INFO HTTP Request: POST https://vps.lpzproxy.xyz/v1/chat/completions "HTTP/1.1 429 Too Many Requests"
2026-09-14 21:57:30,849 INFO HTTP Request: POST https://vps.lpzproxy.xyz/v1/chat/completions "HTTP/1.1 429 Too Many Requests"
2026-09-14 21:57:31,022 INFO HTTP Request: POST https://vps.lpzproxy.xyz/v1/chat/completions "HTTP/1.1 429 Too Many Requests"
2026-09-14 21:57:31,187 INFO HTTP Request: POST https://vps.lpzproxy.xyz/v1/chat/completions "HTTP/1.1 429 Too Many Requests"
2026-09-14 21:57:31,745 INFO HTTP Request: POST https://vps.lpzproxy.xyz/v1/chat/completions "HTTP/1.1 429 Too Many Requests"
2026-09-14 21:57:31,819 INFO HTTP Request: POST https://vps.lpzproxy.xyz/v1/chat/completions "HTTP/1.1 429 Too Many Requests"
2026-09-14 21:57:31,899 INFO HTTP Request: POST https://vps.lpzproxy.xyz/v1/chat/completions "HTTP/1.1 429 Too Many Requests"
2026-09-14 21:57:31,998 INFO HTTP Request: POST https://vps.lpzproxy.xyz/v1/chat/completions "HTTP/1.1 429 Too Many Requests"
2026-09-14 21:57:32,100 INFO HTTP Request: POST https://vps.lpzproxy.xyz/v1/chat/completions "HTTP/1.1 429 Too Many Requests"
2026-09-14 21:57:32,505 INFO HTTP Request: POST https://vps.lpzproxy.xyz/v1/chat/completions "HTTP/1.1 429 Too Many Requests"
2026-09-14 21:57:32,508 INFO HTTP Request: POST https://vps.lpzproxy.xyz/v1/chat/completions "HTTP/1.1 429 Too Many Requests"
2026-09-14 21:57:33,058 INFO HTTP Request: POST https://vps.lpzproxy.xyz/v1/chat/completions "HTTP/1.1 429 Too Many Requests"
2026-09-14 21:57:33,255 INFO HTTP Request: POST https://vps.lpzproxy.xyz/v1/chat/completions "HTTP/1.1 429 Too Many Requests"
2026-09-14 21:57:33,315 INFO HTTP Request: POST https://vps.lpzproxy.xyz/v1/chat/completions "HTTP/1.1 429 Too Many Requests"
2026-09-14 21:57:33,585 INFO HTTP Request: POST https://vps.lpzproxy.xyz/v1/chat/completions "HTTP/1.1 429 Too Many Requests"
2026-09-14 21:57:33,749 INFO HTTP Request: POST https://vps.lpzproxy.xyz/v1/chat/completions "HTTP/1.1 429 Too Many Requests"
2026-09-14 21:57:34,139 INFO HTTP Request: POST https://vps.lpzproxy.xyz/v1/chat/completions "HTTP/1.1 429 Too Many Requests"
2026-09-14 21:57:36,249 INFO HTTP Request: POST https://vps.lpzproxy.xyz/v1/chat/completions "HTTP/1.1 429 Too Many Requests"
2026-09-14 21:57:36,768 INFO HTTP Request: POST https://vps.lpzproxy.xyz/v1/chat/completions "HTTP/1.1 429 Too Many Requests"
2026-09-14 21:57:36,770 ERROR judge job failed after retries: API request failed after retries: retryable HTTP 429: {"error":{"code":"model_cooldown","message":"All credentials for model gemini-3.7-flash-high are cooling down via provider antigravity","model":"gemini-3.7-flash-high","provider":"antigravity","reset_
2026-09-14 21:57:37,079 INFO HTTP Request: POST https://vps.lpzproxy.xyz/v1/chat/completions "HTTP/1.1 429 Too Many Requests"
2026-09-14 21:57:37,080 ERROR judge job failed after retries: API request failed after retries: retryable HTTP 429: {"error":{"code":"model_cooldown","message":"All credentials for model gemini-3.7-flash-high are cooling down via provider antigravity","model":"gemini-3.7-flash-high","provider":"antigravity","reset_
2026-09-14 21:57:37,270 INFO HTTP Request: POST https://vps.lpzproxy.xyz/v1/chat/completions "HTTP/1.1 429 Too Many Requests"
2026-09-14 21:57:37,271 ERROR judge job failed after retries: API request failed after retries: retryable HTTP 429: {"error":{"code":"model_cooldown","message":"All credentials for model gemini-3.7-flash-high are cooling down via provider antigravity","model":"gemini-3.7-flash-high","provider":"antigravity","reset_
2026-09-14 21:57:37,511 INFO HTTP Request: POST https://vps.lpzproxy.xyz/v1/chat/completions "HTTP/1.1 429 Too Many Requests"
2026-09-14 21:57:37,511 ERROR judge job failed after retries: API request failed after retries: retryable HTTP 429: {"error":{"code":"model_cooldown","message":"All credentials for model gemini-3.7-flash-high are cooling down via provider antigravity","model":"gemini-3.7-flash-high","provider":"antigravity","reset_
2026-09-14 21:57:37,528 INFO HTTP Request: POST https://vps.lpzproxy.xyz/v1/chat/completions "HTTP/1.1 429 Too Many Requests"
2026-09-14 21:57:37,529 ERROR judge job failed after retries: API request failed after retries: retryable HTTP 429: {"error":{"code":"model_cooldown","message":"All credentials for model gemini-3.7-flash-high are cooling down via provider antigravity","model":"gemini-3.7-flash-high","provider":"antigravity","reset_
2026-09-14 21:57:37,561 INFO HTTP Request: POST https://vps.lpzproxy.xyz/v1/chat/completions "HTTP/1.1 429 Too Many Requests"
2026-09-14 21:57:37,561 ERROR judge job failed after retries: API request failed after retries: retryable HTTP 429: {"error":{"code":"model_cooldown","message":"All credentials for model gemini-3.7-flash-high are cooling down via provider antigravity","model":"gemini-3.7-flash-high","provider":"antigravity","reset_
2026-09-14 21:57:37,747 INFO HTTP Request: POST https://vps.lpzproxy.xyz/v1/chat/completions "HTTP/1.1 429 Too Many Requests"
2026-09-14 21:57:37,748 ERROR judge job failed after retries: API request failed after retries: retryable HTTP 429: {"error":{"code":"model_cooldown","message":"All credentials for model gemini-3.7-flash-high are cooling down via provider antigravity","model":"gemini-3.7-flash-high","provider":"antigravity","reset_
2026-09-14 21:57:37,999 INFO HTTP Request: POST https://vps.lpzproxy.xyz/v1/chat/completions "HTTP/1.1 429 Too Many Requests"
2026-09-14 21:57:38,000 ERROR judge job failed after retries: API request failed after retries: retryable HTTP 429: {"error":{"code":"model_cooldown","message":"All credentials for model gemini-3.7-flash-high are cooling down via provider antigravity","model":"gemini-3.7-flash-high","provider":"antigravity","reset_
2026-09-14 21:57:38,059 INFO HTTP Request: POST https://vps.lpzproxy.xyz/v1/chat/completions "HTTP/1.1 429 Too Many Requests"
2026-09-14 21:57:38,060 ERROR judge job failed after retries: API request failed after retries: retryable HTTP 429: {"error":{"code":"model_cooldown","message":"All credentials for model gemini-3.7-flash-high are cooling down via provider antigravity","model":"gemini-3.7-flash-high","provider":"antigravity","reset_
2026-09-14 21:57:38,130 INFO HTTP Request: POST https://vps.lpzproxy.xyz/v1/chat/completions "HTTP/1.1 429 Too Many Requests"
2026-09-14 21:57:38,131 ERROR judge job failed after retries: API request failed after retries: retryable HTTP 429: {"error":{"code":"model_cooldown","message":"All credentials for model gemini-3.7-flash-high are cooling down via provider antigravity","model":"gemini-3.7-flash-high","provider":"antigravity","reset_
2026-09-14 21:57:38,176 INFO HTTP Request: POST https://vps.lpzproxy.xyz/v1/chat/completions "HTTP/1.1 429 Too Many Requests"
2026-09-14 21:57:38,259 INFO HTTP Request: POST https://vps.lpzproxy.xyz/v1/chat/completions "HTTP/1.1 429 Too Many Requests"
2026-09-14 21:57:38,260 ERROR judge job failed after retries: API request failed after retries: retryable HTTP 429: {"error":{"code":"model_cooldown","message":"All credentials for model gemini-3.7-flash-high are cooling down via provider antigravity","model":"gemini-3.7-flash-high","provider":"antigravity","reset_
2026-09-14 21:57:38,321 INFO HTTP Request: POST https://vps.lpzproxy.xyz/v1/chat/completions "HTTP/1.1 429 Too Many Requests"
2026-09-14 21:57:38,321 ERROR judge job failed after retries: API request failed after retries: retryable HTTP 429: {"error":{"code":"model_cooldown","message":"All credentials for model gemini-3.7-flash-high are cooling down via provider antigravity","model":"gemini-3.7-flash-high","provider":"antigravity","reset_
2026-09-14 21:57:38,422 INFO HTTP Request: POST https://vps.lpzproxy.xyz/v1/chat/completions "HTTP/1.1 429 Too Many Requests"
2026-09-14 21:57:38,424 ERROR judge job failed after retries: API request failed after retries: retryable HTTP 429: {"error":{"code":"model_cooldown","message":"All credentials for model gemini-3.7-flash-high are cooling down via provider antigravity","model":"gemini-3.7-flash-high","provider":"antigravity","reset_
2026-09-14 21:57:38,469 INFO HTTP Request: POST https://vps.lpzproxy.xyz/v1/chat/completions "HTTP/1.1 429 Too Many Requests"
2026-09-14 21:57:38,694 INFO HTTP Request: POST https://vps.lpzproxy.xyz/v1/chat/completions "HTTP/1.1 429 Too Many Requests"
2026-09-14 21:57:38,924 INFO HTTP Request: POST https://vps.lpzproxy.xyz/v1/chat/completions "HTTP/1.1 429 Too Many Requests"
2026-09-14 21:57:38,955 INFO HTTP Request: POST https://vps.lpzproxy.xyz/v1/chat/completions "HTTP/1.1 429 Too Many Requests"
2026-09-14 21:57:38,981 INFO HTTP Request: POST https://vps.lpzproxy.xyz/v1/chat/completions "HTTP/1.1 429 Too Many Requests"
2026-09-14 21:57:39,055 INFO HTTP Request: POST https://vps.lpzproxy.xyz/v1/chat/completions "HTTP/1.1 429 Too Many Requests"
2026-09-14 21:57:39,055 ERROR judge job failed after retries: API request failed after retries: retryable HTTP 429: {"error":{"code":"model_cooldown","message":"All credentials for model gemini-3.7-flash-high are cooling down via provider antigravity","model":"gemini-3.7-flash-high","provider":"antigravity","reset_
2026-09-14 21:57:39,141 INFO HTTP Request: POST https://vps.lpzproxy.xyz/v1/chat/completions "HTTP/1.1 429 Too Many Requests"
2026-09-14 21:57:39,262 INFO HTTP Request: POST https://vps.lpzproxy.xyz/v1/chat/completions "HTTP/1.1 429 Too Many Requests"
2026-09-14 21:57:39,263 ERROR judge job failed after retries: API request failed after retries: retryable HTTP 429: {"error":{"code":"model_cooldown","message":"All credentials for model gemini-3.7-flash-high are cooling down via provider antigravity","model":"gemini-3.7-flash-high","provider":"antigravity","reset_
2026-09-14 21:57:39,399 INFO HTTP Request: POST https://vps.lpzproxy.xyz/v1/chat/completions "HTTP/1.1 429 Too Many Requests"
2026-09-14 21:57:39,461 INFO HTTP Request: POST https://vps.lpzproxy.xyz/v1/chat/completions "HTTP/1.1 429 Too Many Requests"
2026-09-14 21:57:39,478 INFO HTTP Request: POST https://vps.lpzproxy.xyz/v1/chat/completions "HTTP/1.1 429 Too Many Requests"
2026-09-14 21:57:39,479 ERROR judge job failed after retries: API request failed after retries: retryable HTTP 429: {"error":{"code":"model_cooldown","message":"All credentials for model gemini-3.7-flash-high are cooling down via provider antigravity","model":"gemini-3.7-flash-high","provider":"antigravity","reset_
2026-09-14 21:57:39,488 INFO HTTP Request: POST https://vps.lpzproxy.xyz/v1/chat/completions "HTTP/1.1 429 Too Many Requests"
2026-09-14 21:57:39,526 INFO HTTP Request: POST https://vps.lpzproxy.xyz/v1/chat/completions "HTTP/1.1 429 Too Many Requests"
2026-09-14 21:57:39,526 ERROR judge job failed after retries: API request failed after retries: retryable HTTP 429: {"error":{"code":"model_cooldown","message":"All credentials for model gemini-3.7-flash-high are cooling down via provider antigravity","model":"gemini-3.7-flash-high","provider":"antigravity","reset_
2026-09-14 21:57:39,643 INFO HTTP Request: POST https://vps.lpzproxy.xyz/v1/chat/completions "HTTP/1.1 429 Too Many Requests"
2026-09-14 21:57:39,724 INFO HTTP Request: POST https://vps.lpzproxy.xyz/v1/chat/completions "HTTP/1.1 429 Too Many Requests"
2026-09-14 21:57:39,835 INFO HTTP Request: POST https://vps.lpzproxy.xyz/v1/chat/completions "HTTP/1.1 429 Too Many Requests"
2026-09-14 21:57:39,875 INFO HTTP Request: POST https://vps.lpzproxy.xyz/v1/chat/completions "HTTP/1.1 429 Too Many Requests"
2026-09-14 21:57:39,876 ERROR judge job failed after retries: API request failed after retries: retryable HTTP 429: {"error":{"code":"model_cooldown","message":"All credentials for model gemini-3.7-flash-high are cooling down via provider antigravity","model":"gemini-3.7-flash-high","provider":"antigravity","reset_
2026-09-14 21:57:40,115 INFO HTTP Request: POST https://vps.lpzproxy.xyz/v1/chat/completions "HTTP/1.1 429 Too Many Requests"
2026-09-14 21:57:40,115 ERROR judge job failed after retries: API request failed after retries: retryable HTTP 429: {"error":{"code":"model_cooldown","message":"All credentials for model gemini-3.7-flash-high are cooling down via provider antigravity","model":"gemini-3.7-flash-high","provider":"antigravity","reset_
2026-09-14 21:57:40,217 INFO HTTP Request: POST https://vps.lpzproxy.xyz/v1/chat/completions "HTTP/1.1 429 Too Many Requests"
2026-09-14 21:57:40,230 ERROR judge job failed after retries: API request failed after retries: retryable HTTP 429: {"error":{"code":"model_cooldown","message":"All credentials for model gemini-3.7-flash-high are cooling down via provider antigravity","model":"gemini-3.7-flash-high","provider":"antigravity","reset_
2026-09-14 21:57:40,301 INFO HTTP Request: POST https://vps.lpzproxy.xyz/v1/chat/completions "HTTP/1.1 429 Too Many Requests"
2026-09-14 21:57:40,413 INFO HTTP Request: POST https://vps.lpzproxy.xyz/v1/chat/completions "HTTP/1.1 429 Too Many Requests"
2026-09-14 21:57:40,479 INFO HTTP Request: POST https://vps.lpzproxy.xyz/v1/chat/completions "HTTP/1.1 429 Too Many Requests"
2026-09-14 21:57:40,519 INFO HTTP Request: POST https://vps.lpzproxy.xyz/v1/chat/completions "HTTP/1.1 429 Too Many Requests"
2026-09-14 21:57:40,606 INFO HTTP Request: POST https://vps.lpzproxy.xyz/v1/chat/completions "HTTP/1.1 429 Too Many Requests"
2026-09-14 21:57:40,652 INFO HTTP Request: POST https://vps.lpzproxy.xyz/v1/chat/completions "HTTP/1.1 429 Too Many Requests"
2026-09-14 21:57:40,652 ERROR judge job failed after retries: API request failed after retries: retryable HTTP 429: {"error":{"code":"model_cooldown","message":"All credentials for model gemini-3.7-flash-high are cooling down via provider antigravity","model":"gemini-3.7-flash-high","provider":"antigravity","reset_
2026-09-14 21:57:40,691 INFO HTTP Request: POST https://vps.lpzproxy.xyz/v1/chat/completions "HTTP/1.1 429 Too Many Requests"
2026-09-14 21:57:40,692 ERROR judge job failed after retries: API request failed after retries: retryable HTTP 429: {"error":{"code":"model_cooldown","message":"All credentials for model gemini-3.7-flash-high are cooling down via provider antigravity","model":"gemini-3.7-flash-high","provider":"antigravity","reset_
2026-09-14 21:57:40,698 INFO HTTP Request: POST https://vps.lpzproxy.xyz/v1/chat/completions "HTTP/1.1 429 Too Many Requests"
2026-09-14 21:57:40,756 INFO HTTP Request: POST https://vps.lpzproxy.xyz/v1/chat/completions "HTTP/1.1 429 Too Many Requests"
2026-09-14 21:57:40,756 ERROR judge job failed after retries: API request failed after retries: retryable HTTP 429: {"error":{"code":"model_cooldown","message":"All credentials for model gemini-3.7-flash-high are cooling down via provider antigravity","model":"gemini-3.7-flash-high","provider":"antigravity","reset_
2026-09-14 21:57:40,772 INFO HTTP Request: POST https://vps.lpzproxy.xyz/v1/chat/completions "HTTP/1.1 429 Too Many Requests"
2026-09-14 21:57:40,772 ERROR judge job failed after retries: API request failed after retries: retryable HTTP 429: {"error":{"code":"model_cooldown","message":"All credentials for model gemini-3.7-flash-high are cooling down via provider antigravity","model":"gemini-3.7-flash-high","provider":"antigravity","reset_
2026-09-14 21:57:40,838 INFO HTTP Request: POST https://vps.lpzproxy.xyz/v1/chat/completions "HTTP/1.1 429 Too Many Requests"
2026-09-14 21:57:40,839 ERROR judge job failed after retries: API request failed after retries: retryable HTTP 429: {"error":{"code":"model_cooldown","message":"All credentials for model gemini-3.7-flash-high are cooling down via provider antigravity","model":"gemini-3.7-flash-high","provider":"antigravity","reset_
2026-09-14 21:57:40,864 INFO HTTP Request: POST https://vps.lpzproxy.xyz/v1/chat/completions "HTTP/1.1 429 Too Many Requests"
2026-09-14 21:57:40,896 INFO HTTP Request: POST https://vps.lpzproxy.xyz/v1/chat/completions "HTTP/1.1 429 Too Many Requests"
2026-09-14 21:57:40,921 INFO HTTP Request: POST https://vps.lpzproxy.xyz/v1/chat/completions "HTTP/1.1 429 Too Many Requests"
2026-09-14 21:57:41,011 INFO HTTP Request: POST https://vps.lpzproxy.xyz/v1/chat/completions "HTTP/1.1 429 Too Many Requests"
2026-09-14 21:57:41,012 ERROR judge job failed after retries: API request failed after retries: retryable HTTP 429: {"error":{"code":"model_cooldown","message":"All credentials for model gemini-3.7-flash-high are cooling down via provider antigravity","model":"gemini-3.7-flash-high","provider":"antigravity","reset_
2026-09-14 21:57:41,111 INFO HTTP Request: POST https://vps.lpzproxy.xyz/v1/chat/completions "HTTP/1.1 429 Too Many Requests"
2026-09-14 21:57:41,244 INFO HTTP Request: POST https://vps.lpzproxy.xyz/v1/chat/completions "HTTP/1.1 429 Too Many Requests"
2026-09-14 21:57:41,278 INFO HTTP Request: POST https://vps.lpzproxy.xyz/v1/chat/completions "HTTP/1.1 429 Too Many Requests"
2026-09-14 21:57:41,288 INFO HTTP Request: POST https://vps.lpzproxy.xyz/v1/chat/completions "HTTP/1.1 429 Too Many Requests"
2026-09-14 21:57:41,289 ERROR judge job failed after retries: API request failed after retries: retryable HTTP 429: {"error":{"code":"model_cooldown","message":"All credentials for model gemini-3.7-flash-high are cooling down via provider antigravity","model":"gemini-3.7-flash-high","provider":"antigravity","reset_
2026-09-14 21:57:41,382 INFO HTTP Request: POST https://vps.lpzproxy.xyz/v1/chat/completions "HTTP/1.1 429 Too Many Requests"
2026-09-14 21:57:41,382 ERROR judge job failed after retries: API request failed after retries: retryable HTTP 429: {"error":{"code":"model_cooldown","message":"All credentials for model gemini-3.7-flash-high are cooling down via provider antigravity","model":"gemini-3.7-flash-high","provider":"antigravity","reset_
2026-09-14 21:57:41,433 INFO HTTP Request: POST https://vps.lpzproxy.xyz/v1/chat/completions "HTTP/1.1 429 Too Many Requests"
2026-09-14 21:57:41,499 INFO HTTP Request: POST https://vps.lpzproxy.xyz/v1/chat/completions "HTTP/1.1 429 Too Many Requests"
2026-09-14 21:57:41,584 INFO HTTP Request: POST https://vps.lpzproxy.xyz/v1/chat/completions "HTTP/1.1 429 Too Many Requests"
2026-09-14 21:57:41,585 INFO HTTP Request: POST https://vps.lpzproxy.xyz/v1/chat/completions "HTTP/1.1 429 Too Many Requests"
2026-09-14 21:57:41,680 INFO HTTP Request: POST https://vps.lpzproxy.xyz/v1/chat/completions "HTTP/1.1 429 Too Many Requests"
2026-09-14 21:57:41,779 INFO HTTP Request: POST https://vps.lpzproxy.xyz/v1/chat/completions "HTTP/1.1 429 Too Many Requests"
2026-09-14 21:57:41,780 ERROR judge job failed after retries: API request failed after retries: retryable HTTP 429: {"error":{"code":"model_cooldown","message":"All credentials for model gemini-3.7-flash-high are cooling down via provider antigravity","model":"gemini-3.7-flash-high","provider":"antigravity","reset_
2026-09-14 21:57:41,863 INFO HTTP Request: POST https://vps.lpzproxy.xyz/v1/chat/completions "HTTP/1.1 429 Too Many Requests"
2026-09-14 21:57:41,874 INFO HTTP Request: POST https://vps.lpzproxy.xyz/v1/chat/completions "HTTP/1.1 429 Too Many Requests"
2026-09-14 21:57:41,958 INFO HTTP Request: POST https://vps.lpzproxy.xyz/v1/chat/completions "HTTP/1.1 429 Too Many Requests"
2026-09-14 21:57:41,958 INFO HTTP Request: POST https://vps.lpzproxy.xyz/v1/chat/completions "HTTP/1.1 429 Too Many Requests"
2026-09-14 21:57:41,959 ERROR judge job failed after retries: API request failed after retries: retryable HTTP 429: {"error":{"code":"model_cooldown","message":"All credentials for model gemini-3.7-flash-high are cooling down via provider antigravity","model":"gemini-3.7-flash-high","provider":"antigravity","reset_
2026-09-14 21:57:41,969 INFO HTTP Request: POST https://vps.lpzproxy.xyz/v1/chat/completions "HTTP/1.1 429 Too Many Requests"
2026-09-14 21:57:41,969 ERROR judge job failed after retries: API request failed after retries: retryable HTTP 429: {"error":{"code":"model_cooldown","message":"All credentials for model gemini-3.7-flash-high are cooling down via provider antigravity","model":"gemini-3.7-flash-high","provider":"antigravity","reset_
2026-09-14 21:57:42,046 INFO HTTP Request: POST https://vps.lpzproxy.xyz/v1/chat/completions "HTTP/1.1 429 Too Many Requests"
2026-09-14 21:57:42,083 INFO HTTP Request: POST https://vps.lpzproxy.xyz/v1/chat/completions "HTTP/1.1 429 Too Many Requests"
2026-09-14 21:57:42,083 ERROR judge job failed after retries: API request failed after retries: retryable HTTP 429: {"error":{"code":"model_cooldown","message":"All credentials for model gemini-3.7-flash-high are cooling down via provider antigravity","model":"gemini-3.7-flash-high","provider":"antigravity","reset_
2026-09-14 21:57:42,088 INFO HTTP Request: POST https://vps.lpzproxy.xyz/v1/chat/completions "HTTP/1.1 429 Too Many Requests"
2026-09-14 21:57:42,131 INFO HTTP Request: POST https://vps.lpzproxy.xyz/v1/chat/completions "HTTP/1.1 429 Too Many Requests"
2026-09-14 21:57:42,144 INFO HTTP Request: POST https://vps.lpzproxy.xyz/v1/chat/completions "HTTP/1.1 429 Too Many Requests"
2026-09-14 21:57:42,234 INFO HTTP Request: POST https://vps.lpzproxy.xyz/v1/chat/completions "HTTP/1.1 429 Too Many Requests"
2026-09-14 21:57:42,411 INFO HTTP Request: POST https://vps.lpzproxy.xyz/v1/chat/completions "HTTP/1.1 429 Too Many Requests"
2026-09-14 21:57:42,525 INFO HTTP Request: POST https://vps.lpzproxy.xyz/v1/chat/completions "HTTP/1.1 429 Too Many Requests"
2026-09-14 21:57:42,538 INFO HTTP Request: POST https://vps.lpzproxy.xyz/v1/chat/completions "HTTP/1.1 429 Too Many Requests"
2026-09-14 21:57:42,568 INFO HTTP Request: POST https://vps.lpzproxy.xyz/v1/chat/completions "HTTP/1.1 429 Too Many Requests"
2026-09-14 21:57:42,578 INFO HTTP Request: POST https://vps.lpzproxy.xyz/v1/chat/completions "HTTP/1.1 429 Too Many Requests"
2026-09-14 21:57:42,579 ERROR judge job failed after retries: API request failed after retries: retryable HTTP 429: {"error":{"code":"model_cooldown","message":"All credentials for model gemini-3.7-flash-high are cooling down via provider antigravity","model":"gemini-3.7-flash-high","provider":"antigravity","reset_
2026-09-14 21:57:42,658 INFO HTTP Request: POST https://vps.lpzproxy.xyz/v1/chat/completions "HTTP/1.1 429 Too Many Requests"
2026-09-14 21:57:42,658 ERROR judge job failed after retries: API request failed after retries: retryable HTTP 429: {"error":{"code":"model_cooldown","message":"All credentials for model gemini-3.7-flash-high are cooling down via provider antigravity","model":"gemini-3.7-flash-high","provider":"antigravity","reset_
2026-09-14 21:57:42,664 INFO HTTP Request: POST https://vps.lpzproxy.xyz/v1/chat/completions "HTTP/1.1 429 Too Many Requests"
2026-09-14 21:57:42,769 INFO HTTP Request: POST https://vps.lpzproxy.xyz/v1/chat/completions "HTTP/1.1 429 Too Many Requests"
2026-09-14 21:57:42,845 INFO HTTP Request: POST https://vps.lpzproxy.xyz/v1/chat/completions "HTTP/1.1 429 Too Many Requests"
2026-09-14 21:57:43,043 INFO HTTP Request: POST https://vps.lpzproxy.xyz/v1/chat/completions "HTTP/1.1 429 Too Many Requests"
2026-09-14 21:57:43,110 INFO HTTP Request: POST https://vps.lpzproxy.xyz/v1/chat/completions "HTTP/1.1 429 Too Many Requests"
2026-09-14 21:57:43,144 INFO HTTP Request: POST https://vps.lpzproxy.xyz/v1/chat/completions "HTTP/1.1 429 Too Many Requests"
2026-09-14 21:57:43,179 INFO HTTP Request: POST https://vps.lpzproxy.xyz/v1/chat/completions "HTTP/1.1 429 Too Many Requests"
2026-09-14 21:57:43,199 INFO HTTP Request: POST https://vps.lpzproxy.xyz/v1/chat/completions "HTTP/1.1 429 Too Many Requests"
2026-09-14 21:57:43,200 ERROR judge job failed after retries: API request failed after retries: retryable HTTP 429: {"error":{"code":"model_cooldown","message":"All credentials for model gemini-3.7-flash-high are cooling down via provider antigravity","model":"gemini-3.7-flash-high","provider":"antigravity","reset_
2026-09-14 21:57:43,266 INFO HTTP Request: POST https://vps.lpzproxy.xyz/v1/chat/completions "HTTP/1.1 429 Too Many Requests"
2026-09-14 21:57:43,266 ERROR judge job failed after retries: API request failed after retries: retryable HTTP 429: {"error":{"code":"model_cooldown","message":"All credentials for model gemini-3.7-flash-high are cooling down via provider antigravity","model":"gemini-3.7-flash-high","provider":"antigravity","reset_
2026-09-14 21:57:43,326 INFO HTTP Request: POST https://vps.lpzproxy.xyz/v1/chat/completions "HTTP/1.1 429 Too Many Requests"
2026-09-14 21:57:43,347 INFO HTTP Request: POST https://vps.lpzproxy.xyz/v1/chat/completions "HTTP/1.1 429 Too Many Requests"
2026-09-14 21:57:43,446 INFO HTTP Request: POST https://vps.lpzproxy.xyz/v1/chat/completions "HTTP/1.1 429 Too Many Requests"
2026-09-14 21:57:43,480 INFO HTTP Request: POST https://vps.lpzproxy.xyz/v1/chat/completions "HTTP/1.1 429 Too Many Requests"
2026-09-14 21:57:43,501 INFO HTTP Request: POST https://vps.lpzproxy.xyz/v1/chat/completions "HTTP/1.1 429 Too Many Requests"
2026-09-14 21:57:43,508 INFO HTTP Request: POST https://vps.lpzproxy.xyz/v1/chat/completions "HTTP/1.1 429 Too Many Requests"
2026-09-14 21:57:43,611 INFO HTTP Request: POST https://vps.lpzproxy.xyz/v1/chat/completions "HTTP/1.1 429 Too Many Requests"
2026-09-14 21:57:43,637 INFO HTTP Request: POST https://vps.lpzproxy.xyz/v1/chat/completions "HTTP/1.1 429 Too Many Requests"
2026-09-14 21:57:43,665 INFO HTTP Request: POST https://vps.lpzproxy.xyz/v1/chat/completions "HTTP/1.1 429 Too Many Requests"
2026-09-14 21:57:43,665 ERROR judge job failed after retries: API request failed after retries: retryable HTTP 429: {"error":{"code":"model_cooldown","message":"All credentials for model gemini-3.7-flash-high are cooling down via provider antigravity","model":"gemini-3.7-flash-high","provider":"antigravity","reset_
2026-09-14 21:57:43,681 INFO HTTP Request: POST https://vps.lpzproxy.xyz/v1/chat/completions "HTTP/1.1 429 Too Many Requests"
2026-09-14 21:57:43,691 INFO HTTP Request: POST https://vps.lpzproxy.xyz/v1/chat/completions "HTTP/1.1 429 Too Many Requests"
2026-09-14 21:57:43,691 ERROR judge job failed after retries: API request failed after retries: retryable HTTP 429: {"error":{"code":"model_cooldown","message":"All credentials for model gemini-3.7-flash-high are cooling down via provider antigravity","model":"gemini-3.7-flash-high","provider":"antigravity","reset_
2026-09-14 21:57:43,880 INFO HTTP Request: POST https://vps.lpzproxy.xyz/v1/chat/completions "HTTP/1.1 429 Too Many Requests"
2026-09-14 21:57:43,881 ERROR judge job failed after retries: API request failed after retries: retryable HTTP 429: {"error":{"code":"model_cooldown","message":"All credentials for model gemini-3.7-flash-high are cooling down via provider antigravity","model":"gemini-3.7-flash-high","provider":"antigravity","reset_
2026-09-14 21:57:43,991 INFO HTTP Request: POST https://vps.lpzproxy.xyz/v1/chat/completions "HTTP/1.1 429 Too Many Requests"
2026-09-14 21:57:44,037 INFO HTTP Request: POST https://vps.lpzproxy.xyz/v1/chat/completions "HTTP/1.1 429 Too Many Requests"
2026-09-14 21:57:44,312 INFO HTTP Request: POST https://vps.lpzproxy.xyz/v1/chat/completions "HTTP/1.1 429 Too Many Requests"
2026-09-14 21:57:44,395 INFO HTTP Request: POST https://vps.lpzproxy.xyz/v1/chat/completions "HTTP/1.1 429 Too Many Requests"
2026-09-14 21:57:44,441 INFO HTTP Request: POST https://vps.lpzproxy.xyz/v1/chat/completions "HTTP/1.1 429 Too Many Requests"
2026-09-14 21:57:44,441 INFO HTTP Request: POST https://vps.lpzproxy.xyz/v1/chat/completions "HTTP/1.1 429 Too Many Requests"
2026-09-14 21:57:44,475 INFO HTTP Request: POST https://vps.lpzproxy.xyz/v1/chat/completions "HTTP/1.1 429 Too Many Requests"
2026-09-14 21:57:44,488 INFO HTTP Request: POST https://vps.lpzproxy.xyz/v1/chat/completions "HTTP/1.1 429 Too Many Requests"
2026-09-14 21:57:44,490 INFO HTTP Request: POST https://vps.lpzproxy.xyz/v1/chat/completions "HTTP/1.1 429 Too Many Requests"
2026-09-14 21:57:44,570 INFO HTTP Request: POST https://vps.lpzproxy.xyz/v1/chat/completions "HTTP/1.1 429 Too Many Requests"
2026-09-14 21:57:44,581 INFO HTTP Request: POST https://vps.lpzproxy.xyz/v1/chat/completions "HTTP/1.1 429 Too Many Requests"
2026-09-14 21:57:44,594 INFO HTTP Request: POST https://vps.lpzproxy.xyz/v1/chat/completions "HTTP/1.1 429 Too Many Requests"
2026-09-14 21:57:44,683 INFO HTTP Request: POST https://vps.lpzproxy.xyz/v1/chat/completions "HTTP/1.1 429 Too Many Requests"
2026-09-14 21:57:44,824 INFO HTTP Request: POST https://vps.lpzproxy.xyz/v1/chat/completions "HTTP/1.1 429 Too Many Requests"
2026-09-14 21:57:44,836 INFO HTTP Request: POST https://vps.lpzproxy.xyz/v1/chat/completions "HTTP/1.1 429 Too Many Requests"
2026-09-14 21:57:44,877 INFO HTTP Request: POST https://vps.lpzproxy.xyz/v1/chat/completions "HTTP/1.1 429 Too Many Requests"
2026-09-14 21:57:45,009 INFO HTTP Request: POST https://vps.lpzproxy.xyz/v1/chat/completions "HTTP/1.1 429 Too Many Requests"
2026-09-14 21:57:45,013 INFO HTTP Request: POST https://vps.lpzproxy.xyz/v1/chat/completions "HTTP/1.1 429 Too Many Requests"
2026-09-14 21:57:45,038 INFO HTTP Request: POST https://vps.lpzproxy.xyz/v1/chat/completions "HTTP/1.1 429 Too Many Requests"
2026-09-14 21:57:45,082 INFO HTTP Request: POST https://vps.lpzproxy.xyz/v1/chat/completions "HTTP/1.1 429 Too Many Requests"
2026-09-14 21:57:45,091 INFO HTTP Request: POST https://vps.lpzproxy.xyz/v1/chat/completions "HTTP/1.1 429 Too Many Requests"
2026-09-14 21:57:45,254 INFO HTTP Request: POST https://vps.lpzproxy.xyz/v1/chat/completions "HTTP/1.1 429 Too Many Requests"
2026-09-14 21:57:45,264 INFO HTTP Request: POST https://vps.lpzproxy.xyz/v1/chat/completions "HTTP/1.1 429 Too Many Requests"
2026-09-14 21:57:45,285 INFO HTTP Request: POST https://vps.lpzproxy.xyz/v1/chat/completions "HTTP/1.1 429 Too Many Requests"
2026-09-14 21:57:45,315 INFO HTTP Request: POST https://vps.lpzproxy.xyz/v1/chat/completions "HTTP/1.1 429 Too Many Requests"
2026-09-14 21:57:45,518 INFO HTTP Request: POST https://vps.lpzproxy.xyz/v1/chat/completions "HTTP/1.1 429 Too Many Requests"
2026-09-14 21:57:45,579 INFO HTTP Request: POST https://vps.lpzproxy.xyz/v1/chat/completions "HTTP/1.1 429 Too Many Requests"
2026-09-14 21:57:45,618 INFO HTTP Request: POST https://vps.lpzproxy.xyz/v1/chat/completions "HTTP/1.1 429 Too Many Requests"
2026-09-14 21:57:45,820 INFO HTTP Request: POST https://vps.lpzproxy.xyz/v1/chat/completions "HTTP/1.1 429 Too Many Requests"
2026-09-14 21:57:45,832 INFO HTTP Request: POST https://vps.lpzproxy.xyz/v1/chat/completions "HTTP/1.1 429 Too Many Requests"
2026-09-14 21:57:45,934 INFO HTTP Request: POST https://vps.lpzproxy.xyz/v1/chat/completions "HTTP/1.1 429 Too Many Requests"
2026-09-14 21:57:46,139 INFO HTTP Request: POST https://vps.lpzproxy.xyz/v1/chat/completions "HTTP/1.1 429 Too Many Requests"
2026-09-14 21:57:46,238 INFO HTTP Request: POST https://vps.lpzproxy.xyz/v1/chat/completions "HTTP/1.1 429 Too Many Requests"
2026-09-14 21:57:46,335 INFO HTTP Request: POST https://vps.lpzproxy.xyz/v1/chat/completions "HTTP/1.1 429 Too Many Requests"
2026-09-14 21:57:46,337 INFO HTTP Request: POST https://vps.lpzproxy.xyz/v1/chat/completions "HTTP/1.1 429 Too Many Requests"
2026-09-14 21:57:46,486 INFO HTTP Request: POST https://vps.lpzproxy.xyz/v1/chat/completions "HTTP/1.1 429 Too Many Requests"
2026-09-14 21:57:46,527 INFO HTTP Request: POST https://vps.lpzproxy.xyz/v1/chat/completions "HTTP/1.1 429 Too Many Requests"
2026-09-14 21:57:46,528 ERROR judge job failed after retries: API request failed after retries: retryable HTTP 429: {"error":{"code":"model_cooldown","message":"All credentials for model gemini-3.7-flash-high are cooling down via provider antigravity","model":"gemini-3.7-flash-high","provider":"antigravity","reset_
2026-09-14 21:57:46,629 INFO HTTP Request: POST https://vps.lpzproxy.xyz/v1/chat/completions "HTTP/1.1 429 Too Many Requests"
2026-09-14 21:57:46,871 INFO HTTP Request: POST https://vps.lpzproxy.xyz/v1/chat/completions "HTTP/1.1 429 Too Many Requests"
2026-09-14 21:57:46,981 INFO HTTP Request: POST https://vps.lpzproxy.xyz/v1/chat/completions "HTTP/1.1 429 Too Many Requests"
2026-09-14 21:57:47,085 INFO HTTP Request: POST https://vps.lpzproxy.xyz/v1/chat/completions "HTTP/1.1 429 Too Many Requests"
2026-09-14 21:57:47,087 INFO HTTP Request: POST https://vps.lpzproxy.xyz/v1/chat/completions "HTTP/1.1 429 Too Many Requests"
2026-09-14 21:57:47,214 INFO HTTP Request: POST https://vps.lpzproxy.xyz/v1/chat/completions "HTTP/1.1 429 Too Many Requests"
2026-09-14 21:57:47,401 INFO HTTP Request: POST https://vps.lpzproxy.xyz/v1/chat/completions "HTTP/1.1 429 Too Many Requests"
2026-09-14 21:57:47,538 INFO HTTP Request: POST https://vps.lpzproxy.xyz/v1/chat/completions "HTTP/1.1 429 Too Many Requests"
2026-09-14 21:57:47,753 INFO HTTP Request: POST https://vps.lpzproxy.xyz/v1/chat/completions "HTTP/1.1 429 Too Many Requests"
2026-09-14 21:57:47,880 INFO HTTP Request: POST https://vps.lpzproxy.xyz/v1/chat/completions "HTTP/1.1 429 Too Many Requests"
2026-09-14 21:57:47,880 INFO HTTP Request: POST https://vps.lpzproxy.xyz/v1/chat/completions "HTTP/1.1 429 Too Many Requests"
2026-09-14 21:57:47,934 INFO HTTP Request: POST https://vps.lpzproxy.xyz/v1/chat/completions "HTTP/1.1 429 Too Many Requests"
2026-09-14 21:57:48,021 INFO HTTP Request: POST https://vps.lpzproxy.xyz/v1/chat/completions "HTTP/1.1 429 Too Many Requests"
2026-09-14 21:57:48,040 INFO HTTP Request: POST https://vps.lpzproxy.xyz/v1/chat/completions "HTTP/1.1 429 Too Many Requests"
2026-09-14 21:57:48,239 INFO HTTP Request: POST https://vps.lpzproxy.xyz/v1/chat/completions "HTTP/1.1 429 Too Many Requests"
2026-09-14 21:57:48,309 INFO HTTP Request: POST https://vps.lpzproxy.xyz/v1/chat/completions "HTTP/1.1 429 Too Many Requests"
2026-09-14 21:57:48,370 INFO HTTP Request: POST https://vps.lpzproxy.xyz/v1/chat/completions "HTTP/1.1 429 Too Many Requests"
2026-09-14 21:57:48,465 INFO HTTP Request: POST https://vps.lpzproxy.xyz/v1/chat/completions "HTTP/1.1 429 Too Many Requests"
2026-09-14 21:57:48,725 INFO HTTP Request: POST https://vps.lpzproxy.xyz/v1/chat/completions "HTTP/1.1 429 Too Many Requests"
2026-09-14 21:57:48,734 INFO HTTP Request: POST https://vps.lpzproxy.xyz/v1/chat/completions "HTTP/1.1 429 Too Many Requests"
2026-09-14 21:57:49,127 INFO HTTP Request: POST https://vps.lpzproxy.xyz/v1/chat/completions "HTTP/1.1 429 Too Many Requests"
2026-09-14 21:57:49,157 INFO HTTP Request: POST https://vps.lpzproxy.xyz/v1/chat/completions "HTTP/1.1 429 Too Many Requests"
2026-09-14 21:57:49,157 INFO HTTP Request: POST https://vps.lpzproxy.xyz/v1/chat/completions "HTTP/1.1 429 Too Many Requests"
2026-09-14 21:57:49,169 INFO HTTP Request: POST https://vps.lpzproxy.xyz/v1/chat/completions "HTTP/1.1 429 Too Many Requests"
2026-09-14 21:57:49,378 INFO HTTP Request: POST https://vps.lpzproxy.xyz/v1/chat/completions "HTTP/1.1 429 Too Many Requests"
2026-09-14 21:57:49,378 INFO HTTP Request: POST https://vps.lpzproxy.xyz/v1/chat/completions "HTTP/1.1 429 Too Many Requests"
2026-09-14 21:57:49,406 INFO HTTP Request: POST https://vps.lpzproxy.xyz/v1/chat/completions "HTTP/1.1 429 Too Many Requests"
2026-09-14 21:57:49,408 INFO HTTP Request: POST https://vps.lpzproxy.xyz/v1/chat/completions "HTTP/1.1 429 Too Many Requests"
2026-09-14 21:57:49,546 INFO HTTP Request: POST https://vps.lpzproxy.xyz/v1/chat/completions "HTTP/1.1 429 Too Many Requests"
2026-09-14 21:57:49,584 INFO HTTP Request: POST https://vps.lpzproxy.xyz/v1/chat/completions "HTTP/1.1 429 Too Many Requests"
2026-09-14 21:57:49,614 INFO HTTP Request: POST https://vps.lpzproxy.xyz/v1/chat/completions "HTTP/1.1 429 Too Many Requests"
2026-09-14 21:57:49,636 INFO HTTP Request: POST https://vps.lpzproxy.xyz/v1/chat/completions "HTTP/1.1 429 Too Many Requests"
2026-09-14 21:57:49,655 INFO HTTP Request: POST https://vps.lpzproxy.xyz/v1/chat/completions "HTTP/1.1 429 Too Many Requests"
2026-09-14 21:57:50,115 INFO HTTP Request: POST https://vps.lpzproxy.xyz/v1/chat/completions "HTTP/1.1 429 Too Many Requests"
2026-09-14 21:57:50,117 INFO HTTP Request: POST https://vps.lpzproxy.xyz/v1/chat/completions "HTTP/1.1 429 Too Many Requests"
2026-09-14 21:57:50,292 INFO HTTP Request: POST https://vps.lpzproxy.xyz/v1/chat/completions "HTTP/1.1 429 Too Many Requests"
2026-09-14 21:57:50,295 INFO HTTP Request: POST https://vps.lpzproxy.xyz/v1/chat/completions "HTTP/1.1 429 Too Many Requests"
2026-09-14 21:57:50,333 INFO HTTP Request: POST https://vps.lpzproxy.xyz/v1/chat/completions "HTTP/1.1 429 Too Many Requests"
2026-09-14 21:57:50,648 INFO HTTP Request: POST https://vps.lpzproxy.xyz/v1/chat/completions "HTTP/1.1 429 Too Many Requests"
2026-09-14 21:57:50,654 INFO HTTP Request: POST https://vps.lpzproxy.xyz/v1/chat/completions "HTTP/1.1 429 Too Many Requests"
2026-09-14 21:57:50,882 INFO HTTP Request: POST https://vps.lpzproxy.xyz/v1/chat/completions "HTTP/1.1 429 Too Many Requests"
2026-09-14 21:57:50,940 INFO HTTP Request: POST https://vps.lpzproxy.xyz/v1/chat/completions "HTTP/1.1 429 Too Many Requests"
2026-09-14 21:57:50,969 INFO HTTP Request: POST https://vps.lpzproxy.xyz/v1/chat/completions "HTTP/1.1 429 Too Many Requests"
2026-09-14 21:57:51,223 INFO HTTP Request: POST https://vps.lpzproxy.xyz/v1/chat/completions "HTTP/1.1 429 Too Many Requests"
2026-09-14 21:57:51,225 INFO HTTP Request: POST https://vps.lpzproxy.xyz/v1/chat/completions "HTTP/1.1 429 Too Many Requests"
2026-09-14 21:57:52,034 INFO HTTP Request: POST https://vps.lpzproxy.xyz/v1/chat/completions "HTTP/1.1 429 Too Many Requests"
2026-09-14 21:57:52,117 INFO HTTP Request: POST https://vps.lpzproxy.xyz/v1/chat/completions "HTTP/1.1 429 Too Many Requests"
2026-09-14 21:57:52,193 INFO HTTP Request: POST https://vps.lpzproxy.xyz/v1/chat/completions "HTTP/1.1 429 Too Many Requests"
2026-09-14 21:57:52,337 INFO HTTP Request: POST https://vps.lpzproxy.xyz/v1/chat/completions "HTTP/1.1 429 Too Many Requests"
2026-09-14 21:57:52,527 INFO HTTP Request: POST https://vps.lpzproxy.xyz/v1/chat/completions "HTTP/1.1 429 Too Many Requests"
2026-09-14 21:57:52,569 INFO HTTP Request: POST https://vps.lpzproxy.xyz/v1/chat/completions "HTTP/1.1 429 Too Many Requests"
2026-09-14 21:57:52,614 INFO HTTP Request: POST https://vps.lpzproxy.xyz/v1/chat/completions "HTTP/1.1 429 Too Many Requests"
2026-09-14 21:57:53,037 INFO HTTP Request: POST https://vps.lpzproxy.xyz/v1/chat/completions "HTTP/1.1 429 Too Many Requests"
2026-09-14 21:57:53,198 INFO HTTP Request: POST https://vps.lpzproxy.xyz/v1/chat/completions "HTTP/1.1 429 Too Many Requests"
2026-09-14 21:57:53,204 INFO HTTP Request: POST https://vps.lpzproxy.xyz/v1/chat/completions "HTTP/1.1 429 Too Many Requests"
2026-09-14 21:57:53,412 INFO HTTP Request: POST https://vps.lpzproxy.xyz/v1/chat/completions "HTTP/1.1 429 Too Many Requests"
2026-09-14 21:57:53,749 INFO HTTP Request: POST https://vps.lpzproxy.xyz/v1/chat/completions "HTTP/1.1 429 Too Many Requests"
2026-09-14 21:57:54,068 INFO HTTP Request: POST https://vps.lpzproxy.xyz/v1/chat/completions "HTTP/1.1 429 Too Many Requests"
2026-09-14 21:57:54,073 INFO HTTP Request: POST https://vps.lpzproxy.xyz/v1/chat/completions "HTTP/1.1 429 Too Many Requests"
2026-09-14 21:57:54,178 INFO HTTP Request: POST https://vps.lpzproxy.xyz/v1/chat/completions "HTTP/1.1 429 Too Many Requests"
2026-09-14 21:57:54,213 INFO HTTP Request: POST https://vps.lpzproxy.xyz/v1/chat/completions "HTTP/1.1 429 Too Many Requests"
2026-09-14 21:57:54,410 INFO HTTP Request: POST https://vps.lpzproxy.xyz/v1/chat/completions "HTTP/1.1 429 Too Many Requests"
2026-09-14 21:57:54,993 INFO HTTP Request: POST https://vps.lpzproxy.xyz/v1/chat/completions "HTTP/1.1 429 Too Many Requests"
2026-09-14 21:57:55,462 INFO HTTP Request: POST https://vps.lpzproxy.xyz/v1/chat/completions "HTTP/1.1 429 Too Many Requests"
2026-09-14 21:57:57,008 INFO HTTP Request: POST https://vps.lpzproxy.xyz/v1/chat/completions "HTTP/1.1 429 Too Many Requests"
2026-09-14 21:57:57,153 INFO HTTP Request: POST https://vps.lpzproxy.xyz/v1/chat/completions "HTTP/1.1 429 Too Many Requests"
2026-09-14 21:57:57,816 INFO HTTP Request: POST https://vps.lpzproxy.xyz/v1/chat/completions "HTTP/1.1 429 Too Many Requests"
2026-09-14 21:57:57,818 ERROR judge job failed after retries: API request failed after retries: retryable HTTP 429: {"error":{"code":"model_cooldown","message":"All credentials for model gemini-3.7-flash-high are cooling down via provider antigravity","model":"gemini-3.7-flash-high","provider":"antigravity","reset_
2026-09-14 21:57:58,013 INFO HTTP Request: POST https://vps.lpzproxy.xyz/v1/chat/completions "HTTP/1.1 429 Too Many Requests"
2026-09-14 21:57:58,014 ERROR judge job failed after retries: API request failed after retries: retryable HTTP 429: {"error":{"code":"model_cooldown","message":"All credentials for model gemini-3.7-flash-high are cooling down via provider antigravity","model":"gemini-3.7-flash-high","provider":"antigravity","reset_
2026-09-14 21:57:58,055 INFO HTTP Request: POST https://vps.lpzproxy.xyz/v1/chat/completions "HTTP/1.1 429 Too Many Requests"
2026-09-14 21:57:58,056 ERROR judge job failed after retries: API request failed after retries: retryable HTTP 429: {"error":{"code":"model_cooldown","message":"All credentials for model gemini-3.7-flash-high are cooling down via provider antigravity","model":"gemini-3.7-flash-high","provider":"antigravity","reset_
2026-09-14 21:57:58,194 INFO HTTP Request: POST https://vps.lpzproxy.xyz/v1/chat/completions "HTTP/1.1 429 Too Many Requests"
2026-09-14 21:57:58,195 ERROR judge job failed after retries: API request failed after retries: retryable HTTP 429: {"error":{"code":"model_cooldown","message":"All credentials for model gemini-3.7-flash-high are cooling down via provider antigravity","model":"gemini-3.7-flash-high","provider":"antigravity","reset_
2026-09-14 21:57:58,813 INFO HTTP Request: POST https://vps.lpzproxy.xyz/v1/chat/completions "HTTP/1.1 429 Too Many Requests"
2026-09-14 21:57:58,814 ERROR judge job failed after retries: API request failed after retries: retryable HTTP 429: {"error":{"code":"model_cooldown","message":"All credentials for model gemini-3.7-flash-high are cooling down via provider antigravity","model":"gemini-3.7-flash-high","provider":"antigravity","reset_
2026-09-14 21:57:59,208 INFO HTTP Request: POST https://vps.lpzproxy.xyz/v1/chat/completions "HTTP/1.1 429 Too Many Requests"
2026-09-14 21:57:59,235 INFO HTTP Request: POST https://vps.lpzproxy.xyz/v1/chat/completions "HTTP/1.1 429 Too Many Requests"
2026-09-14 21:57:59,236 ERROR judge job failed after retries: API request failed after retries: retryable HTTP 429: {"error":{"code":"model_cooldown","message":"All credentials for model gemini-3.7-flash-high are cooling down via provider antigravity","model":"gemini-3.7-flash-high","provider":"antigravity","reset_
2026-09-14 21:57:59,295 INFO HTTP Request: POST https://vps.lpzproxy.xyz/v1/chat/completions "HTTP/1.1 429 Too Many Requests"
2026-09-14 21:57:59,296 ERROR judge job failed after retries: API request failed after retries: retryable HTTP 429: {"error":{"code":"model_cooldown","message":"All credentials for model gemini-3.7-flash-high are cooling down via provider antigravity","model":"gemini-3.7-flash-high","provider":"antigravity","reset_
2026-09-14 21:57:59,365 INFO HTTP Request: POST https://vps.lpzproxy.xyz/v1/chat/completions "HTTP/1.1 429 Too Many Requests"
2026-09-14 21:57:59,365 ERROR judge job failed after retries: API request failed after retries: retryable HTTP 429: {"error":{"code":"model_cooldown","message":"All credentials for model gemini-3.7-flash-high are cooling down via provider antigravity","model":"gemini-3.7-flash-high","provider":"antigravity","reset_
2026-09-14 21:57:59,419 INFO HTTP Request: POST https://vps.lpzproxy.xyz/v1/chat/completions "HTTP/1.1 429 Too Many Requests"
2026-09-14 21:57:59,419 INFO HTTP Request: POST https://vps.lpzproxy.xyz/v1/chat/completions "HTTP/1.1 429 Too Many Requests"
2026-09-14 21:57:59,459 INFO HTTP Request: POST https://vps.lpzproxy.xyz/v1/chat/completions "HTTP/1.1 429 Too Many Requests"
2026-09-14 21:57:59,459 ERROR judge job failed after retries: API request failed after retries: retryable HTTP 429: {"error":{"code":"model_cooldown","message":"All credentials for model gemini-3.7-flash-high are cooling down via provider antigravity","model":"gemini-3.7-flash-high","provider":"antigravity","reset_
2026-09-14 21:57:59,554 INFO HTTP Request: POST https://vps.lpzproxy.xyz/v1/chat/completions "HTTP/1.1 429 Too Many Requests"
2026-09-14 21:57:59,700 INFO HTTP Request: POST https://vps.lpzproxy.xyz/v1/chat/completions "HTTP/1.1 429 Too Many Requests"
2026-09-14 21:57:59,700 ERROR judge job failed after retries: API request failed after retries: retryable HTTP 429: {"error":{"code":"model_cooldown","message":"All credentials for model gemini-3.7-flash-high are cooling down via provider antigravity","model":"gemini-3.7-flash-high","provider":"antigravity","reset_
2026-09-14 21:58:00,005 INFO HTTP Request: POST https://vps.lpzproxy.xyz/v1/chat/completions "HTTP/1.1 429 Too Many Requests"
2026-09-14 21:58:00,006 ERROR judge job failed after retries: API request failed after retries: retryable HTTP 429: {"error":{"code":"model_cooldown","message":"All credentials for model gemini-3.7-flash-high are cooling down via provider antigravity","model":"gemini-3.7-flash-high","provider":"antigravity","reset_
2026-09-14 21:58:00,120 INFO HTTP Request: POST https://vps.lpzproxy.xyz/v1/chat/completions "HTTP/1.1 429 Too Many Requests"
2026-09-14 21:58:00,120 ERROR judge job failed after retries: API request failed after retries: retryable HTTP 429: {"error":{"code":"model_cooldown","message":"All credentials for model gemini-3.7-flash-high are cooling down via provider antigravity","model":"gemini-3.7-flash-high","provider":"antigravity","reset_
2026-09-14 21:58:00,219 INFO HTTP Request: POST https://vps.lpzproxy.xyz/v1/chat/completions "HTTP/1.1 429 Too Many Requests"
2026-09-14 21:58:00,374 INFO HTTP Request: POST https://vps.lpzproxy.xyz/v1/chat/completions "HTTP/1.1 429 Too Many Requests"
2026-09-14 21:58:00,375 ERROR judge job failed after retries: API request failed after retries: retryable HTTP 429: {"error":{"code":"model_cooldown","message":"All credentials for model gemini-3.7-flash-high are cooling down via provider antigravity","model":"gemini-3.7-flash-high","provider":"antigravity","reset_
2026-09-14 21:58:00,557 INFO HTTP Request: POST https://vps.lpzproxy.xyz/v1/chat/completions "HTTP/1.1 429 Too Many Requests"
2026-09-14 21:58:00,558 ERROR judge job failed after retries: API request failed after retries: retryable HTTP 429: {"error":{"code":"model_cooldown","message":"All credentials for model gemini-3.7-flash-high are cooling down via provider antigravity","model":"gemini-3.7-flash-high","provider":"antigravity","reset_
2026-09-14 21:58:00,617 INFO HTTP Request: POST https://vps.lpzproxy.xyz/v1/chat/completions "HTTP/1.1 429 Too Many Requests"
2026-09-14 21:58:00,689 INFO HTTP Request: POST https://vps.lpzproxy.xyz/v1/chat/completions "HTTP/1.1 429 Too Many Requests"
2026-09-14 21:58:00,690 ERROR judge job failed after retries: API request failed after retries: retryable HTTP 429: {"error":{"code":"model_cooldown","message":"All credentials for model gemini-3.7-flash-high are cooling down via provider antigravity","model":"gemini-3.7-flash-high","provider":"antigravity","reset_
2026-09-14 21:58:00,691 INFO HTTP Request: POST https://vps.lpzproxy.xyz/v1/chat/completions "HTTP/1.1 429 Too Many Requests"
2026-09-14 21:58:00,741 INFO HTTP Request: POST https://vps.lpzproxy.xyz/v1/chat/completions "HTTP/1.1 429 Too Many Requests"
2026-09-14 21:58:00,843 INFO HTTP Request: POST https://vps.lpzproxy.xyz/v1/chat/completions "HTTP/1.1 429 Too Many Requests"
2026-09-14 21:58:00,885 INFO HTTP Request: POST https://vps.lpzproxy.xyz/v1/chat/completions "HTTP/1.1 429 Too Many Requests"
2026-09-14 21:58:00,886 ERROR judge job failed after retries: API request failed after retries: retryable HTTP 429: {"error":{"code":"model_cooldown","message":"All credentials for model gemini-3.7-flash-high are cooling down via provider antigravity","model":"gemini-3.7-flash-high","provider":"antigravity","reset_
2026-09-14 21:58:00,933 INFO HTTP Request: POST https://vps.lpzproxy.xyz/v1/chat/completions "HTTP/1.1 429 Too Many Requests"
2026-09-14 21:58:00,934 ERROR judge job failed after retries: API request failed after retries: retryable HTTP 429: {"error":{"code":"model_cooldown","message":"All credentials for model gemini-3.7-flash-high are cooling down via provider antigravity","model":"gemini-3.7-flash-high","provider":"antigravity","reset_
2026-09-14 21:58:00,957 INFO HTTP Request: POST https://vps.lpzproxy.xyz/v1/chat/completions "HTTP/1.1 429 Too Many Requests"
2026-09-14 21:58:00,957 ERROR judge job failed after retries: API request failed after retries: retryable HTTP 429: {"error":{"code":"model_cooldown","message":"All credentials for model gemini-3.7-flash-high are cooling down via provider antigravity","model":"gemini-3.7-flash-high","provider":"antigravity","reset_
2026-09-14 21:58:01,058 INFO HTTP Request: POST https://vps.lpzproxy.xyz/v1/chat/completions "HTTP/1.1 429 Too Many Requests"
2026-09-14 21:58:01,058 ERROR judge job failed after retries: API request failed after retries: retryable HTTP 429: {"error":{"code":"model_cooldown","message":"All credentials for model gemini-3.7-flash-high are cooling down via provider antigravity","model":"gemini-3.7-flash-high","provider":"antigravity","reset_
2026-09-14 21:58:01,075 INFO HTTP Request: POST https://vps.lpzproxy.xyz/v1/chat/completions "HTTP/1.1 429 Too Many Requests"
2026-09-14 21:58:01,157 INFO HTTP Request: POST https://vps.lpzproxy.xyz/v1/chat/completions "HTTP/1.1 429 Too Many Requests"
2026-09-14 21:58:01,157 ERROR judge job failed after retries: API request failed after retries: retryable HTTP 429: {"error":{"code":"model_cooldown","message":"All credentials for model gemini-3.7-flash-high are cooling down via provider antigravity","model":"gemini-3.7-flash-high","provider":"antigravity","reset_
2026-09-14 21:58:01,279 INFO HTTP Request: POST https://vps.lpzproxy.xyz/v1/chat/completions "HTTP/1.1 429 Too Many Requests"
2026-09-14 21:58:01,350 INFO HTTP Request: POST https://vps.lpzproxy.xyz/v1/chat/completions "HTTP/1.1 429 Too Many Requests"
2026-09-14 21:58:01,355 INFO HTTP Request: POST https://vps.lpzproxy.xyz/v1/chat/completions "HTTP/1.1 429 Too Many Requests"
2026-09-14 21:58:01,380 INFO HTTP Request: POST https://vps.lpzproxy.xyz/v1/chat/completions "HTTP/1.1 429 Too Many Requests"
2026-09-14 21:58:01,419 INFO HTTP Request: POST https://vps.lpzproxy.xyz/v1/chat/completions "HTTP/1.1 429 Too Many Requests"
2026-09-14 21:58:01,420 ERROR judge job failed after retries: API request failed after retries: retryable HTTP 429: {"error":{"code":"model_cooldown","message":"All credentials for model gemini-3.7-flash-high are cooling down via provider antigravity","model":"gemini-3.7-flash-high","provider":"antigravity","reset_
2026-09-14 21:58:01,499 INFO HTTP Request: POST https://vps.lpzproxy.xyz/v1/chat/completions "HTTP/1.1 429 Too Many Requests"
2026-09-14 21:58:01,609 INFO HTTP Request: POST https://vps.lpzproxy.xyz/v1/chat/completions "HTTP/1.1 429 Too Many Requests"
2026-09-14 21:58:01,610 ERROR judge job failed after retries: API request failed after retries: retryable HTTP 429: {"error":{"code":"model_cooldown","message":"All credentials for model gemini-3.7-flash-high are cooling down via provider antigravity","model":"gemini-3.7-flash-high","provider":"antigravity","reset_
2026-09-14 21:58:01,728 INFO HTTP Request: POST https://vps.lpzproxy.xyz/v1/chat/completions "HTTP/1.1 429 Too Many Requests"
2026-09-14 21:58:01,781 INFO HTTP Request: POST https://vps.lpzproxy.xyz/v1/chat/completions "HTTP/1.1 429 Too Many Requests"
2026-09-14 21:58:01,889 INFO HTTP Request: POST https://vps.lpzproxy.xyz/v1/chat/completions "HTTP/1.1 429 Too Many Requests"
2026-09-14 21:58:02,001 INFO HTTP Request: POST https://vps.lpzproxy.xyz/v1/chat/completions "HTTP/1.1 429 Too Many Requests"
2026-09-14 21:58:02,002 ERROR judge job failed after retries: API request failed after retries: retryable HTTP 429: {"error":{"code":"model_cooldown","message":"All credentials for model gemini-3.7-flash-high are cooling down via provider antigravity","model":"gemini-3.7-flash-high","provider":"antigravity","reset_
2026-09-14 21:58:02,082 INFO HTTP Request: POST https://vps.lpzproxy.xyz/v1/chat/completions "HTTP/1.1 429 Too Many Requests"
2026-09-14 21:58:02,253 INFO HTTP Request: POST https://vps.lpzproxy.xyz/v1/chat/completions "HTTP/1.1 429 Too Many Requests"
2026-09-14 21:58:02,275 INFO HTTP Request: POST https://vps.lpzproxy.xyz/v1/chat/completions "HTTP/1.1 429 Too Many Requests"
2026-09-14 21:58:02,275 ERROR judge job failed after retries: API request failed after retries: retryable HTTP 429: {"error":{"code":"model_cooldown","message":"All credentials for model gemini-3.7-flash-high are cooling down via provider antigravity","model":"gemini-3.7-flash-high","provider":"antigravity","reset_
2026-09-14 21:58:02,283 INFO HTTP Request: POST https://vps.lpzproxy.xyz/v1/chat/completions "HTTP/1.1 429 Too Many Requests"
2026-09-14 21:58:02,317 INFO HTTP Request: POST https://vps.lpzproxy.xyz/v1/chat/completions "HTTP/1.1 429 Too Many Requests"
2026-09-14 21:58:02,353 INFO HTTP Request: POST https://vps.lpzproxy.xyz/v1/chat/completions "HTTP/1.1 429 Too Many Requests"
2026-09-14 21:58:02,462 INFO HTTP Request: POST https://vps.lpzproxy.xyz/v1/chat/completions "HTTP/1.1 429 Too Many Requests"
2026-09-14 21:58:02,485 INFO HTTP Request: POST https://vps.lpzproxy.xyz/v1/chat/completions "HTTP/1.1 429 Too Many Requests"
2026-09-14 21:58:02,715 INFO HTTP Request: POST https://vps.lpzproxy.xyz/v1/chat/completions "HTTP/1.1 429 Too Many Requests"
2026-09-14 21:58:02,715 ERROR judge job failed after retries: API request failed after retries: retryable HTTP 429: {"error":{"code":"model_cooldown","message":"All credentials for model gemini-3.7-flash-high are cooling down via provider antigravity","model":"gemini-3.7-flash-high","provider":"antigravity","reset_
2026-09-14 21:58:02,761 INFO HTTP Request: POST https://vps.lpzproxy.xyz/v1/chat/completions "HTTP/1.1 429 Too Many Requests"
2026-09-14 21:58:02,762 ERROR judge job failed after retries: API request failed after retries: retryable HTTP 429: {"error":{"code":"model_cooldown","message":"All credentials for model gemini-3.7-flash-high are cooling down via provider antigravity","model":"gemini-3.7-flash-high","provider":"antigravity","reset_
2026-09-14 21:58:02,855 INFO HTTP Request: POST https://vps.lpzproxy.xyz/v1/chat/completions "HTTP/1.1 429 Too Many Requests"
2026-09-14 21:58:02,855 ERROR judge job failed after retries: API request failed after retries: retryable HTTP 429: {"error":{"code":"model_cooldown","message":"All credentials for model gemini-3.7-flash-high are cooling down via provider antigravity","model":"gemini-3.7-flash-high","provider":"antigravity","reset_
2026-09-14 21:58:02,901 INFO HTTP Request: POST https://vps.lpzproxy.xyz/v1/chat/completions "HTTP/1.1 429 Too Many Requests"
2026-09-14 21:58:02,901 ERROR judge job failed after retries: API request failed after retries: retryable HTTP 429: {"error":{"code":"model_cooldown","message":"All credentials for model gemini-3.7-flash-high are cooling down via provider antigravity","model":"gemini-3.7-flash-high","provider":"antigravity","reset_
2026-09-14 21:58:03,028 INFO HTTP Request: POST https://vps.lpzproxy.xyz/v1/chat/completions "HTTP/1.1 429 Too Many Requests"
2026-09-14 21:58:03,039 INFO HTTP Request: POST https://vps.lpzproxy.xyz/v1/chat/completions "HTTP/1.1 429 Too Many Requests"
2026-09-14 21:58:03,045 INFO HTTP Request: POST https://vps.lpzproxy.xyz/v1/chat/completions "HTTP/1.1 429 Too Many Requests"
2026-09-14 21:58:03,046 ERROR judge job failed after retries: API request failed after retries: retryable HTTP 429: {"error":{"code":"model_cooldown","message":"All credentials for model gemini-3.7-flash-high are cooling down via provider antigravity","model":"gemini-3.7-flash-high","provider":"antigravity","reset_
2026-09-14 21:58:03,073 INFO HTTP Request: POST https://vps.lpzproxy.xyz/v1/chat/completions "HTTP/1.1 429 Too Many Requests"
2026-09-14 21:58:03,174 INFO HTTP Request: POST https://vps.lpzproxy.xyz/v1/chat/completions "HTTP/1.1 429 Too Many Requests"
2026-09-14 21:58:03,334 INFO HTTP Request: POST https://vps.lpzproxy.xyz/v1/chat/completions "HTTP/1.1 429 Too Many Requests"
2026-09-14 21:58:03,335 ERROR judge job failed after retries: API request failed after retries: retryable HTTP 429: {"error":{"code":"model_cooldown","message":"All credentials for model gemini-3.7-flash-high are cooling down via provider antigravity","model":"gemini-3.7-flash-high","provider":"antigravity","reset_
2026-09-14 21:58:03,438 INFO HTTP Request: POST https://vps.lpzproxy.xyz/v1/chat/completions "HTTP/1.1 429 Too Many Requests"
2026-09-14 21:58:03,594 INFO HTTP Request: POST https://vps.lpzproxy.xyz/v1/chat/completions "HTTP/1.1 429 Too Many Requests"
2026-09-14 21:58:03,594 ERROR judge job failed after retries: API request failed after retries: retryable HTTP 429: {"error":{"code":"model_cooldown","message":"All credentials for model gemini-3.7-flash-high are cooling down via provider antigravity","model":"gemini-3.7-flash-high","provider":"antigravity","reset_
2026-09-14 21:58:03,607 INFO HTTP Request: POST https://vps.lpzproxy.xyz/v1/chat/completions "HTTP/1.1 429 Too Many Requests"
2026-09-14 21:58:03,608 ERROR judge job failed after retries: API request failed after retries: retryable HTTP 429: {"error":{"code":"model_cooldown","message":"All credentials for model gemini-3.7-flash-high are cooling down via provider antigravity","model":"gemini-3.7-flash-high","provider":"antigravity","reset_
2026-09-14 21:58:03,641 INFO HTTP Request: POST https://vps.lpzproxy.xyz/v1/chat/completions "HTTP/1.1 429 Too Many Requests"
2026-09-14 21:58:03,653 INFO HTTP Request: POST https://vps.lpzproxy.xyz/v1/chat/completions "HTTP/1.1 429 Too Many Requests"
2026-09-14 21:58:03,729 INFO HTTP Request: POST https://vps.lpzproxy.xyz/v1/chat/completions "HTTP/1.1 429 Too Many Requests"
2026-09-14 21:58:03,730 ERROR judge job failed after retries: API request failed after retries: retryable HTTP 429: {"error":{"code":"model_cooldown","message":"All credentials for model gemini-3.7-flash-high are cooling down via provider antigravity","model":"gemini-3.7-flash-high","provider":"antigravity","reset_
2026-09-14 21:58:03,739 INFO HTTP Request: POST https://vps.lpzproxy.xyz/v1/chat/completions "HTTP/1.1 429 Too Many Requests"
2026-09-14 21:58:03,798 INFO HTTP Request: POST https://vps.lpzproxy.xyz/v1/chat/completions "HTTP/1.1 429 Too Many Requests"
2026-09-14 21:58:03,798 ERROR judge job failed after retries: API request failed after retries: retryable HTTP 429: {"error":{"code":"model_cooldown","message":"All credentials for model gemini-3.7-flash-high are cooling down via provider antigravity","model":"gemini-3.7-flash-high","provider":"antigravity","reset_
2026-09-14 21:58:03,815 INFO HTTP Request: POST https://vps.lpzproxy.xyz/v1/chat/completions "HTTP/1.1 429 Too Many Requests"
2026-09-14 21:58:04,020 INFO HTTP Request: POST https://vps.lpzproxy.xyz/v1/chat/completions "HTTP/1.1 429 Too Many Requests"
2026-09-14 21:58:04,049 INFO HTTP Request: POST https://vps.lpzproxy.xyz/v1/chat/completions "HTTP/1.1 429 Too Many Requests"
2026-09-14 21:58:04,391 INFO HTTP Request: POST https://vps.lpzproxy.xyz/v1/chat/completions "HTTP/1.1 429 Too Many Requests"
2026-09-14 21:58:04,393 INFO HTTP Request: POST https://vps.lpzproxy.xyz/v1/chat/completions "HTTP/1.1 429 Too Many Requests"
2026-09-14 21:58:04,463 INFO HTTP Request: POST https://vps.lpzproxy.xyz/v1/chat/completions "HTTP/1.1 429 Too Many Requests"
2026-09-14 21:58:04,531 INFO HTTP Request: POST https://vps.lpzproxy.xyz/v1/chat/completions "HTTP/1.1 429 Too Many Requests"
2026-09-14 21:58:04,537 INFO HTTP Request: POST https://vps.lpzproxy.xyz/v1/chat/completions "HTTP/1.1 429 Too Many Requests"
2026-09-14 21:58:04,538 ERROR judge job failed after retries: API request failed after retries: retryable HTTP 429: {"error":{"code":"model_cooldown","message":"All credentials for model gemini-3.7-flash-high are cooling down via provider antigravity","model":"gemini-3.7-flash-high","provider":"antigravity","reset_
2026-09-14 21:58:04,597 INFO HTTP Request: POST https://vps.lpzproxy.xyz/v1/chat/completions "HTTP/1.1 429 Too Many Requests"
2026-09-14 21:58:04,597 ERROR judge job failed after retries: API request failed after retries: retryable HTTP 429: {"error":{"code":"model_cooldown","message":"All credentials for model gemini-3.7-flash-high are cooling down via provider antigravity","model":"gemini-3.7-flash-high","provider":"antigravity","reset_
2026-09-14 21:58:04,674 INFO HTTP Request: POST https://vps.lpzproxy.xyz/v1/chat/completions "HTTP/1.1 429 Too Many Requests"
2026-09-14 21:58:04,740 INFO HTTP Request: POST https://vps.lpzproxy.xyz/v1/chat/completions "HTTP/1.1 429 Too Many Requests"
2026-09-14 21:58:04,777 INFO HTTP Request: POST https://vps.lpzproxy.xyz/v1/chat/completions "HTTP/1.1 429 Too Many Requests"
2026-09-14 21:58:04,778 ERROR judge job failed after retries: API request failed after retries: retryable HTTP 429: {"error":{"code":"model_cooldown","message":"All credentials for model gemini-3.7-flash-high are cooling down via provider antigravity","model":"gemini-3.7-flash-high","provider":"antigravity","reset_
2026-09-14 21:58:05,099 INFO HTTP Request: POST https://vps.lpzproxy.xyz/v1/chat/completions "HTTP/1.1 429 Too Many Requests"
2026-09-14 21:58:05,100 ERROR judge job failed after retries: API request failed after retries: retryable HTTP 429: {"error":{"code":"model_cooldown","message":"All credentials for model gemini-3.7-flash-high are cooling down via provider antigravity","model":"gemini-3.7-flash-high","provider":"antigravity","reset_
2026-09-14 21:58:05,117 INFO HTTP Request: POST https://vps.lpzproxy.xyz/v1/chat/completions "HTTP/1.1 429 Too Many Requests"
2026-09-14 21:58:05,490 INFO HTTP Request: POST https://vps.lpzproxy.xyz/v1/chat/completions "HTTP/1.1 429 Too Many Requests"
2026-09-14 21:58:05,659 INFO HTTP Request: POST https://vps.lpzproxy.xyz/v1/chat/completions "HTTP/1.1 429 Too Many Requests"
2026-09-14 21:58:05,886 INFO HTTP Request: POST https://vps.lpzproxy.xyz/v1/chat/completions "HTTP/1.1 429 Too Many Requests"
2026-09-14 21:58:05,939 INFO HTTP Request: POST https://vps.lpzproxy.xyz/v1/chat/completions "HTTP/1.1 429 Too Many Requests"
2026-09-14 21:58:06,222 INFO HTTP Request: POST https://vps.lpzproxy.xyz/v1/chat/completions "HTTP/1.1 429 Too Many Requests"
2026-09-14 21:58:06,318 INFO HTTP Request: POST https://vps.lpzproxy.xyz/v1/chat/completions "HTTP/1.1 429 Too Many Requests"
2026-09-14 21:58:06,863 INFO HTTP Request: POST https://vps.lpzproxy.xyz/v1/chat/completions "HTTP/1.1 429 Too Many Requests"
2026-09-14 21:58:06,864 INFO HTTP Request: POST https://vps.lpzproxy.xyz/v1/chat/completions "HTTP/1.1 429 Too Many Requests"
2026-09-14 21:58:06,864 ERROR judge job failed after retries: API request failed after retries: retryable HTTP 429: {"error":{"code":"model_cooldown","message":"All credentials for model gemini-3.7-flash-high are cooling down via provider antigravity","model":"gemini-3.7-flash-high","provider":"antigravity","reset_
2026-09-14 21:58:06,866 INFO HTTP Request: POST https://vps.lpzproxy.xyz/v1/chat/completions "HTTP/1.1 429 Too Many Requests"
2026-09-14 21:58:06,873 INFO HTTP Request: POST https://vps.lpzproxy.xyz/v1/chat/completions "HTTP/1.1 429 Too Many Requests"
2026-09-14 21:58:06,888 INFO HTTP Request: POST https://vps.lpzproxy.xyz/v1/chat/completions "HTTP/1.1 429 Too Many Requests"
2026-09-14 21:58:06,915 INFO HTTP Request: POST https://vps.lpzproxy.xyz/v1/chat/completions "HTTP/1.1 429 Too Many Requests"
2026-09-14 21:58:07,379 INFO HTTP Request: POST https://vps.lpzproxy.xyz/v1/chat/completions "HTTP/1.1 429 Too Many Requests"
2026-09-14 21:58:07,519 INFO HTTP Request: POST https://vps.lpzproxy.xyz/v1/chat/completions "HTTP/1.1 429 Too Many Requests"
2026-09-14 21:58:07,519 ERROR judge job failed after retries: API request failed after retries: retryable HTTP 429: {"error":{"code":"model_cooldown","message":"All credentials for model gemini-3.7-flash-high are cooling down via provider antigravity","model":"gemini-3.7-flash-high","provider":"antigravity","reset_
2026-09-14 21:58:07,878 INFO HTTP Request: POST https://vps.lpzproxy.xyz/v1/chat/completions "HTTP/1.1 429 Too Many Requests"
2026-09-14 21:58:07,903 INFO HTTP Request: POST https://vps.lpzproxy.xyz/v1/chat/completions "HTTP/1.1 429 Too Many Requests"
2026-09-14 21:58:08,971 INFO HTTP Request: POST https://vps.lpzproxy.xyz/v1/chat/completions "HTTP/1.1 429 Too Many Requests"
2026-09-14 21:58:09,405 INFO HTTP Request: POST https://vps.lpzproxy.xyz/v1/chat/completions "HTTP/1.1 429 Too Many Requests"
2026-09-14 21:58:09,955 INFO HTTP Request: POST https://vps.lpzproxy.xyz/v1/chat/completions "HTTP/1.1 429 Too Many Requests"
2026-09-14 21:58:10,210 INFO HTTP Request: POST https://vps.lpzproxy.xyz/v1/chat/completions "HTTP/1.1 429 Too Many Requests"
2026-09-14 21:58:10,213 INFO HTTP Request: POST https://vps.lpzproxy.xyz/v1/chat/completions "HTTP/1.1 429 Too Many Requests"
2026-09-14 21:58:10,222 INFO HTTP Request: POST https://vps.lpzproxy.xyz/v1/chat/completions "HTTP/1.1 429 Too Many Requests"
2026-09-14 21:58:10,455 INFO HTTP Request: POST https://vps.lpzproxy.xyz/v1/chat/completions "HTTP/1.1 429 Too Many Requests"
2026-09-14 21:58:10,639 INFO HTTP Request: POST https://vps.lpzproxy.xyz/v1/chat/completions "HTTP/1.1 429 Too Many Requests"
2026-09-14 21:58:11,234 INFO HTTP Request: POST https://vps.lpzproxy.xyz/v1/chat/completions "HTTP/1.1 429 Too Many Requests"
2026-09-14 21:58:11,475 INFO HTTP Request: POST https://vps.lpzproxy.xyz/v1/chat/completions "HTTP/1.1 429 Too Many Requests"
2026-09-14 21:58:11,475 INFO HTTP Request: POST https://vps.lpzproxy.xyz/v1/chat/completions "HTTP/1.1 429 Too Many Requests"
2026-09-14 21:58:11,494 INFO HTTP Request: POST https://vps.lpzproxy.xyz/v1/chat/completions "HTTP/1.1 429 Too Many Requests"
2026-09-14 21:58:11,581 INFO HTTP Request: POST https://vps.lpzproxy.xyz/v1/chat/completions "HTTP/1.1 429 Too Many Requests"
2026-09-14 21:58:11,583 INFO HTTP Request: POST https://vps.lpzproxy.xyz/v1/chat/completions "HTTP/1.1 429 Too Many Requests"
2026-09-14 21:58:11,697 INFO HTTP Request: POST https://vps.lpzproxy.xyz/v1/chat/completions "HTTP/1.1 429 Too Many Requests"
2026-09-14 21:58:11,808 INFO HTTP Request: POST https://vps.lpzproxy.xyz/v1/chat/completions "HTTP/1.1 429 Too Many Requests"
2026-09-14 21:58:12,001 INFO HTTP Request: POST https://vps.lpzproxy.xyz/v1/chat/completions "HTTP/1.1 429 Too Many Requests"
2026-09-14 21:58:13,404 INFO HTTP Request: POST https://vps.lpzproxy.xyz/v1/chat/completions "HTTP/1.1 429 Too Many Requests"
2026-09-14 21:58:13,406 INFO HTTP Request: POST https://vps.lpzproxy.xyz/v1/chat/completions "HTTP/1.1 429 Too Many Requests"
2026-09-14 21:58:18,704 INFO HTTP Request: POST https://vps.lpzproxy.xyz/v1/chat/completions "HTTP/1.1 429 Too Many Requests"
2026-09-14 21:58:18,706 ERROR judge job failed after retries: API request failed after retries: retryable HTTP 429: {"error":{"code":"model_cooldown","message":"All credentials for model gemini-3.7-flash-high are cooling down via provider antigravity","model":"gemini-3.7-flash-high","provider":"antigravity","reset_
2026-09-14 21:58:18,938 INFO HTTP Request: POST https://vps.lpzproxy.xyz/v1/chat/completions "HTTP/1.1 429 Too Many Requests"
2026-09-14 21:58:18,939 ERROR judge job failed after retries: API request failed after retries: retryable HTTP 429: {"error":{"code":"model_cooldown","message":"All credentials for model gemini-3.7-flash-high are cooling down via provider antigravity","model":"gemini-3.7-flash-high","provider":"antigravity","reset_
2026-09-14 21:58:19,652 INFO HTTP Request: POST https://vps.lpzproxy.xyz/v1/chat/completions "HTTP/1.1 429 Too Many Requests"
2026-09-14 21:58:19,653 ERROR judge job failed after retries: API request failed after retries: retryable HTTP 429: {"error":{"code":"model_cooldown","message":"All credentials for model gemini-3.7-flash-high are cooling down via provider antigravity","model":"gemini-3.7-flash-high","provider":"antigravity","reset_
2026-09-14 21:58:19,824 INFO HTTP Request: POST https://vps.lpzproxy.xyz/v1/chat/completions "HTTP/1.1 429 Too Many Requests"
2026-09-14 21:58:19,824 ERROR judge job failed after retries: API request failed after retries: retryable HTTP 429: {"error":{"code":"model_cooldown","message":"All credentials for model gemini-3.7-flash-high are cooling down via provider antigravity","model":"gemini-3.7-flash-high","provider":"antigravity","reset_
2026-09-14 21:58:20,179 INFO HTTP Request: POST https://vps.lpzproxy.xyz/v1/chat/completions "HTTP/1.1 429 Too Many Requests"
2026-09-14 21:58:20,179 ERROR judge job failed after retries: API request failed after retries: retryable HTTP 429: {"error":{"code":"model_cooldown","message":"All credentials for model gemini-3.7-flash-high are cooling down via provider antigravity","model":"gemini-3.7-flash-high","provider":"antigravity","reset_
2026-09-14 21:58:20,473 INFO HTTP Request: POST https://vps.lpzproxy.xyz/v1/chat/completions "HTTP/1.1 429 Too Many Requests"
2026-09-14 21:58:20,474 ERROR judge job failed after retries: API request failed after retries: retryable HTTP 429: {"error":{"code":"model_cooldown","message":"All credentials for model gemini-3.7-flash-high are cooling down via provider antigravity","model":"gemini-3.7-flash-high","provider":"antigravity","reset_
2026-09-14 21:58:20,534 INFO HTTP Request: POST https://vps.lpzproxy.xyz/v1/chat/completions "HTTP/1.1 429 Too Many Requests"
2026-09-14 21:58:20,534 ERROR judge job failed after retries: API request failed after retries: retryable HTTP 429: {"error":{"code":"model_cooldown","message":"All credentials for model gemini-3.7-flash-high are cooling down via provider antigravity","model":"gemini-3.7-flash-high","provider":"antigravity","reset_
2026-09-14 21:58:20,584 INFO HTTP Request: POST https://vps.lpzproxy.xyz/v1/chat/completions "HTTP/1.1 429 Too Many Requests"
2026-09-14 21:58:20,585 ERROR judge job failed after retries: API request failed after retries: retryable HTTP 429: {"error":{"code":"model_cooldown","message":"All credentials for model gemini-3.7-flash-high are cooling down via provider antigravity","model":"gemini-3.7-flash-high","provider":"antigravity","reset_
2026-09-14 21:58:21,097 INFO HTTP Request: POST https://vps.lpzproxy.xyz/v1/chat/completions "HTTP/1.1 429 Too Many Requests"
2026-09-14 21:58:21,097 ERROR judge job failed after retries: API request failed after retries: retryable HTTP 429: {"error":{"code":"model_cooldown","message":"All credentials for model gemini-3.7-flash-high are cooling down via provider antigravity","model":"gemini-3.7-flash-high","provider":"antigravity","reset_
2026-09-14 21:58:21,197 INFO HTTP Request: POST https://vps.lpzproxy.xyz/v1/chat/completions "HTTP/1.1 429 Too Many Requests"
2026-09-14 21:58:21,197 ERROR judge job failed after retries: API request failed after retries: retryable HTTP 429: {"error":{"code":"model_cooldown","message":"All credentials for model gemini-3.7-flash-high are cooling down via provider antigravity","model":"gemini-3.7-flash-high","provider":"antigravity","reset_
2026-09-14 21:58:21,217 INFO HTTP Request: POST https://vps.lpzproxy.xyz/v1/chat/completions "HTTP/1.1 429 Too Many Requests"
2026-09-14 21:58:21,218 ERROR judge job failed after retries: API request failed after retries: retryable HTTP 429: {"error":{"code":"model_cooldown","message":"All credentials for model gemini-3.7-flash-high are cooling down via provider antigravity","model":"gemini-3.7-flash-high","provider":"antigravity","reset_
2026-09-14 21:58:21,266 INFO HTTP Request: POST https://vps.lpzproxy.xyz/v1/chat/completions "HTTP/1.1 429 Too Many Requests"
2026-09-14 21:58:21,266 ERROR judge job failed after retries: API request failed after retries: retryable HTTP 429: {"error":{"code":"model_cooldown","message":"All credentials for model gemini-3.7-flash-high are cooling down via provider antigravity","model":"gemini-3.7-flash-high","provider":"antigravity","reset_
2026-09-14 21:58:21,273 INFO HTTP Request: POST https://vps.lpzproxy.xyz/v1/chat/completions "HTTP/1.1 429 Too Many Requests"
2026-09-14 21:58:21,274 ERROR judge job failed after retries: API request failed after retries: retryable HTTP 429: {"error":{"code":"model_cooldown","message":"All credentials for model gemini-3.7-flash-high are cooling down via provider antigravity","model":"gemini-3.7-flash-high","provider":"antigravity","reset_
2026-09-14 21:58:21,338 INFO HTTP Request: POST https://vps.lpzproxy.xyz/v1/chat/completions "HTTP/1.1 429 Too Many Requests"
2026-09-14 21:58:21,339 ERROR judge job failed after retries: API request failed after retries: retryable HTTP 429: {"error":{"code":"model_cooldown","message":"All credentials for model gemini-3.7-flash-high are cooling down via provider antigravity","model":"gemini-3.7-flash-high","provider":"antigravity","reset_
2026-09-14 21:58:21,409 INFO HTTP Request: POST https://vps.lpzproxy.xyz/v1/chat/completions "HTTP/1.1 429 Too Many Requests"
2026-09-14 21:58:21,410 ERROR judge job failed after retries: API request failed after retries: retryable HTTP 429: {"error":{"code":"model_cooldown","message":"All credentials for model gemini-3.7-flash-high are cooling down via provider antigravity","model":"gemini-3.7-flash-high","provider":"antigravity","reset_
2026-09-14 21:58:21,665 INFO HTTP Request: POST https://vps.lpzproxy.xyz/v1/chat/completions "HTTP/1.1 429 Too Many Requests"
2026-09-14 21:58:21,666 ERROR judge job failed after retries: API request failed after retries: retryable HTTP 429: {"error":{"code":"model_cooldown","message":"All credentials for model gemini-3.7-flash-high are cooling down via provider antigravity","model":"gemini-3.7-flash-high","provider":"antigravity","reset_
2026-09-14 21:58:21,782 INFO HTTP Request: POST https://vps.lpzproxy.xyz/v1/chat/completions "HTTP/1.1 429 Too Many Requests"
2026-09-14 21:58:21,783 ERROR judge job failed after retries: API request failed after retries: retryable HTTP 429: {"error":{"code":"model_cooldown","message":"All credentials for model gemini-3.7-flash-high are cooling down via provider antigravity","model":"gemini-3.7-flash-high","provider":"antigravity","reset_
2026-09-14 21:58:23,219 INFO HTTP Request: POST https://vps.lpzproxy.xyz/v1/chat/completions "HTTP/1.1 429 Too Many Requests"
2026-09-14 21:58:23,220 ERROR judge job failed after retries: API request failed after retries: retryable HTTP 429: {"error":{"code":"model_cooldown","message":"All credentials for model gemini-3.7-flash-high are cooling down via provider antigravity","model":"gemini-3.7-flash-high","provider":"antigravity","reset_
2026-09-14 21:58:23,734 INFO HTTP Request: POST https://vps.lpzproxy.xyz/v1/chat/completions "HTTP/1.1 429 Too Many Requests"
2026-09-14 21:58:23,735 ERROR judge job failed after retries: API request failed after retries: retryable HTTP 429: {"error":{"code":"model_cooldown","message":"All credentials for model gemini-3.7-flash-high are cooling down via provider antigravity","model":"gemini-3.7-flash-high","provider":"antigravity","reset_
  targets=100  samples=3 votes=3  temp=0.3
  E0=736 tok  E_star=755 tok
  generator=gemini-3.8-flash-high  judge=gemini-3.7-flash-high
  preflight OK

  E* vs E0 (3.8 生成, round1 原 target): net=-0.750 CI=[-1.000,-0.250]  pairs=5  规则判决=5
  round1 参照: +0.140 (gemini judge) / +0.130 (luna judge)
